archive_port,group,pv_name,category
4812,LBE2-CF11,LBE2-CF11-FAST:IMesCret,Vacuum
4812,LBE2-CF11,LBE2-CF11:IMes,Vacuum
4812,LBE2-CF12,LBE2-CF12-FAST:IMesCret,Vacuum
4812,LBE2-CF12,LBE2-CF12-SURV:IMeanHardMes,Vacuum
4812,LBE2-CF12,LBE2-CF12:IMes,Vacuum
4812,LBE2-D11,LBE2-D11:Pwr,"Injector/source beamline (misc: solenoids, quads, diags)"
4812,LBE2-D11,LBE2-D11-HALL:BMesCret,"Injector/source beamline (misc: solenoids, quads, diags)"
4812,LBE2-D11,LBE2-D11-HALL:BMesMoy,"Injector/source beamline (misc: solenoids, quads, diags)"
4812,LBE2-D11,LBE2-D11:IAct,"Injector/source beamline (misc: solenoids, quads, diags)"
4812,LBE2-D11,LBE2-D11:Pwr,"Injector/source beamline (misc: solenoids, quads, diags)"
4812,LBE2-SD,SD-ADAPTEUR:XMes,"Injector/source beamline (misc: solenoids, quads, diags)"
4812,LBE2-SD,SD-ADAPTEUR:YMes,"Injector/source beamline (misc: solenoids, quads, diags)"
4812,LBE2-SD,SD-DEBIMETR:Deb1Mes,"Injector/source beamline (misc: solenoids, quads, diags)"
4812,LBE2-SD,SD-DEBIMETR:Deb2Mes,"Injector/source beamline (misc: solenoids, quads, diags)"
4812,LBE2-SD,SD-GENEPULSE:Mode,"Injector/source beamline (misc: solenoids, quads, diags)"
4812,LBE2-SD,SD-GENEPULSE:OffsCons,"Injector/source beamline (misc: solenoids, quads, diags)"
4812,LBE2-SD,SD-GENEPULSE:PCons,"Injector/source beamline (misc: solenoids, quads, diags)"
4812,LBE2-SD,SD-GENEPULSE:PerCons,"Injector/source beamline (misc: solenoids, quads, diags)"
4812,LBE2-SD,SD-GENEPULSE:WidthCons,"Injector/source beamline (misc: solenoids, quads, diags)"
4812,LBE2-SD,SD-MAGTRON:PIncMes,"Injector/source beamline (misc: solenoids, quads, diags)"
4812,LBE2-SD,SD-MAGTRON:PRefMes,"Injector/source beamline (misc: solenoids, quads, diags)"
4812,LBE2-SOL11,LBE2-SOL11:Pwr,"Injector/source beamline (misc: solenoids, quads, diags)"
4812,LBE2-SOL11,LBE2-SOL11:IAct,"Injector/source beamline (misc: solenoids, quads, diags)"
4812,LBE2-SOL11,LBE2-SOL11:Pwr,"Injector/source beamline (misc: solenoids, quads, diags)"
4812,LBE2-SOL12,LBE2-SOL12:Pwr,"Injector/source beamline (misc: solenoids, quads, diags)"
4812,LBE2-SOL12,LBE2-SOL12:IAct,"Injector/source beamline (misc: solenoids, quads, diags)"
4812,LBE2-SOL12,LBE2-SOL12:Pwr,"Injector/source beamline (misc: solenoids, quads, diags)"
4812,LBE2-TURBO,LBE2-EV1-GT11:Pwd,Vacuum
4812,LBE2-TURBO,LBE2-EV1-GT11:Temp,Vacuum
4812,LBE2-TURBO,LBE2-EV1-GT12:Pwd,Vacuum
4812,LBE2-TURBO,LBE2-EV1-GT12:Temp,Vacuum
4812,LBE2-TURBO,LBE2-EV1-GT13:Pwd,Vacuum
4812,LBE2-TURBO,LBE2-EV1-GT13:Temp,Vacuum
4812,LBE2-TURBO,LBE2-EV2-GT21:Pwd,Vacuum
4812,LBE2-TURBO,LBE2-EV2-GT21:Temp,Vacuum
4812,LBE2-TURBO,LBE2-EV3-GT34:Pwd,Vacuum
4812,LBE2-TURBO,LBE2-EV3-GT34:Temp,Vacuum
4812,LBE2-VIDE,LBE2-EV1-VA:State,Vacuum
4812,LBE2-VIDE,LBE2-EV1-VI:State,Vacuum
4812,LBE2-VIDE,LBE2-EV1-VP:State,Vacuum
4812,LBE2-VIDE,LBE2-EV1:JP1Mes,Vacuum
4812,LBE2-VIDE,LBE2-EV1:JS1Mes,Vacuum
4812,LBE2-VIDE,LBE2-EV2-VA:State,Vacuum
4812,LBE2-VIDE,LBE2-EV2-VI:State,Vacuum
4812,LBE2-VIDE,LBE2-EV2-VP:State,Vacuum
4812,LBE2-VIDE,LBE2-EV2:JP1Mes,Vacuum
4812,LBE2-VIDE,LBE2-EV2:JP2Mes,Vacuum
4812,LBE2-VIDE,LBE2-EV2:JS1Mes,Vacuum
4812,LBE2-VIDE,LBE2-EV2:JS2Mes,Vacuum
4812,SD-HT,SD-HT:Pwr,Source HV power supply
4812,SD-HT,SD-HT:IMes,Source HV power supply
4812,SD-HT,SD-HT:Pwr,Source HV power supply
4812,SD-HT,SD-HT:VAct,Source HV power supply
4812,SD-HT,SD-HT:VConsLect,Source HV power supply
4812,SD-HT-EI,SD-HT-EI:Pwr,Source HV power supply
4812,SD-HT-EI,SD-HT-EI:IMes,Source HV power supply
4812,SD-HT-EI,SD-HT-EI:Pwr,Source HV power supply
4812,SD-HT-EI,SD-HT-EI:VAct,Source HV power supply
4812,SD-HT-EI,SD-HT-EI:VConsLect,Source HV power supply
4812,SD-HT-RE,SD-HT-RE:Pwr,Source HV power supply
4812,SD-HT-RE,SD-HT-RE:IMes,Source HV power supply
4812,SD-HT-RE,SD-HT-RE:Pwr,Source HV power supply
4812,SD-HT-RE,SD-HT-RE:VAct,Source HV power supply
4812,SD-HT-RE,SD-HT-RE:VConsLect,Source HV power supply
4812,VXSTAT,iocVMELB2:caChannels,Vacuum station status
4812,VXSTAT,iocVMELB2:caClients,Vacuum station status
4812,VXSTAT,iocVMELB2:caLinksDiscon,Vacuum station status
4812,VXSTAT,iocVMELB2:cpuUsedPercent,Vacuum station status
4812,VXSTAT,iocVMELB2:fdUsedPercent,Vacuum station status
4812,VXSTAT,iocVMELB2:memoryUsedPercent,Vacuum station status
4813,LBEC-DC31-HO,LBEC-DC31-HO:Pwr,"Injector/source beamline (misc: solenoids, quads, diags)"
4813,LBEC-DC31-HO,LBEC-DC31-HO:IAct,"Injector/source beamline (misc: solenoids, quads, diags)"
4813,LBEC-DC31-HO,LBEC-DC31-HO:Pwr,"Injector/source beamline (misc: solenoids, quads, diags)"
4813,LBEC-DC32-VE,LBEC-DC32-VE:Pwr,"Injector/source beamline (misc: solenoids, quads, diags)"
4813,LBEC-DC32-VE,LBEC-DC32-VE:IAct,"Injector/source beamline (misc: solenoids, quads, diags)"
4813,LBEC-DC32-VE,LBEC-DC32-VE:Pwr,"Injector/source beamline (misc: solenoids, quads, diags)"
4813,LBEC-DC33-HO,LBEC-DC33-HO:Pwr,"Injector/source beamline (misc: solenoids, quads, diags)"
4813,LBEC-DC33-HO,LBEC-DC33-HO:IAct,"Injector/source beamline (misc: solenoids, quads, diags)"
4813,LBEC-DC33-HO,LBEC-DC33-HO:Pwr,"Injector/source beamline (misc: solenoids, quads, diags)"
4813,LBEC-DC34-VE,LBEC-DC34-VE:Pwr,"Injector/source beamline (misc: solenoids, quads, diags)"
4813,LBEC-DC34-VE,LBEC-DC34-VE:IAct,"Injector/source beamline (misc: solenoids, quads, diags)"
4813,LBEC-DC34-VE,LBEC-DC34-VE:Pwr,"Injector/source beamline (misc: solenoids, quads, diags)"
4813,LBEC-DIAGS,LBEC-CF34-FAST:IMesCret,"Injector/source beamline (misc: solenoids, quads, diags)"
4813,LBEC-DIAGS,LBEC-CF34-SURV:IMeanHardMes,"Injector/source beamline (misc: solenoids, quads, diags)"
4813,LBEC-DIAGS,LBEC-CF34:IMes,"Injector/source beamline (misc: solenoids, quads, diags)"
4813,LBEC-DIAGS,LBEC-DCCT31-FAST:IMesCret,"Injector/source beamline (misc: solenoids, quads, diags)"
4813,LBEC-DIAGS,LBEC-DCCT31-SURV:ICptHard1Mes,"Injector/source beamline (misc: solenoids, quads, diags)"
4813,LBEC-DIAGS,LBEC-DCCT31:IMes,"Injector/source beamline (misc: solenoids, quads, diags)"
4813,LBEC-Q31,LBEC-Q31:Pwr,"Injector/source beamline (misc: solenoids, quads, diags)"
4813,LBEC-Q31,LBEC-Q31:IAct,"Injector/source beamline (misc: solenoids, quads, diags)"
4813,LBEC-Q31,LBEC-Q31:Pwr,"Injector/source beamline (misc: solenoids, quads, diags)"
4813,LBEC-Q32,LBEC-Q32:Pwr,"Injector/source beamline (misc: solenoids, quads, diags)"
4813,LBEC-Q32,LBEC-Q32:IAct,"Injector/source beamline (misc: solenoids, quads, diags)"
4813,LBEC-Q32,LBEC-Q32:Pwr,"Injector/source beamline (misc: solenoids, quads, diags)"
4813,LBEC-Q33,LBEC-Q33:Pwr,"Injector/source beamline (misc: solenoids, quads, diags)"
4813,LBEC-Q33,LBEC-Q33:IAct,"Injector/source beamline (misc: solenoids, quads, diags)"
4813,LBEC-Q33,LBEC-Q33:Pwr,"Injector/source beamline (misc: solenoids, quads, diags)"
4813,LBEC-Q34,LBEC-Q34:Pwr,"Injector/source beamline (misc: solenoids, quads, diags)"
4813,LBEC-Q34,LBEC-Q34:IAct,"Injector/source beamline (misc: solenoids, quads, diags)"
4813,LBEC-Q34,LBEC-Q34:Pwr,"Injector/source beamline (misc: solenoids, quads, diags)"
4813,LBEC-SOL31,LBEC-SOL31:Pwr,"Injector/source beamline (misc: solenoids, quads, diags)"
4813,LBEC-SOL31,LBEC-SOL31:IAct,"Injector/source beamline (misc: solenoids, quads, diags)"
4813,LBEC-SOL31,LBEC-SOL31:Pwr,"Injector/source beamline (misc: solenoids, quads, diags)"
4813,LBEC-SOL32,LBEC-SOL32:Pwr,"Injector/source beamline (misc: solenoids, quads, diags)"
4813,LBEC-SOL32,LBEC-SOL32:IAct,"Injector/source beamline (misc: solenoids, quads, diags)"
4813,LBEC-SOL32,LBEC-SOL32:Pwr,"Injector/source beamline (misc: solenoids, quads, diags)"
4813,LBEC-VIDE,LBEC-EV3-VA:State,Vacuum
4813,LBEC-VIDE,LBEC-EV3-VI:State,Vacuum
4813,LBEC-VIDE,LBEC-EV3-VP:State,Vacuum
4813,LBEC-VIDE,LBEC-EV3:JP1Mes,Vacuum
4813,LBEC-VIDE,LBEC-EV3:JP2Mes,Vacuum
4813,LBEC-VIDE,LBEC-EV3:JS1Mes,Vacuum
4813,LBEC-VIDE,LBEC-EV3:JS2Mes,Vacuum
4813,VXSTAT,iocVMELBC:caChannels,Vacuum station status
4813,VXSTAT,iocVMELBC:caClients,Vacuum station status
4813,VXSTAT,iocVMELBC:caLinksDiscon,Vacuum station status
4813,VXSTAT,iocVMELBC:cpuUsedPercent,Vacuum station status
4813,VXSTAT,iocVMELBC:fdUsedPercent,Vacuum station status
4813,VXSTAT,iocVMELBC:memoryUsedPercent,Vacuum station status
4814,Alimentations,LBE1-D11:IAct,"Injector/source beamline (misc: solenoids, quads, diags)"
4814,Alimentations,LBE1-D11:ICons,"Injector/source beamline (misc: solenoids, quads, diags)"
4814,Alimentations,LBE1-D11:IRampAct,"Injector/source beamline (misc: solenoids, quads, diags)"
4814,Alimentations,LBE1-D11:IRampCons,"Injector/source beamline (misc: solenoids, quads, diags)"
4814,Alimentations,LBE1-DC11-HO:IAct,"Injector/source beamline (misc: solenoids, quads, diags)"
4814,Alimentations,LBE1-DC11-HO:ICons,"Injector/source beamline (misc: solenoids, quads, diags)"
4814,Alimentations,LBE1-DC11-HO:IRampAct,"Injector/source beamline (misc: solenoids, quads, diags)"
4814,Alimentations,LBE1-DC11-HO:IRampCons,"Injector/source beamline (misc: solenoids, quads, diags)"
4814,Alimentations,LBE1-DC12-VE:IAct,"Injector/source beamline (misc: solenoids, quads, diags)"
4814,Alimentations,LBE1-DC12-VE:ICons,"Injector/source beamline (misc: solenoids, quads, diags)"
4814,Alimentations,LBE1-DC12-VE:IRampAct,"Injector/source beamline (misc: solenoids, quads, diags)"
4814,Alimentations,LBE1-DC12-VE:IRampCons,"Injector/source beamline (misc: solenoids, quads, diags)"
4814,Alimentations,LBE1-DC13-HO:IAct,"Injector/source beamline (misc: solenoids, quads, diags)"
4814,Alimentations,LBE1-DC13-HO:ICons,"Injector/source beamline (misc: solenoids, quads, diags)"
4814,Alimentations,LBE1-DC13-HO:IRampAct,"Injector/source beamline (misc: solenoids, quads, diags)"
4814,Alimentations,LBE1-DC13-HO:IRampCons,"Injector/source beamline (misc: solenoids, quads, diags)"
4814,Alimentations,LBE1-DC16-VE:IAct,"Injector/source beamline (misc: solenoids, quads, diags)"
4814,Alimentations,LBE1-DC16-VE:ICons,"Injector/source beamline (misc: solenoids, quads, diags)"
4814,Alimentations,LBE1-DC16-VE:Pwr,"Injector/source beamline (misc: solenoids, quads, diags)"
4814,Alimentations,LBE1-HX11:IAct,"Injector/source beamline (misc: solenoids, quads, diags)"
4814,Alimentations,LBE1-HX11:ICons,"Injector/source beamline (misc: solenoids, quads, diags)"
4814,Alimentations,LBE1-HX11:IRampAct,"Injector/source beamline (misc: solenoids, quads, diags)"
4814,Alimentations,LBE1-HX11:IRampCons,"Injector/source beamline (misc: solenoids, quads, diags)"
4814,Alimentations,LBE1-Q11:IAct,"Injector/source beamline (misc: solenoids, quads, diags)"
4814,Alimentations,LBE1-Q11:ICons,"Injector/source beamline (misc: solenoids, quads, diags)"
4814,Alimentations,LBE1-Q11:IRampAct,"Injector/source beamline (misc: solenoids, quads, diags)"
4814,Alimentations,LBE1-Q11:IRampCons,"Injector/source beamline (misc: solenoids, quads, diags)"
4814,Alimentations,LBE1-Q12:IAct,"Injector/source beamline (misc: solenoids, quads, diags)"
4814,Alimentations,LBE1-Q12:ICons,"Injector/source beamline (misc: solenoids, quads, diags)"
4814,Alimentations,LBE1-Q12:IRampAct,"Injector/source beamline (misc: solenoids, quads, diags)"
4814,Alimentations,LBE1-Q12:IRampCons,"Injector/source beamline (misc: solenoids, quads, diags)"
4814,Alimentations,LBE1-Q13:IAct,"Injector/source beamline (misc: solenoids, quads, diags)"
4814,Alimentations,LBE1-Q13:ICons,"Injector/source beamline (misc: solenoids, quads, diags)"
4814,Alimentations,LBE1-Q13:IRampAct,"Injector/source beamline (misc: solenoids, quads, diags)"
4814,Alimentations,LBE1-Q13:IRampCons,"Injector/source beamline (misc: solenoids, quads, diags)"
4814,Alimentations,LBE1-SOL11:IAct,"Injector/source beamline (misc: solenoids, quads, diags)"
4814,Alimentations,LBE1-SOL11:ICons,"Injector/source beamline (misc: solenoids, quads, diags)"
4814,Alimentations,LBE1-SOL11:IRampAct,"Injector/source beamline (misc: solenoids, quads, diags)"
4814,Alimentations,LBE1-SOL11:IRampCons,"Injector/source beamline (misc: solenoids, quads, diags)"
4814,Fentes,LBE1-FH13-D:PosLec,"Injector/source beamline (misc: solenoids, quads, diags)"
4814,Fentes,LBE1-FH13-G:PosLec,"Injector/source beamline (misc: solenoids, quads, diags)"
4814,LBE1-CF11,LBE1-CF11-FAST:IMesCret,Vacuum
4814,LBE1-CF11,LBE1-CF11-SURV:IMeanHardMes,Vacuum
4814,LBE1-CF11,LBE1-CF11:IMes,Vacuum
4814,LBE1-CF13,LBE1-CF13-FAST:IMesCret,Vacuum
4814,LBE1-CF13,LBE1-CF13-SURV:IMeanHardMes,Vacuum
4814,LBE1-CF13,LBE1-CF13:IMes,Vacuum
4814,LBE1-DIAGS,LBE1-D11-HALL:BMesCret,"Injector/source beamline (misc: solenoids, quads, diags)"
4814,LBE1-DIAGS,SI1-ECHANT:PosAct,"Injector/source beamline (misc: solenoids, quads, diags)"
4814,LBE1-SI1-GAZ-ET-PRESSION,SI1-GAZ1:VCons,"Injector/source beamline (misc: solenoids, quads, diags)"
4814,LBE1-SI1-GAZ-ET-PRESSION,SI1-GAZ2:VCons,"Injector/source beamline (misc: solenoids, quads, diags)"
4814,LBE1-SI1-GAZ-ET-PRESSION,SI1-PI-FAST:PMesCret,"Injector/source beamline (misc: solenoids, quads, diags)"
4814,LBE1-SI1-GAZ-ET-PRESSION,SI1-PR-FAST:PMesCret,"Injector/source beamline (misc: solenoids, quads, diags)"
4814,LBE1-SI1-TURBO,LBE1-EV1-GT11:Pwd,Vacuum
4814,LBE1-SI1-TURBO,LBE1-EV1-GT11:Temp,Vacuum
4814,LBE1-SI1-TURBO,LBE1-EV1-GT12:Pwd,Vacuum
4814,LBE1-SI1-TURBO,LBE1-EV1-GT12:Temp,Vacuum
4814,LBE1-SI1-TURBO,LBE1-EV1-GT13:Pwd,Vacuum
4814,LBE1-SI1-TURBO,LBE1-EV1-GT13:Temp,Vacuum
4814,LBE1-SI1-TURBO,LBE1-EV1-GT14:Pwd,Vacuum
4814,LBE1-SI1-TURBO,LBE1-EV1-GT14:Temp,Vacuum
4814,LBE1-SI1-TURBO,LBE1-EV1-GT15:Pwd,Vacuum
4814,LBE1-SI1-TURBO,LBE1-EV1-GT15:Temp,Vacuum
4814,LBE1-SI1-TURBO,LBE1-EV2-GT21:Pwd,Vacuum
4814,LBE1-SI1-TURBO,LBE1-EV2-GT21:Temp,Vacuum
4814,LBE1-SI1-TURBO,LBE1-EV2-GT22:Pwd,Vacuum
4814,LBE1-SI1-TURBO,LBE1-EV2-GT22:Temp,Vacuum
4814,LBE1-SI1-TURBO,LBE1-EV2-GT24:Pwd,Vacuum
4814,LBE1-SI1-TURBO,LBE1-EV2-GT24:Temp,Vacuum
4814,LBE1-SI1-TURBO,LBE1-EV2-GT25:Pwd,Vacuum
4814,LBE1-SI1-TURBO,LBE1-EV2-GT25:Temp,Vacuum
4814,LBE1-SI1-TURBO,SI1-GT:Pwd,Vacuum
4814,LBE1-SI1-TURBO,SI1-GT:Temp,Vacuum
4814,LBE1-VIDE,LBE1-EV1-VA:State,Vacuum
4814,LBE1-VIDE,LBE1-EV1-VI11:State,Vacuum
4814,LBE1-VIDE,LBE1-EV1-VP:State,Vacuum
4814,LBE1-VIDE,LBE1-EV1:JP1Mes,Vacuum
4814,LBE1-VIDE,LBE1-EV1:JP3Mes,Vacuum
4814,LBE1-VIDE,LBE1-EV1:JS1Mes,Vacuum
4814,LBE1-VIDE,LBE1-EV1:JS3Mes,Vacuum
4814,LBE1-VIDE,LBE1-EV2-VA:State,Vacuum
4814,LBE1-VIDE,LBE1-EV2-VI12:State,Vacuum
4814,LBE1-VIDE,LBE1-EV2-VP:State,Vacuum
4814,LBE1-VIDE,LBE1-EV2:JP1Mes,Vacuum
4814,LBE1-VIDE,LBE1-EV2:JP2Mes,Vacuum
4814,LBE1-VIDE,LBE1-EV2:JS1Mes,Vacuum
4814,LBE1-VIDE,LBE1-EV2:JS2Mes,Vacuum
4814,SI1-BPE,SI1-BPE:Pwr,"Injector/source beamline (misc: solenoids, quads, diags)"
4814,SI1-BPE,SI1-BPE:IAct,"Injector/source beamline (misc: solenoids, quads, diags)"
4814,SI1-BPE,SI1-BPE:ICons,"Injector/source beamline (misc: solenoids, quads, diags)"
4814,SI1-BPE,SI1-BPE:Pwr,"Injector/source beamline (misc: solenoids, quads, diags)"
4814,SI1-BPI,SI1-BPI:Pwr,"Injector/source beamline (misc: solenoids, quads, diags)"
4814,SI1-BPI,SI1-BPI:IAct,"Injector/source beamline (misc: solenoids, quads, diags)"
4814,SI1-BPI,SI1-BPI:ICons,"Injector/source beamline (misc: solenoids, quads, diags)"
4814,SI1-BPI,SI1-BPI:Pwr,"Injector/source beamline (misc: solenoids, quads, diags)"
4814,SI1-BPM,SI1-BPM:Pwr,BPM (beam position monitor)
4814,SI1-BPM,SI1-BPM:IAct,BPM (beam position monitor)
4814,SI1-BPM,SI1-BPM:ICons,BPM (beam position monitor)
4814,SI1-BPM,SI1-BPM:Pwr,BPM (beam position monitor)
4814,SI1-FOUR,SI1-FOUR:OnAct,"Injector/source beamline (misc: solenoids, quads, diags)"
4814,SI1-FOUR,SI1-FOUR:IMes,"Injector/source beamline (misc: solenoids, quads, diags)"
4814,SI1-FOUR,SI1-FOUR:OnAct,"Injector/source beamline (misc: solenoids, quads, diags)"
4814,SI1-FOUR,SI1-FOUR:PMes,"Injector/source beamline (misc: solenoids, quads, diags)"
4814,SI1-FOUR,SI1-FOUR:TMes,"Injector/source beamline (misc: solenoids, quads, diags)"
4814,SI1-FOUR,SI1-FOUR:VAct,"Injector/source beamline (misc: solenoids, quads, diags)"
4814,SI1-FOUR,SI1-FOUR:VMes,"Injector/source beamline (misc: solenoids, quads, diags)"
4814,SI1-HT,SI1-HT:Pwr,Source HV power supply
4814,SI1-HT,SI1-HT-FAST:IMesCret,Source HV power supply
4814,SI1-HT,SI1-HT-FAST:VMesCret,Source HV power supply
4814,SI1-HT,SI1-HT:IMes,Source HV power supply
4814,SI1-HT,SI1-HT:Pwr,Source HV power supply
4814,SI1-HT,SI1-HT:VAct,Source HV power supply
4814,SI1-HT,SI1-HT:VCons,Source HV power supply
4814,SI1-HT,SI1-KLYS:PHFAct,Source HV power supply
4814,SI1-HT-RE,SI1-HT-RE:Pwr,Source HV power supply
4814,SI1-HT-RE,SI1-HT-RE:IMes,Source HV power supply
4814,SI1-HT-RE,SI1-HT-RE:Pwr,Source HV power supply
4814,SI1-HT-RE,SI1-HT-RE:VAct,Source HV power supply
4814,SI1-KLYS,SI1:Stat3.BB,Source RF (klystron)
4814,SI1-KLYS,SI1-KLYS:PIMes,Source RF (klystron)
4814,SI1-KLYS,SI1-KLYS:PRMes,Source RF (klystron)
4814,SI1-KLYS,SI1:Stat3.BB,Source RF (klystron)
4814,SI1-POLAR,SI1-POLAR:OnAct,"Injector/source beamline (misc: solenoids, quads, diags)"
4814,SI1-POLAR,SI1-POLAR:IMes,"Injector/source beamline (misc: solenoids, quads, diags)"
4814,SI1-POLAR,SI1-POLAR:OnAct,"Injector/source beamline (misc: solenoids, quads, diags)"
4814,SI1-POLAR,SI1-POLAR:VAct,"Injector/source beamline (misc: solenoids, quads, diags)"
4814,SI1-POLAR,SI1-POLAR:VMes,"Injector/source beamline (misc: solenoids, quads, diags)"
4814,VXSTAT,iocVMELB1:caChannels,Vacuum station status
4814,VXSTAT,iocVMELB1:caClients,Vacuum station status
4814,VXSTAT,iocVMELB1:caLinksDiscon,Vacuum station status
4814,VXSTAT,iocVMELB1:cpuUsedPercent,Vacuum station status
4814,VXSTAT,iocVMELB1:fdUsedPercent,Vacuum station status
4814,VXSTAT,iocVMELB1:memoryUsedPercent,Vacuum station status
4815,SLAAF,LHE1-ACCT11-FAST:IFaMesCret,Beam current diagnostic (ACCT/DCCT)
4815,SLAAF,LHE1-ACCT11-FAST:IFoMesCret,Beam current diagnostic (ACCT/DCCT)
4815,SLAAF,LHE1-ACCT11:IMes,Beam current diagnostic (ACCT/DCCT)
4815,SLAAF,LHE1-ACCT12-FAST:IFaMesCret,Beam current diagnostic (ACCT/DCCT)
4815,SLAAF,LHE1-ACCT12-FAST:IFoMesCret,Beam current diagnostic (ACCT/DCCT)
4815,SLAAF,LHE1-ACCT12:IMes,Beam current diagnostic (ACCT/DCCT)
4815,SLAAF,LHE1-DCCT11-FAST:IMesCret,Beam current diagnostic (ACCT/DCCT)
4815,SLAAF,LHE1-DCCT11:IMes,Beam current diagnostic (ACCT/DCCT)
4815,SLAAF,LHE1-DCCT12-FAST:IMesCret,Beam current diagnostic (ACCT/DCCT)
4815,SLAAF,LHE1-DCCT12:IMes,Beam current diagnostic (ACCT/DCCT)
4815,SLAAF,LHE1-SLAAF:ACCTEcartMax,Beam current diagnostic (ACCT/DCCT)
4815,SLAAF,LHE1-SLAAF:ACCTEcartMes,Beam current diagnostic (ACCT/DCCT)
4815,SLAAF,LHE1-SLAAF:ACCTIBeamMes,Beam current diagnostic (ACCT/DCCT)
4815,SLAAF,LHE1-SLAAF:ACCTNbPMes,Beam current diagnostic (ACCT/DCCT)
4815,SLAAF,LHE1-SLAAF:DCCTEcartMax,Beam current diagnostic (ACCT/DCCT)
4815,SLAAF,LHE1-SLAAF:DCCTEcartMes,Beam current diagnostic (ACCT/DCCT)
4815,SLAAF,LHE1-SLAAF:DCCTIBeamMes,Beam current diagnostic (ACCT/DCCT)
4815,SLAAF,LHE1-SLAAF:DCCTNbPMes,Beam current diagnostic (ACCT/DCCT)
4815,SLAAF,LHE1-SLAAF:IBeamSurv,Beam current diagnostic (ACCT/DCCT)
4815,SLAAF,LHE1-SLAAF:IntegraleSurv,Beam current diagnostic (ACCT/DCCT)
4815,SLAAF,LHE1-SLAAF:ModeAcquisition,Beam current diagnostic (ACCT/DCCT)
4815,SLAAF,LHE1-SLAAF:ModeIrradiation,Beam current diagnostic (ACCT/DCCT)
4815,SLAAF,LHE1-SLAAF:NbPSurv,Beam current diagnostic (ACCT/DCCT)
4815,SLAAF,LHE1-SLAAF:PourcentageSurv,Beam current diagnostic (ACCT/DCCT)
4816,ECSF,ECSF:DdeCRFQ,Source control & interlock (ECS)
4816,ECSF,ECSF:DdeCSPMT,Source control & interlock (ECS)
4816,ECSF,ECSF:DftECSF,Source control & interlock (ECS)
4816,ECSF,ECSF:DftHacheur,Source control & interlock (ECS)
4816,ECSF,ECSF:InputIntlk,Source control & interlock (ECS)
4816,ECSF,ECSF:SClMes,Source control & interlock (ECS)
4816,ECSF,ECSF:TSGnAct,Source control & interlock (ECS)
4816,ECSF,ECSF:TSGState,Source control & interlock (ECS)
4816,ECSF,ECSF:TSHlAct,Source control & interlock (ECS)
4816,ECSF,ECSF:TSHrAct,Source control & interlock (ECS)
4816,ECSF,ECSF:TSHState,Source control & interlock (ECS)
4816,ECSF,ECSF:TSR1Act,Source control & interlock (ECS)
4816,ECSF,ECSF:TSR2Act,Source control & interlock (ECS)
4816,ECSF,ECSF:TSRAct,Source control & interlock (ECS)
4816,ECSF,ECSF:TSRlAct,Source control & interlock (ECS)
4816,ECSF,ECSF:TSRrAct,Source control & interlock (ECS)
4816,ECSF,ECSF:TSRState,Source control & interlock (ECS)
4816,ECSF,ECSF:TSS1lAct,Source control & interlock (ECS)
4816,ECSF,ECSF:TSS1State,Source control & interlock (ECS)
4816,ECSF,ECSF:TSS2AAct,Source control & interlock (ECS)
4816,ECSF,ECSF:TSS2lAct,Source control & interlock (ECS)
4816,ECSF,ECSF:TSS2State,Source control & interlock (ECS)
4816,ECSF,SP2-ECSF-INTLK:CUAct,Source control & interlock (ECS)
4816,LME-ACCT21,LME-ACCT21-FAST:IFaMesCret,Beam current diagnostic (ACCT/DCCT)
4816,LME-ACCT21,LME-ACCT21-FAST:IFoMesCret,Beam current diagnostic (ACCT/DCCT)
4816,LME-ACCT21,LME-ACCT21-FAST:IMesCret,Beam current diagnostic (ACCT/DCCT)
4816,LME-ACCT21,LME-ACCT21-SURV:ICptHard1Mes,Beam current diagnostic (ACCT/DCCT)
4816,LME-ACCT21,LME-ACCT21:IMes,Beam current diagnostic (ACCT/DCCT)
4816,LME-CF21,LME-CF21-FAST:IMesCret,Vacuum
4816,LME-CF21,LME-CF21-SURV:IMeanHardMes,Vacuum
4816,LME-CF21,LME-CF21BO-SURV:IMeanHardMes,Vacuum
4816,LME-DCCT21,LME-DCCT21-FAST:IMesCret,Beam current diagnostic (ACCT/DCCT)
4816,LME-DCCT21,LME-DCCT21-SURV:ICptHard1Mes,Beam current diagnostic (ACCT/DCCT)
4816,LME-DCCT21,LME-DCCT21:IMes,Beam current diagnostic (ACCT/DCCT)
4816,LME-DCCTDIFF,LME-DCCTDIFF-FAST:IMesCret,Beam current diagnostic (ACCT/DCCT)
4816,LME-DCCTDIFF,LME-DCCTDIFF-SURV:ICptHard1Mes,Beam current diagnostic (ACCT/DCCT)
4816,LME-DCCTDIFF,LME-DCCTDIFF-SURV:ICptSoft4Mes,Beam current diagnostic (ACCT/DCCT)
4816,LME-FH21,LME-FH21D-SURV:IMeanHardMes,Other/unclassified — needs manual check
4816,LME-FH21,LME-FH21G-SURV:IMeanHardMes,Other/unclassified — needs manual check
4816,LME-FH21,LME-FV21B-SURV:IMeanHardMes,Other/unclassified — needs manual check
4816,LME-FH21,LME-FV21H-SURV:IMeanHardMes,Other/unclassified — needs manual check
4816,LME-FH22,LME-FH22D-SURV:IMeanHardMes,Other/unclassified — needs manual check
4816,LME-FH22,LME-FH22G-SURV:IMeanHardMes,Other/unclassified — needs manual check
4816,LME-FH22,LME-FV22-B:TMes,Other/unclassified — needs manual check
4816,LME-FH22,LME-FV22-H:TMes,Other/unclassified — needs manual check
4816,LME-FH22,LME-FV22B-SURV:IMeanHardMes,Other/unclassified — needs manual check
4816,LME-FH22,LME-FV22B:PosLec,Other/unclassified — needs manual check
4816,LME-FH22,LME-FV22H-SURV:IMeanHardMes,Other/unclassified — needs manual check
4816,LME-FH22,LME-FV22H:PosLec,Other/unclassified — needs manual check
4816,LME-FH23,LME-FH23D-SURV:IMeanHardMes,Other/unclassified — needs manual check
4816,LME-FH23,LME-FH23G-SURV:IMeanHardMes,Other/unclassified — needs manual check
4816,LME-FH23,LME-FV23B-SURV:IMeanHardMes,Other/unclassified — needs manual check
4816,LME-FH23,LME-FV23H-SURV:IMeanHardMes,Other/unclassified — needs manual check
4816,RFQ,RFQ1-MSTR1-VAMP1:UampdBMes,RF/LLRF (RFQ only)
4816,RFQ,RFQ1-MSTR1-VAMP1:UampIndBMes,RF/LLRF (RFQ only)
4816,RFQ,RFQ1-MSTR1:Llrf.DPCI,RF/LLRF (RFQ only)
4816,RFQ,RFQ1-MSTR1:Llrf.DSTF,RF/LLRF (RFQ only)
4816,RFQ,RFQ1-MSTR1:Llrf.NBD,RF/LLRF (RFQ only)
4816,RFQ,RFQ1-MSTR1:Llrf.TRFI,RF/LLRF (RFQ only)
4816,RFQ,RFQ1-MSTR1:Llrf.UAMA,RF/LLRF (RFQ only)
4816,RFQ,RFQ1-MSTR1:Llrf.UIA1,RF/LLRF (RFQ only)
4816,RFQ,RFQ1-MSTR1:UcavAmpMes,RF/LLRF (RFQ only)
4816,RFQ,RFQ1-MSTR1:UciPwrMes,RF/LLRF (RFQ only)
4816,RFQ,RFQ1-MSTR1:UcrPwrMes,RF/LLRF (RFQ only)
4816,RFQ,RFQ1-SLV2-VAMP1:UampdBMes,RF/LLRF (RFQ only)
4816,RFQ,RFQ1-SLV2-VAMP1:UampIndBMes,RF/LLRF (RFQ only)
4816,RFQ,RFQ1-SLV2:Llrf.TRFI,RF/LLRF (RFQ only)
4816,RFQ,RFQ1-SLV2:Llrf.UAMA,RF/LLRF (RFQ only)
4816,RFQ,RFQ1-SLV2:Llrf.UIA1,RF/LLRF (RFQ only)
4816,RFQ,RFQ1-SLV2:UciPwrMes,RF/LLRF (RFQ only)
4816,RFQ,RFQ1-SLV2:UcrPwrMes,RF/LLRF (RFQ only)
4816,RFQ,RFQ1-SLV3-VAMP1:UampdBMes,RF/LLRF (RFQ only)
4816,RFQ,RFQ1-SLV3-VAMP1:UampIndBMes,RF/LLRF (RFQ only)
4816,RFQ,RFQ1-SLV3:Llrf.TRFI,RF/LLRF (RFQ only)
4816,RFQ,RFQ1-SLV3:Llrf.UAMA,RF/LLRF (RFQ only)
4816,RFQ,RFQ1-SLV3:Llrf.UIA1,RF/LLRF (RFQ only)
4816,RFQ,RFQ1-SLV3:UciPwrMes,RF/LLRF (RFQ only)
4816,RFQ,RFQ1-SLV3:UcrPwrMes,RF/LLRF (RFQ only)
4816,RFQ,RFQ1-SLV4-VAMP1:UampdBMes,RF/LLRF (RFQ only)
4816,RFQ,RFQ1-SLV4-VAMP1:UampIndBMes,RF/LLRF (RFQ only)
4816,RFQ,RFQ1-SLV4:Llrf.TRFI,RF/LLRF (RFQ only)
4816,RFQ,RFQ1-SLV4:Llrf.UAMA,RF/LLRF (RFQ only)
4816,RFQ,RFQ1-SLV4:Llrf.UIA1,RF/LLRF (RFQ only)
4816,RFQ,RFQ1-SLV4:UciPwrMes,RF/LLRF (RFQ only)
4816,RFQ,RFQ1-SLV4:UcrPwrMes,RF/LLRF (RFQ only)
4816,RFQ,RFQ1:RFQPwrMes,RF/LLRF (RFQ only)
4816,RFQ-LME-TURBO,LME-GT01:Pwd,Vacuum
4816,RFQ-LME-TURBO,LME-GT01:Temp,Vacuum
4816,RFQ-LME-TURBO,LME-GT02:Pwd,Vacuum
4816,RFQ-LME-TURBO,LME-GT02:Temp,Vacuum
4816,RFQ-LME-TURBO,RFQ-GT14:Pwd,Vacuum
4816,RFQ-LME-TURBO,RFQ-GT14:Temp,Vacuum
4816,RFQ-MASTER-AMP1,RFQ1-MSTR1-AMP1:DebEauChMes,RF/LLRF (RFQ only)
4816,RFQ-MASTER-AMP1,RFQ1-MSTR1-AMP1:DebEauDisMes,RF/LLRF (RFQ only)
4816,RFQ-MASTER-AMP1,RFQ1-MSTR1-AMP1:DebEauTubMes,RF/LLRF (RFQ only)
4816,RFQ-MASTER-AMP1,RFQ1-MSTR1-AMP1:DefectMbb,RF/LLRF (RFQ only)
4816,RFQ-MASTER-AMP1,RFQ1-MSTR1-AMP1:I1Mes,RF/LLRF (RFQ only)
4816,RFQ-MASTER-AMP1,RFQ1-MSTR1-AMP1:I2Mes,RF/LLRF (RFQ only)
4816,RFQ-MASTER-AMP1,RFQ1-MSTR1-AMP1:I3Mes,RF/LLRF (RFQ only)
4816,RFQ-MASTER-AMP1,RFQ1-MSTR1-AMP1:I4Mes,RF/LLRF (RFQ only)
4816,RFQ-MASTER-AMP1,RFQ1-MSTR1-AMP1:IAnodeMes,RF/LLRF (RFQ only)
4816,RFQ-MASTER-AMP1,RFQ1-MSTR1-AMP1:IfilMes,RF/LLRF (RFQ only)
4816,RFQ-MASTER-AMP1,RFQ1-MSTR1-AMP1:IG1Mes,RF/LLRF (RFQ only)
4816,RFQ-MASTER-AMP1,RFQ1-MSTR1-AMP1:IG2Mes,RF/LLRF (RFQ only)
4816,RFQ-MASTER-AMP1,RFQ1-MSTR1-AMP1:StateMbb,RF/LLRF (RFQ only)
4816,RFQ-MASTER-AMP1,RFQ1-MSTR1-AMP1:StateMbb.B2,RF/LLRF (RFQ only)
4816,RFQ-MASTER-AMP1,RFQ1-MSTR1-AMP1:TDisMes,RF/LLRF (RFQ only)
4816,RFQ-MASTER-AMP1,RFQ1-MSTR1-AMP1:TeauDisMes,RF/LLRF (RFQ only)
4816,RFQ-MASTER-AMP1,RFQ1-MSTR1-AMP1:TEauTubMes,RF/LLRF (RFQ only)
4816,RFQ-MASTER-AMP1,RFQ1-MSTR1-AMP1:TinChMes,RF/LLRF (RFQ only)
4816,RFQ-MASTER-AMP1,RFQ1-MSTR1-AMP1:ToutChMes,RF/LLRF (RFQ only)
4816,RFQ-MASTER-AMP1,RFQ1-MSTR1-AMP1:V1Mes,RF/LLRF (RFQ only)
4816,RFQ-MASTER-AMP1,RFQ1-MSTR1-AMP1:V2Mes,RF/LLRF (RFQ only)
4816,RFQ-MASTER-AMP1,RFQ1-MSTR1-AMP1:VAnodeMes,RF/LLRF (RFQ only)
4816,RFQ-MASTER-AMP1,RFQ1-MSTR1-AMP1:VG1Mes,RF/LLRF (RFQ only)
4816,RFQ-MASTER-AMP1,RFQ1-MSTR1-AMP1:VG2Mes,RF/LLRF (RFQ only)
4816,RFQ-MASTER-AMP1,RFQ1-MSTR1-AMP1:WIncCpMes,RF/LLRF (RFQ only)
4816,RFQ-MASTER-AMP1,RFQ1-MSTR1-AMP1:WIncMes,RF/LLRF (RFQ only)
4816,RFQ-MASTER-AMP1,RFQ1-MSTR1-AMP1:WRefCpMes,RF/LLRF (RFQ only)
4816,RFQ-MASTER-AMP1,RFQ1-MSTR1-AMP1:WRefMes,RF/LLRF (RFQ only)
4816,RFQ-SLV2-AMP1,RFQ1-SLV2-AMP1:DebEauChMes,RF/LLRF (RFQ only)
4816,RFQ-SLV2-AMP1,RFQ1-SLV2-AMP1:DebEauDisMes,RF/LLRF (RFQ only)
4816,RFQ-SLV2-AMP1,RFQ1-SLV2-AMP1:DebEauTubMes,RF/LLRF (RFQ only)
4816,RFQ-SLV2-AMP1,RFQ1-SLV2-AMP1:DefectMbb,RF/LLRF (RFQ only)
4816,RFQ-SLV2-AMP1,RFQ1-SLV2-AMP1:I1Mes,RF/LLRF (RFQ only)
4816,RFQ-SLV2-AMP1,RFQ1-SLV2-AMP1:I2Mes,RF/LLRF (RFQ only)
4816,RFQ-SLV2-AMP1,RFQ1-SLV2-AMP1:I3Mes,RF/LLRF (RFQ only)
4816,RFQ-SLV2-AMP1,RFQ1-SLV2-AMP1:I4Mes,RF/LLRF (RFQ only)
4816,RFQ-SLV2-AMP1,RFQ1-SLV2-AMP1:IAnodeMes,RF/LLRF (RFQ only)
4816,RFQ-SLV2-AMP1,RFQ1-SLV2-AMP1:IfilMes,RF/LLRF (RFQ only)
4816,RFQ-SLV2-AMP1,RFQ1-SLV2-AMP1:IG1Mes,RF/LLRF (RFQ only)
4816,RFQ-SLV2-AMP1,RFQ1-SLV2-AMP1:IG2Mes,RF/LLRF (RFQ only)
4816,RFQ-SLV2-AMP1,RFQ1-SLV2-AMP1:StateMbb,RF/LLRF (RFQ only)
4816,RFQ-SLV2-AMP1,RFQ1-SLV2-AMP1:StateMbb.B2,RF/LLRF (RFQ only)
4816,RFQ-SLV2-AMP1,RFQ1-SLV2-AMP1:TDisMes,RF/LLRF (RFQ only)
4816,RFQ-SLV2-AMP1,RFQ1-SLV2-AMP1:TeauDisMes,RF/LLRF (RFQ only)
4816,RFQ-SLV2-AMP1,RFQ1-SLV2-AMP1:TEauTubMes,RF/LLRF (RFQ only)
4816,RFQ-SLV2-AMP1,RFQ1-SLV2-AMP1:TinChMes,RF/LLRF (RFQ only)
4816,RFQ-SLV2-AMP1,RFQ1-SLV2-AMP1:ToutChMes,RF/LLRF (RFQ only)
4816,RFQ-SLV2-AMP1,RFQ1-SLV2-AMP1:V1Mes,RF/LLRF (RFQ only)
4816,RFQ-SLV2-AMP1,RFQ1-SLV2-AMP1:V2Mes,RF/LLRF (RFQ only)
4816,RFQ-SLV2-AMP1,RFQ1-SLV2-AMP1:VAnodeMes,RF/LLRF (RFQ only)
4816,RFQ-SLV2-AMP1,RFQ1-SLV2-AMP1:VG1Mes,RF/LLRF (RFQ only)
4816,RFQ-SLV2-AMP1,RFQ1-SLV2-AMP1:VG2Mes,RF/LLRF (RFQ only)
4816,RFQ-SLV2-AMP1,RFQ1-SLV2-AMP1:WIncCpMes,RF/LLRF (RFQ only)
4816,RFQ-SLV2-AMP1,RFQ1-SLV2-AMP1:WIncMes,RF/LLRF (RFQ only)
4816,RFQ-SLV2-AMP1,RFQ1-SLV2-AMP1:WRefCpMes,RF/LLRF (RFQ only)
4816,RFQ-SLV2-AMP1,RFQ1-SLV2-AMP1:WRefMes,RF/LLRF (RFQ only)
4816,RFQ-SLV3-AMP1,RFQ1-SLV3-AMP1:DebEauChMes,RF/LLRF (RFQ only)
4816,RFQ-SLV3-AMP1,RFQ1-SLV3-AMP1:DebEauDisMes,RF/LLRF (RFQ only)
4816,RFQ-SLV3-AMP1,RFQ1-SLV3-AMP1:DebEauTubMes,RF/LLRF (RFQ only)
4816,RFQ-SLV3-AMP1,RFQ1-SLV3-AMP1:DefectMbb,RF/LLRF (RFQ only)
4816,RFQ-SLV3-AMP1,RFQ1-SLV3-AMP1:I1Mes,RF/LLRF (RFQ only)
4816,RFQ-SLV3-AMP1,RFQ1-SLV3-AMP1:I2Mes,RF/LLRF (RFQ only)
4816,RFQ-SLV3-AMP1,RFQ1-SLV3-AMP1:I3Mes,RF/LLRF (RFQ only)
4816,RFQ-SLV3-AMP1,RFQ1-SLV3-AMP1:I4Mes,RF/LLRF (RFQ only)
4816,RFQ-SLV3-AMP1,RFQ1-SLV3-AMP1:IAnodeMes,RF/LLRF (RFQ only)
4816,RFQ-SLV3-AMP1,RFQ1-SLV3-AMP1:IfilMes,RF/LLRF (RFQ only)
4816,RFQ-SLV3-AMP1,RFQ1-SLV3-AMP1:IG1Mes,RF/LLRF (RFQ only)
4816,RFQ-SLV3-AMP1,RFQ1-SLV3-AMP1:IG2Mes,RF/LLRF (RFQ only)
4816,RFQ-SLV3-AMP1,RFQ1-SLV3-AMP1:StateMbb,RF/LLRF (RFQ only)
4816,RFQ-SLV3-AMP1,RFQ1-SLV3-AMP1:StateMbb.B2,RF/LLRF (RFQ only)
4816,RFQ-SLV3-AMP1,RFQ1-SLV3-AMP1:TDisMes,RF/LLRF (RFQ only)
4816,RFQ-SLV3-AMP1,RFQ1-SLV3-AMP1:TeauDisMes,RF/LLRF (RFQ only)
4816,RFQ-SLV3-AMP1,RFQ1-SLV3-AMP1:TEauTubMes,RF/LLRF (RFQ only)
4816,RFQ-SLV3-AMP1,RFQ1-SLV3-AMP1:TinChMes,RF/LLRF (RFQ only)
4816,RFQ-SLV3-AMP1,RFQ1-SLV3-AMP1:ToutChMes,RF/LLRF (RFQ only)
4816,RFQ-SLV3-AMP1,RFQ1-SLV3-AMP1:V1Mes,RF/LLRF (RFQ only)
4816,RFQ-SLV3-AMP1,RFQ1-SLV3-AMP1:V2Mes,RF/LLRF (RFQ only)
4816,RFQ-SLV3-AMP1,RFQ1-SLV3-AMP1:VAnodeMes,RF/LLRF (RFQ only)
4816,RFQ-SLV3-AMP1,RFQ1-SLV3-AMP1:VG1Mes,RF/LLRF (RFQ only)
4816,RFQ-SLV3-AMP1,RFQ1-SLV3-AMP1:VG2Mes,RF/LLRF (RFQ only)
4816,RFQ-SLV3-AMP1,RFQ1-SLV3-AMP1:WIncCpMes,RF/LLRF (RFQ only)
4816,RFQ-SLV3-AMP1,RFQ1-SLV3-AMP1:WIncMes,RF/LLRF (RFQ only)
4816,RFQ-SLV3-AMP1,RFQ1-SLV3-AMP1:WRefCpMes,RF/LLRF (RFQ only)
4816,RFQ-SLV3-AMP1,RFQ1-SLV3-AMP1:WRefMes,RF/LLRF (RFQ only)
4816,RFQ-SLV4-AMP1,RFQ1-SLV4-AMP1:DebEauChMes,RF/LLRF (RFQ only)
4816,RFQ-SLV4-AMP1,RFQ1-SLV4-AMP1:DebEauDisMes,RF/LLRF (RFQ only)
4816,RFQ-SLV4-AMP1,RFQ1-SLV4-AMP1:DebEauTubMes,RF/LLRF (RFQ only)
4816,RFQ-SLV4-AMP1,RFQ1-SLV4-AMP1:DefectMbb,RF/LLRF (RFQ only)
4816,RFQ-SLV4-AMP1,RFQ1-SLV4-AMP1:I1Mes,RF/LLRF (RFQ only)
4816,RFQ-SLV4-AMP1,RFQ1-SLV4-AMP1:I2Mes,RF/LLRF (RFQ only)
4816,RFQ-SLV4-AMP1,RFQ1-SLV4-AMP1:I3Mes,RF/LLRF (RFQ only)
4816,RFQ-SLV4-AMP1,RFQ1-SLV4-AMP1:I4Mes,RF/LLRF (RFQ only)
4816,RFQ-SLV4-AMP1,RFQ1-SLV4-AMP1:IAnodeMes,RF/LLRF (RFQ only)
4816,RFQ-SLV4-AMP1,RFQ1-SLV4-AMP1:IfilMes,RF/LLRF (RFQ only)
4816,RFQ-SLV4-AMP1,RFQ1-SLV4-AMP1:IG1Mes,RF/LLRF (RFQ only)
4816,RFQ-SLV4-AMP1,RFQ1-SLV4-AMP1:IG2Mes,RF/LLRF (RFQ only)
4816,RFQ-SLV4-AMP1,RFQ1-SLV4-AMP1:StateMbb,RF/LLRF (RFQ only)
4816,RFQ-SLV4-AMP1,RFQ1-SLV4-AMP1:StateMbb.B2,RF/LLRF (RFQ only)
4816,RFQ-SLV4-AMP1,RFQ1-SLV4-AMP1:TDisMes,RF/LLRF (RFQ only)
4816,RFQ-SLV4-AMP1,RFQ1-SLV4-AMP1:TeauDisMes,RF/LLRF (RFQ only)
4816,RFQ-SLV4-AMP1,RFQ1-SLV4-AMP1:TEauTubMes,RF/LLRF (RFQ only)
4816,RFQ-SLV4-AMP1,RFQ1-SLV4-AMP1:TinChMes,RF/LLRF (RFQ only)
4816,RFQ-SLV4-AMP1,RFQ1-SLV4-AMP1:ToutChMes,RF/LLRF (RFQ only)
4816,RFQ-SLV4-AMP1,RFQ1-SLV4-AMP1:V1Mes,RF/LLRF (RFQ only)
4816,RFQ-SLV4-AMP1,RFQ1-SLV4-AMP1:V2Mes,RF/LLRF (RFQ only)
4816,RFQ-SLV4-AMP1,RFQ1-SLV4-AMP1:VAnodeMes,RF/LLRF (RFQ only)
4816,RFQ-SLV4-AMP1,RFQ1-SLV4-AMP1:VG1Mes,RF/LLRF (RFQ only)
4816,RFQ-SLV4-AMP1,RFQ1-SLV4-AMP1:VG2Mes,RF/LLRF (RFQ only)
4816,RFQ-SLV4-AMP1,RFQ1-SLV4-AMP1:WIncCpMes,RF/LLRF (RFQ only)
4816,RFQ-SLV4-AMP1,RFQ1-SLV4-AMP1:WIncMes,RF/LLRF (RFQ only)
4816,RFQ-SLV4-AMP1,RFQ1-SLV4-AMP1:WRefCpMes,RF/LLRF (RFQ only)
4816,RFQ-SLV4-AMP1,RFQ1-SLV4-AMP1:WRefMes,RF/LLRF (RFQ only)
4816,RFQ-THERM,RFQ1-THERM:BEchT3Mes,RF/LLRF (RFQ only)
4816,RFQ-THERM,RFQ1-THERM:BEchV3Mes,RF/LLRF (RFQ only)
4816,RFQ-THERM,RFQ1-THERM:BLamT2Mes,RF/LLRF (RFQ only)
4816,RFQ-THERM,RFQ1-THERM:BLamT5Mes,RF/LLRF (RFQ only)
4816,RFQ-THERM,RFQ1-THERM:BLamV2Mes,RF/LLRF (RFQ only)
4816,RFQ-THERM,RFQ1-THERM:BTubT1Mes,RF/LLRF (RFQ only)
4816,RFQ-THERM,RFQ1-THERM:BTubT4Mes,RF/LLRF (RFQ only)
4816,RFQ-THERM,RFQ1-THERM:BTubV1Mes,RF/LLRF (RFQ only)
4816,RFQ1-PICKUP,RFQ1-PKP:ArchEnable,Pickup electron (RFQ line)
4816,RFQ1-PICKUP,RFQ1-PKP-01:Etyp,Pickup electron (RFQ line)
4816,RFQ1-PICKUP,RFQ1-PKP-01:Moy,Pickup electron (RFQ line)
4816,RFQ1-PICKUP,RFQ1-PKP-01:VAct,Pickup electron (RFQ line)
4816,RFQ1-PICKUP,RFQ1-PKP-02:Etyp,Pickup electron (RFQ line)
4816,RFQ1-PICKUP,RFQ1-PKP-02:Moy,Pickup electron (RFQ line)
4816,RFQ1-PICKUP,RFQ1-PKP-02:VAct,Pickup electron (RFQ line)
4816,RFQ1-PICKUP,RFQ1-PKP-03:Etyp,Pickup electron (RFQ line)
4816,RFQ1-PICKUP,RFQ1-PKP-03:Moy,Pickup electron (RFQ line)
4816,RFQ1-PICKUP,RFQ1-PKP-03:VAct,Pickup electron (RFQ line)
4816,RFQ1-PICKUP,RFQ1-PKP-04:Etyp,Pickup electron (RFQ line)
4816,RFQ1-PICKUP,RFQ1-PKP-04:Moy,Pickup electron (RFQ line)
4816,RFQ1-PICKUP,RFQ1-PKP-04:VAct,Pickup electron (RFQ line)
4816,RFQ1-PICKUP,RFQ1-PKP-05:Etyp,Pickup electron (RFQ line)
4816,RFQ1-PICKUP,RFQ1-PKP-05:Moy,Pickup electron (RFQ line)
4816,RFQ1-PICKUP,RFQ1-PKP-05:VAct,Pickup electron (RFQ line)
4816,RFQ1-PICKUP,RFQ1-PKP-06:Etyp,Pickup electron (RFQ line)
4816,RFQ1-PICKUP,RFQ1-PKP-06:Moy,Pickup electron (RFQ line)
4816,RFQ1-PICKUP,RFQ1-PKP-06:VAct,Pickup electron (RFQ line)
4816,RFQ1-PICKUP,RFQ1-PKP-07:Etyp,Pickup electron (RFQ line)
4816,RFQ1-PICKUP,RFQ1-PKP-07:Moy,Pickup electron (RFQ line)
4816,RFQ1-PICKUP,RFQ1-PKP-07:VAct,Pickup electron (RFQ line)
4816,RFQ1-PICKUP,RFQ1-PKP-08:Etyp,Pickup electron (RFQ line)
4816,RFQ1-PICKUP,RFQ1-PKP-08:Moy,Pickup electron (RFQ line)
4816,RFQ1-PICKUP,RFQ1-PKP-08:VAct,Pickup electron (RFQ line)
4816,RFQ1-PICKUP,RFQ1-PKP-09:Etyp,Pickup electron (RFQ line)
4816,RFQ1-PICKUP,RFQ1-PKP-09:Moy,Pickup electron (RFQ line)
4816,RFQ1-PICKUP,RFQ1-PKP-09:VAct,Pickup electron (RFQ line)
4816,RFQ1-PICKUP,RFQ1-PKP-10:Etyp,Pickup electron (RFQ line)
4816,RFQ1-PICKUP,RFQ1-PKP-10:Moy,Pickup electron (RFQ line)
4816,RFQ1-PICKUP,RFQ1-PKP-10:VAct,Pickup electron (RFQ line)
4816,RFQ1-PICKUP,RFQ1-PKP-11:Etyp,Pickup electron (RFQ line)
4816,RFQ1-PICKUP,RFQ1-PKP-11:Moy,Pickup electron (RFQ line)
4816,RFQ1-PICKUP,RFQ1-PKP-11:VAct,Pickup electron (RFQ line)
4816,RFQ1-PICKUP,RFQ1-PKP-12:Etyp,Pickup electron (RFQ line)
4816,RFQ1-PICKUP,RFQ1-PKP-12:Moy,Pickup electron (RFQ line)
4816,RFQ1-PICKUP,RFQ1-PKP-12:VAct,Pickup electron (RFQ line)
4816,RFQ1-PICKUP,RFQ1-PKP-13:Etyp,Pickup electron (RFQ line)
4816,RFQ1-PICKUP,RFQ1-PKP-13:Moy,Pickup electron (RFQ line)
4816,RFQ1-PICKUP,RFQ1-PKP-13:VAct,Pickup electron (RFQ line)
4816,RFQ1-PICKUP,RFQ1-PKP-14:Etyp,Pickup electron (RFQ line)
4816,RFQ1-PICKUP,RFQ1-PKP-14:Moy,Pickup electron (RFQ line)
4816,RFQ1-PICKUP,RFQ1-PKP-14:VAct,Pickup electron (RFQ line)
4816,RFQ1-PICKUP,RFQ1-PKP-15:Etyp,Pickup electron (RFQ line)
4816,RFQ1-PICKUP,RFQ1-PKP-15:Moy,Pickup electron (RFQ line)
4816,RFQ1-PICKUP,RFQ1-PKP-15:VAct,Pickup electron (RFQ line)
4816,RFQ1-PICKUP,RFQ1-PKP-16:Etyp,Pickup electron (RFQ line)
4816,RFQ1-PICKUP,RFQ1-PKP-16:Moy,Pickup electron (RFQ line)
4816,RFQ1-PICKUP,RFQ1-PKP-16:VAct,Pickup electron (RFQ line)
4816,RFQ1-PICKUP,RFQ1-PKP:ArchEnable,Pickup electron (RFQ line)
4816,RFQ1-PICKUP,RFQ1-PKP:Comment,Pickup electron (RFQ line)
4816,RFQ1-PICKUP,RFQ1-PKP:TrigMes,Pickup electron (RFQ line)
4816,RFQ1-PICKUP-LLRF,LINA-PKUP01-CAV1:Llrf.UCI,"Pickup electron (LLRF pickup, LME line)"
4816,RFQ1-PICKUP-LLRF,LINA-PKUP01-CAV1:Llrf.UCQ,"Pickup electron (LLRF pickup, LME line)"
4816,RFQ1-PICKUP-LLRF,LINA-PKUP01-CAV1:Llrf.UII,"Pickup electron (LLRF pickup, LME line)"
4816,RFQ1-PICKUP-LLRF,LINA-PKUP01-CAV1:Llrf.UIQ,"Pickup electron (LLRF pickup, LME line)"
4816,RFQ1-PICKUP-LLRF,LINA-PKUP02-CAV1:Llrf.UCI,"Pickup electron (LLRF pickup, LME line)"
4816,RFQ1-PICKUP-LLRF,LINA-PKUP02-CAV1:Llrf.UCQ,"Pickup electron (LLRF pickup, LME line)"
4816,RFQ1-PICKUP-LLRF,LINA-PKUP02-CAV1:Llrf.UII,"Pickup electron (LLRF pickup, LME line)"
4816,RFQ1-PICKUP-LLRF,LINA-PKUP02-CAV1:Llrf.UIQ,"Pickup electron (LLRF pickup, LME line)"
4816,RFQ1-PICKUP-LLRF,LINA-PKUP03-CAV1:Llrf.UCI,"Pickup electron (LLRF pickup, LME line)"
4816,RFQ1-PICKUP-LLRF,LINA-PKUP03-CAV1:Llrf.UCQ,"Pickup electron (LLRF pickup, LME line)"
4816,RFQ1-PICKUP-LLRF,LINA-PKUP03-CAV1:Llrf.UII,"Pickup electron (LLRF pickup, LME line)"
4816,RFQ1-PICKUP-LLRF,LINA-PKUP03-CAV1:Llrf.UIQ,"Pickup electron (LLRF pickup, LME line)"
4816,RFQ1-PICKUP-LLRF,LINA-PKUP04-CAV1:Llrf.UCI,"Pickup electron (LLRF pickup, LME line)"
4816,RFQ1-PICKUP-LLRF,LINA-PKUP04-CAV1:Llrf.UCQ,"Pickup electron (LLRF pickup, LME line)"
4816,RFQ1-PICKUP-LLRF,LINA-PKUP04-CAV1:Llrf.UII,"Pickup electron (LLRF pickup, LME line)"
4816,RFQ1-PICKUP-LLRF,LINA-PKUP04-CAV1:Llrf.UIQ,"Pickup electron (LLRF pickup, LME line)"
4816,RFQ1-PICKUP-LLRF,LINA-PKUP05-CAV1:Llrf.UCI,"Pickup electron (LLRF pickup, LME line)"
4816,RFQ1-PICKUP-LLRF,LINA-PKUP05-CAV1:Llrf.UCQ,"Pickup electron (LLRF pickup, LME line)"
4816,RFQ1-PICKUP-LLRF,LINA-PKUP05-CAV1:Llrf.UII,"Pickup electron (LLRF pickup, LME line)"
4816,RFQ1-PICKUP-LLRF,LINA-PKUP05-CAV1:Llrf.UIQ,"Pickup electron (LLRF pickup, LME line)"
4816,RFQ1-PICKUP-LLRF,LINA-PKUP06-CAV1:Llrf.UCI,"Pickup electron (LLRF pickup, LME line)"
4816,RFQ1-PICKUP-LLRF,LINA-PKUP06-CAV1:Llrf.UCQ,"Pickup electron (LLRF pickup, LME line)"
4816,RFQ1-PICKUP-LLRF,LINA-PKUP06-CAV1:Llrf.UII,"Pickup electron (LLRF pickup, LME line)"
4816,RFQ1-PICKUP-LLRF,LINA-PKUP06-CAV1:Llrf.UIQ,"Pickup electron (LLRF pickup, LME line)"
4816,RFQ1-PICKUP-LLRF,LINA-PKUP07-CAV1:Llrf.UCI,"Pickup electron (LLRF pickup, LME line)"
4816,RFQ1-PICKUP-LLRF,LINA-PKUP07-CAV1:Llrf.UCQ,"Pickup electron (LLRF pickup, LME line)"
4816,RFQ1-PICKUP-LLRF,LINA-PKUP07-CAV1:Llrf.UII,"Pickup electron (LLRF pickup, LME line)"
4816,RFQ1-PICKUP-LLRF,LINA-PKUP07-CAV1:Llrf.UIQ,"Pickup electron (LLRF pickup, LME line)"
4816,RFQ1-PICKUP-LLRF,LINA-PKUP08-CAV1:Llrf.UCI,"Pickup electron (LLRF pickup, LME line)"
4816,RFQ1-PICKUP-LLRF,LINA-PKUP08-CAV1:Llrf.UCQ,"Pickup electron (LLRF pickup, LME line)"
4816,RFQ1-PICKUP-LLRF,LINA-PKUP08-CAV1:Llrf.UII,"Pickup electron (LLRF pickup, LME line)"
4816,RFQ1-PICKUP-LLRF,LINA-PKUP08-CAV1:Llrf.UIQ,"Pickup electron (LLRF pickup, LME line)"
4816,RFQ1LME-VIDE,LME-EV1-VI50:State,Vacuum
4816,RFQ1LME-VIDE,LME-EV1:JP1Mes,Vacuum
4816,RFQ1LME-VIDE,LME-EV1:JP2Mes,Vacuum
4816,RFQ1LME-VIDE,LME-EV1:JS1Mes,Vacuum
4816,RFQ1LME-VIDE,LME-EV1:JS2Mes,Vacuum
4816,RFQ1LME-VIDE,LME-EV1:JS3Mes,Vacuum
4816,RFQ1LME-VIDE,LME-EV1:JS4Mes,Vacuum
4816,RFQ1LME-VIDE,RFQ1-EV1-VA1:State,Vacuum
4816,RFQ1LME-VIDE,RFQ1-EV1-VI40:State,Vacuum
4816,RFQ1LME-VIDE,RFQ1-EV1-VP1:State,Vacuum
4816,RFQ1LME-VIDE,RFQ1-EV1:JP1Mes,Vacuum
4816,RFQ1LME-VIDE,RFQ1-EV1:JS1Mes,Vacuum
4816,SdP,LME-SDP-SCINF:DeltaTemp,"Beam bunch selector (Sélecteur de Paquet, LME line)"
4816,SdP,LME-SDP-SCSUP:DeltaTemp,"Beam bunch selector (Sélecteur de Paquet, LME line)"
4816,SdP,LME-SDP21-HT:ComCtrlAlarm,"Beam bunch selector (Sélecteur de Paquet, LME line)"
4816,SdP,LME-SDP21-HT:MESUREHT1,"Beam bunch selector (Sélecteur de Paquet, LME line)"
4816,SdP,LME-SDP21-HT:MESUREHT2,"Beam bunch selector (Sélecteur de Paquet, LME line)"
4816,SdP,LME-SDP21-HT:MESURESOMME,"Beam bunch selector (Sélecteur de Paquet, LME line)"
4816,SdP,LME-SDP21-HT:OscilloMesDeltaTrigVPMax,"Beam bunch selector (Sélecteur de Paquet, LME line)"
4816,SdP,LME-SDP21-HT:OscilloMesDeltaTrigVPMin,"Beam bunch selector (Sélecteur de Paquet, LME line)"
4816,SdP,LME-SDP21-HT:OscilloMesDeltaVPMaxVPMin,"Beam bunch selector (Sélecteur de Paquet, LME line)"
4816,VXSTAT,iocVMELME:caChannels,Vacuum station status
4816,VXSTAT,iocVMELME:caClients,Vacuum station status
4816,VXSTAT,iocVMELME:caLinksDiscon,Vacuum station status
4816,VXSTAT,iocVMELME:cpuUsedPercent,Vacuum station status
4816,VXSTAT,iocVMELME:fdUsedPercent,Vacuum station status
4816,VXSTAT,iocVMELME:memoryUsedPercent,Vacuum station status
4817,LABO-LB1-BPM,LABO-LB1-BPM1:Bpm.AMP_REF,BPM (beam position monitor)
4817,LABO-LB1-BPM,LABO-LB1-BPM1:Bpm.AMP_VECTORSUM,BPM (beam position monitor)
4817,LABO-LB1-BPM,LABO-LB1-BPM1:Bpm.ELLIPTICITY,BPM (beam position monitor)
4817,LABO-LB1-BPM,LABO-LB1-BPM1:Bpm.PHA_REF,BPM (beam position monitor)
4817,LABO-LB1-BPM,LABO-LB1-BPM1:Bpm.PHA_VECTORSUM,BPM (beam position monitor)
4817,LABO-LB1-BPM,LABO-LB1-BPM1:Bpm.POSITION_X,BPM (beam position monitor)
4817,LABO-LB1-BPM,LABO-LB1-BPM1:Bpm.POSITION_Y,BPM (beam position monitor)
4817,LABO-LB1-BPM,LABO-LB1-BPM2:Bpm.AMP_REF,BPM (beam position monitor)
4817,LABO-LB1-BPM,LABO-LB1-BPM2:Bpm.AMP_VECTORSUM,BPM (beam position monitor)
4817,LABO-LB1-BPM,LABO-LB1-BPM2:Bpm.ELLIPTICITY,BPM (beam position monitor)
4817,LABO-LB1-BPM,LABO-LB1-BPM2:Bpm.PHA_REF,BPM (beam position monitor)
4817,LABO-LB1-BPM,LABO-LB1-BPM2:Bpm.PHA_VECTORSUM,BPM (beam position monitor)
4817,LABO-LB1-BPM,LABO-LB1-BPM2:Bpm.POSITION_X,BPM (beam position monitor)
4817,LABO-LB1-BPM,LABO-LB1-BPM2:Bpm.POSITION_Y,BPM (beam position monitor)
4817,LABO-LB1-BPM,LB1-BPM-CALIB:LectureRefH1,BPM (beam position monitor)
4817,LABO-LB1-BPM,LB1-BPM-CALIB:LectureRefH2,BPM (beam position monitor)
4817,LABO-LB1-BPM,LB1-BPM-CALIB:LectureRefRF,BPM (beam position monitor)
4817,LABO-LB1-BPM,LB1-BPM-CALIB:LectureTemp1,BPM (beam position monitor)
4817,LABO-LB1-BPM,LB1-BPM-CALIB:LectureTemp2,BPM (beam position monitor)
4817,LABO-LB1-BPM,LB1-BPM-CALIB:LectureTemp3,BPM (beam position monitor)
4817,LABO-LB1-BPM,LB1-BPM-CALIB:LectureTension12V,BPM (beam position monitor)
4817,LINA-BPM011,LINA-BPM011:Bpm.AMPX1,BPM (beam position monitor)
4817,LINA-BPM011,LINA-BPM011:Bpm.AMPX2,BPM (beam position monitor)
4817,LINA-BPM011,LINA-BPM011:Bpm.AMPY1,BPM (beam position monitor)
4817,LINA-BPM011,LINA-BPM011:Bpm.AMPY2,BPM (beam position monitor)
4817,LINA-BPM011,LINA-BPM011:Bpm.AMP_REF,BPM (beam position monitor)
4817,LINA-BPM011,LINA-BPM011:Bpm.AMP_VECTORSUM,BPM (beam position monitor)
4817,LINA-BPM011,LINA-BPM011:Bpm.ELLIPTICITY,BPM (beam position monitor)
4817,LINA-BPM011,LINA-BPM011:Bpm.PHA_DIFF_X1,BPM (beam position monitor)
4817,LINA-BPM011,LINA-BPM011:Bpm.PHA_DIFF_X2,BPM (beam position monitor)
4817,LINA-BPM011,LINA-BPM011:Bpm.PHA_DIFF_Y1,BPM (beam position monitor)
4817,LINA-BPM011,LINA-BPM011:Bpm.PHA_DIFF_Y2,BPM (beam position monitor)
4817,LINA-BPM011,LINA-BPM011:Bpm.PHA_REF,BPM (beam position monitor)
4817,LINA-BPM011,LINA-BPM011:Bpm.PHA_VECTORSUM,BPM (beam position monitor)
4817,LINA-BPM011,LINA-BPM011:Bpm.POSITION_X,BPM (beam position monitor)
4817,LINA-BPM011,LINA-BPM011:Bpm.POSITION_Y,BPM (beam position monitor)
4817,LINA-BPM011,LINA-BPM011:Bpm.REF_SEL,BPM (beam position monitor)
4817,LINA-BPM021,LINA-BPM021:Bpm.AMPX1,BPM (beam position monitor)
4817,LINA-BPM021,LINA-BPM021:Bpm.AMPX2,BPM (beam position monitor)
4817,LINA-BPM021,LINA-BPM021:Bpm.AMPY1,BPM (beam position monitor)
4817,LINA-BPM021,LINA-BPM021:Bpm.AMPY2,BPM (beam position monitor)
4817,LINA-BPM021,LINA-BPM021:Bpm.AMP_REF,BPM (beam position monitor)
4817,LINA-BPM021,LINA-BPM021:Bpm.AMP_VECTORSUM,BPM (beam position monitor)
4817,LINA-BPM021,LINA-BPM021:Bpm.ELLIPTICITY,BPM (beam position monitor)
4817,LINA-BPM021,LINA-BPM021:Bpm.PHA_DIFF_X1,BPM (beam position monitor)
4817,LINA-BPM021,LINA-BPM021:Bpm.PHA_DIFF_X2,BPM (beam position monitor)
4817,LINA-BPM021,LINA-BPM021:Bpm.PHA_DIFF_Y1,BPM (beam position monitor)
4817,LINA-BPM021,LINA-BPM021:Bpm.PHA_DIFF_Y2,BPM (beam position monitor)
4817,LINA-BPM021,LINA-BPM021:Bpm.PHA_REF,BPM (beam position monitor)
4817,LINA-BPM021,LINA-BPM021:Bpm.PHA_VECTORSUM,BPM (beam position monitor)
4817,LINA-BPM021,LINA-BPM021:Bpm.POSITION_X,BPM (beam position monitor)
4817,LINA-BPM021,LINA-BPM021:Bpm.POSITION_Y,BPM (beam position monitor)
4817,LINA-BPM021,LINA-BPM021:Bpm.REF_SEL,BPM (beam position monitor)
4817,LINA-BPM031,LINA-BPM031:Bpm.AMPX1,BPM (beam position monitor)
4817,LINA-BPM031,LINA-BPM031:Bpm.AMPX2,BPM (beam position monitor)
4817,LINA-BPM031,LINA-BPM031:Bpm.AMPY1,BPM (beam position monitor)
4817,LINA-BPM031,LINA-BPM031:Bpm.AMPY2,BPM (beam position monitor)
4817,LINA-BPM031,LINA-BPM031:Bpm.AMP_REF,BPM (beam position monitor)
4817,LINA-BPM031,LINA-BPM031:Bpm.AMP_VECTORSUM,BPM (beam position monitor)
4817,LINA-BPM031,LINA-BPM031:Bpm.ELLIPTICITY,BPM (beam position monitor)
4817,LINA-BPM031,LINA-BPM031:Bpm.PHA_DIFF_X1,BPM (beam position monitor)
4817,LINA-BPM031,LINA-BPM031:Bpm.PHA_DIFF_X2,BPM (beam position monitor)
4817,LINA-BPM031,LINA-BPM031:Bpm.PHA_DIFF_Y1,BPM (beam position monitor)
4817,LINA-BPM031,LINA-BPM031:Bpm.PHA_DIFF_Y2,BPM (beam position monitor)
4817,LINA-BPM031,LINA-BPM031:Bpm.PHA_REF,BPM (beam position monitor)
4817,LINA-BPM031,LINA-BPM031:Bpm.PHA_VECTORSUM,BPM (beam position monitor)
4817,LINA-BPM031,LINA-BPM031:Bpm.POSITION_X,BPM (beam position monitor)
4817,LINA-BPM031,LINA-BPM031:Bpm.POSITION_Y,BPM (beam position monitor)
4817,LINA-BPM031,LINA-BPM031:Bpm.REF_SEL,BPM (beam position monitor)
4817,LINA-BPM041,LINA-BPM041:Bpm.AMPX1,BPM (beam position monitor)
4817,LINA-BPM041,LINA-BPM041:Bpm.AMPX2,BPM (beam position monitor)
4817,LINA-BPM041,LINA-BPM041:Bpm.AMPY1,BPM (beam position monitor)
4817,LINA-BPM041,LINA-BPM041:Bpm.AMPY2,BPM (beam position monitor)
4817,LINA-BPM041,LINA-BPM041:Bpm.AMP_REF,BPM (beam position monitor)
4817,LINA-BPM041,LINA-BPM041:Bpm.AMP_VECTORSUM,BPM (beam position monitor)
4817,LINA-BPM041,LINA-BPM041:Bpm.ELLIPTICITY,BPM (beam position monitor)
4817,LINA-BPM041,LINA-BPM041:Bpm.PHA_DIFF_X1,BPM (beam position monitor)
4817,LINA-BPM041,LINA-BPM041:Bpm.PHA_DIFF_X2,BPM (beam position monitor)
4817,LINA-BPM041,LINA-BPM041:Bpm.PHA_DIFF_Y1,BPM (beam position monitor)
4817,LINA-BPM041,LINA-BPM041:Bpm.PHA_DIFF_Y2,BPM (beam position monitor)
4817,LINA-BPM041,LINA-BPM041:Bpm.PHA_REF,BPM (beam position monitor)
4817,LINA-BPM041,LINA-BPM041:Bpm.PHA_VECTORSUM,BPM (beam position monitor)
4817,LINA-BPM041,LINA-BPM041:Bpm.POSITION_X,BPM (beam position monitor)
4817,LINA-BPM041,LINA-BPM041:Bpm.POSITION_Y,BPM (beam position monitor)
4817,LINA-BPM041,LINA-BPM041:Bpm.REF_SEL,BPM (beam position monitor)
4817,LINA-BPM051,LINA-BPM051:Bpm.AMPX1,BPM (beam position monitor)
4817,LINA-BPM051,LINA-BPM051:Bpm.AMPX2,BPM (beam position monitor)
4817,LINA-BPM051,LINA-BPM051:Bpm.AMPY1,BPM (beam position monitor)
4817,LINA-BPM051,LINA-BPM051:Bpm.AMPY2,BPM (beam position monitor)
4817,LINA-BPM051,LINA-BPM051:Bpm.AMP_REF,BPM (beam position monitor)
4817,LINA-BPM051,LINA-BPM051:Bpm.AMP_VECTORSUM,BPM (beam position monitor)
4817,LINA-BPM051,LINA-BPM051:Bpm.ELLIPTICITY,BPM (beam position monitor)
4817,LINA-BPM051,LINA-BPM051:Bpm.PHA_DIFF_X1,BPM (beam position monitor)
4817,LINA-BPM051,LINA-BPM051:Bpm.PHA_DIFF_X2,BPM (beam position monitor)
4817,LINA-BPM051,LINA-BPM051:Bpm.PHA_DIFF_Y1,BPM (beam position monitor)
4817,LINA-BPM051,LINA-BPM051:Bpm.PHA_DIFF_Y2,BPM (beam position monitor)
4817,LINA-BPM051,LINA-BPM051:Bpm.PHA_REF,BPM (beam position monitor)
4817,LINA-BPM051,LINA-BPM051:Bpm.PHA_VECTORSUM,BPM (beam position monitor)
4817,LINA-BPM051,LINA-BPM051:Bpm.POSITION_X,BPM (beam position monitor)
4817,LINA-BPM051,LINA-BPM051:Bpm.POSITION_Y,BPM (beam position monitor)
4817,LINA-BPM051,LINA-BPM051:Bpm.REF_SEL,BPM (beam position monitor)
4817,LINA-BPM061,LINA-BPM061:Bpm.AMPX1,BPM (beam position monitor)
4817,LINA-BPM061,LINA-BPM061:Bpm.AMPX2,BPM (beam position monitor)
4817,LINA-BPM061,LINA-BPM061:Bpm.AMPY1,BPM (beam position monitor)
4817,LINA-BPM061,LINA-BPM061:Bpm.AMPY2,BPM (beam position monitor)
4817,LINA-BPM061,LINA-BPM061:Bpm.AMP_REF,BPM (beam position monitor)
4817,LINA-BPM061,LINA-BPM061:Bpm.AMP_VECTORSUM,BPM (beam position monitor)
4817,LINA-BPM061,LINA-BPM061:Bpm.ELLIPTICITY,BPM (beam position monitor)
4817,LINA-BPM061,LINA-BPM061:Bpm.PHA_DIFF_X1,BPM (beam position monitor)
4817,LINA-BPM061,LINA-BPM061:Bpm.PHA_DIFF_X2,BPM (beam position monitor)
4817,LINA-BPM061,LINA-BPM061:Bpm.PHA_DIFF_Y1,BPM (beam position monitor)
4817,LINA-BPM061,LINA-BPM061:Bpm.PHA_DIFF_Y2,BPM (beam position monitor)
4817,LINA-BPM061,LINA-BPM061:Bpm.PHA_REF,BPM (beam position monitor)
4817,LINA-BPM061,LINA-BPM061:Bpm.PHA_VECTORSUM,BPM (beam position monitor)
4817,LINA-BPM061,LINA-BPM061:Bpm.POSITION_X,BPM (beam position monitor)
4817,LINA-BPM061,LINA-BPM061:Bpm.POSITION_Y,BPM (beam position monitor)
4817,LINA-BPM061,LINA-BPM061:Bpm.REF_SEL,BPM (beam position monitor)
4817,LINA-BPM071,LINA-BPM071:Bpm.AMPX1,BPM (beam position monitor)
4817,LINA-BPM071,LINA-BPM071:Bpm.AMPX2,BPM (beam position monitor)
4817,LINA-BPM071,LINA-BPM071:Bpm.AMPY1,BPM (beam position monitor)
4817,LINA-BPM071,LINA-BPM071:Bpm.AMPY2,BPM (beam position monitor)
4817,LINA-BPM071,LINA-BPM071:Bpm.AMP_REF,BPM (beam position monitor)
4817,LINA-BPM071,LINA-BPM071:Bpm.AMP_VECTORSUM,BPM (beam position monitor)
4817,LINA-BPM071,LINA-BPM071:Bpm.ELLIPTICITY,BPM (beam position monitor)
4817,LINA-BPM071,LINA-BPM071:Bpm.PHA_DIFF_X1,BPM (beam position monitor)
4817,LINA-BPM071,LINA-BPM071:Bpm.PHA_DIFF_X2,BPM (beam position monitor)
4817,LINA-BPM071,LINA-BPM071:Bpm.PHA_DIFF_Y1,BPM (beam position monitor)
4817,LINA-BPM071,LINA-BPM071:Bpm.PHA_DIFF_Y2,BPM (beam position monitor)
4817,LINA-BPM071,LINA-BPM071:Bpm.PHA_REF,BPM (beam position monitor)
4817,LINA-BPM071,LINA-BPM071:Bpm.PHA_VECTORSUM,BPM (beam position monitor)
4817,LINA-BPM071,LINA-BPM071:Bpm.POSITION_X,BPM (beam position monitor)
4817,LINA-BPM071,LINA-BPM071:Bpm.POSITION_Y,BPM (beam position monitor)
4817,LINA-BPM071,LINA-BPM071:Bpm.REF_SEL,BPM (beam position monitor)
4817,LINA-BPM081,LINA-BPM081:Bpm.AMPX1,BPM (beam position monitor)
4817,LINA-BPM081,LINA-BPM081:Bpm.AMPX2,BPM (beam position monitor)
4817,LINA-BPM081,LINA-BPM081:Bpm.AMPY1,BPM (beam position monitor)
4817,LINA-BPM081,LINA-BPM081:Bpm.AMPY2,BPM (beam position monitor)
4817,LINA-BPM081,LINA-BPM081:Bpm.AMP_REF,BPM (beam position monitor)
4817,LINA-BPM081,LINA-BPM081:Bpm.AMP_VECTORSUM,BPM (beam position monitor)
4817,LINA-BPM081,LINA-BPM081:Bpm.ELLIPTICITY,BPM (beam position monitor)
4817,LINA-BPM081,LINA-BPM081:Bpm.PHA_DIFF_X1,BPM (beam position monitor)
4817,LINA-BPM081,LINA-BPM081:Bpm.PHA_DIFF_X2,BPM (beam position monitor)
4817,LINA-BPM081,LINA-BPM081:Bpm.PHA_DIFF_Y1,BPM (beam position monitor)
4817,LINA-BPM081,LINA-BPM081:Bpm.PHA_DIFF_Y2,BPM (beam position monitor)
4817,LINA-BPM081,LINA-BPM081:Bpm.PHA_REF,BPM (beam position monitor)
4817,LINA-BPM081,LINA-BPM081:Bpm.PHA_VECTORSUM,BPM (beam position monitor)
4817,LINA-BPM081,LINA-BPM081:Bpm.POSITION_X,BPM (beam position monitor)
4817,LINA-BPM081,LINA-BPM081:Bpm.POSITION_Y,BPM (beam position monitor)
4817,LINA-BPM081,LINA-BPM081:Bpm.REF_SEL,BPM (beam position monitor)
4817,LINA-BPM091,LINA-BPM091:Bpm.AMPX1,BPM (beam position monitor)
4817,LINA-BPM091,LINA-BPM091:Bpm.AMPX2,BPM (beam position monitor)
4817,LINA-BPM091,LINA-BPM091:Bpm.AMPY1,BPM (beam position monitor)
4817,LINA-BPM091,LINA-BPM091:Bpm.AMPY2,BPM (beam position monitor)
4817,LINA-BPM091,LINA-BPM091:Bpm.AMP_REF,BPM (beam position monitor)
4817,LINA-BPM091,LINA-BPM091:Bpm.AMP_VECTORSUM,BPM (beam position monitor)
4817,LINA-BPM091,LINA-BPM091:Bpm.ELLIPTICITY,BPM (beam position monitor)
4817,LINA-BPM091,LINA-BPM091:Bpm.PHA_DIFF_X1,BPM (beam position monitor)
4817,LINA-BPM091,LINA-BPM091:Bpm.PHA_DIFF_X2,BPM (beam position monitor)
4817,LINA-BPM091,LINA-BPM091:Bpm.PHA_DIFF_Y1,BPM (beam position monitor)
4817,LINA-BPM091,LINA-BPM091:Bpm.PHA_DIFF_Y2,BPM (beam position monitor)
4817,LINA-BPM091,LINA-BPM091:Bpm.PHA_REF,BPM (beam position monitor)
4817,LINA-BPM091,LINA-BPM091:Bpm.PHA_VECTORSUM,BPM (beam position monitor)
4817,LINA-BPM091,LINA-BPM091:Bpm.POSITION_X,BPM (beam position monitor)
4817,LINA-BPM091,LINA-BPM091:Bpm.POSITION_Y,BPM (beam position monitor)
4817,LINA-BPM091,LINA-BPM091:Bpm.REF_SEL,BPM (beam position monitor)
4817,LINA-BPM101,LINA-BPM101:Bpm.AMPX1,BPM (beam position monitor)
4817,LINA-BPM101,LINA-BPM101:Bpm.AMPX2,BPM (beam position monitor)
4817,LINA-BPM101,LINA-BPM101:Bpm.AMPY1,BPM (beam position monitor)
4817,LINA-BPM101,LINA-BPM101:Bpm.AMPY2,BPM (beam position monitor)
4817,LINA-BPM101,LINA-BPM101:Bpm.AMP_REF,BPM (beam position monitor)
4817,LINA-BPM101,LINA-BPM101:Bpm.AMP_VECTORSUM,BPM (beam position monitor)
4817,LINA-BPM101,LINA-BPM101:Bpm.ELLIPTICITY,BPM (beam position monitor)
4817,LINA-BPM101,LINA-BPM101:Bpm.PHA_DIFF_X1,BPM (beam position monitor)
4817,LINA-BPM101,LINA-BPM101:Bpm.PHA_DIFF_X2,BPM (beam position monitor)
4817,LINA-BPM101,LINA-BPM101:Bpm.PHA_DIFF_Y1,BPM (beam position monitor)
4817,LINA-BPM101,LINA-BPM101:Bpm.PHA_DIFF_Y2,BPM (beam position monitor)
4817,LINA-BPM101,LINA-BPM101:Bpm.PHA_REF,BPM (beam position monitor)
4817,LINA-BPM101,LINA-BPM101:Bpm.PHA_VECTORSUM,BPM (beam position monitor)
4817,LINA-BPM101,LINA-BPM101:Bpm.POSITION_X,BPM (beam position monitor)
4817,LINA-BPM101,LINA-BPM101:Bpm.POSITION_Y,BPM (beam position monitor)
4817,LINA-BPM101,LINA-BPM101:Bpm.REF_SEL,BPM (beam position monitor)
4817,LINA-BPM111,LINA-BPM111:Bpm.AMPX1,BPM (beam position monitor)
4817,LINA-BPM111,LINA-BPM111:Bpm.AMPX2,BPM (beam position monitor)
4817,LINA-BPM111,LINA-BPM111:Bpm.AMPY1,BPM (beam position monitor)
4817,LINA-BPM111,LINA-BPM111:Bpm.AMPY2,BPM (beam position monitor)
4817,LINA-BPM111,LINA-BPM111:Bpm.AMP_REF,BPM (beam position monitor)
4817,LINA-BPM111,LINA-BPM111:Bpm.AMP_VECTORSUM,BPM (beam position monitor)
4817,LINA-BPM111,LINA-BPM111:Bpm.ELLIPTICITY,BPM (beam position monitor)
4817,LINA-BPM111,LINA-BPM111:Bpm.PHA_DIFF_X1,BPM (beam position monitor)
4817,LINA-BPM111,LINA-BPM111:Bpm.PHA_DIFF_X2,BPM (beam position monitor)
4817,LINA-BPM111,LINA-BPM111:Bpm.PHA_DIFF_Y1,BPM (beam position monitor)
4817,LINA-BPM111,LINA-BPM111:Bpm.PHA_DIFF_Y2,BPM (beam position monitor)
4817,LINA-BPM111,LINA-BPM111:Bpm.PHA_REF,BPM (beam position monitor)
4817,LINA-BPM111,LINA-BPM111:Bpm.PHA_VECTORSUM,BPM (beam position monitor)
4817,LINA-BPM111,LINA-BPM111:Bpm.POSITION_X,BPM (beam position monitor)
4817,LINA-BPM111,LINA-BPM111:Bpm.POSITION_Y,BPM (beam position monitor)
4817,LINA-BPM111,LINA-BPM111:Bpm.REF_SEL,BPM (beam position monitor)
4817,LINA-BPM121,LINA-BPM121:Bpm.AMPX1,BPM (beam position monitor)
4817,LINA-BPM121,LINA-BPM121:Bpm.AMPX2,BPM (beam position monitor)
4817,LINA-BPM121,LINA-BPM121:Bpm.AMPY1,BPM (beam position monitor)
4817,LINA-BPM121,LINA-BPM121:Bpm.AMPY2,BPM (beam position monitor)
4817,LINA-BPM121,LINA-BPM121:Bpm.AMP_REF,BPM (beam position monitor)
4817,LINA-BPM121,LINA-BPM121:Bpm.AMP_VECTORSUM,BPM (beam position monitor)
4817,LINA-BPM121,LINA-BPM121:Bpm.ELLIPTICITY,BPM (beam position monitor)
4817,LINA-BPM121,LINA-BPM121:Bpm.PHA_DIFF_X1,BPM (beam position monitor)
4817,LINA-BPM121,LINA-BPM121:Bpm.PHA_DIFF_X2,BPM (beam position monitor)
4817,LINA-BPM121,LINA-BPM121:Bpm.PHA_DIFF_Y1,BPM (beam position monitor)
4817,LINA-BPM121,LINA-BPM121:Bpm.PHA_DIFF_Y2,BPM (beam position monitor)
4817,LINA-BPM121,LINA-BPM121:Bpm.PHA_REF,BPM (beam position monitor)
4817,LINA-BPM121,LINA-BPM121:Bpm.PHA_VECTORSUM,BPM (beam position monitor)
4817,LINA-BPM121,LINA-BPM121:Bpm.POSITION_X,BPM (beam position monitor)
4817,LINA-BPM121,LINA-BPM121:Bpm.POSITION_Y,BPM (beam position monitor)
4817,LINA-BPM121,LINA-BPM121:Bpm.REF_SEL,BPM (beam position monitor)
4817,LINA-BPMCALIB,LINA-BPM-CALIB:LectureRefH1,BPM (beam position monitor)
4817,LINA-BPMCALIB,LINA-BPM-CALIB:LectureRefH2,BPM (beam position monitor)
4817,LINA-BPMCALIB,LINA-BPM-CALIB:LectureRefRF,BPM (beam position monitor)
4817,LINA-BPMCALIB,LINA-BPM-CALIB:LectureTemp1,BPM (beam position monitor)
4817,LINA-BPMCALIB,LINA-BPM-CALIB:LectureTemp2,BPM (beam position monitor)
4817,LINA-BPMCALIB,LINA-BPM-CALIB:LectureTemp3,BPM (beam position monitor)
4817,LINA-BPMCALIB,LINA-BPM-CALIB:LectureTension12V,BPM (beam position monitor)
4817,LINA-VIDE,LINA-CMA01-EV1:JP1Mes,Vacuum
4817,LINA-VIDE,LINA-CMA01-EV1:JS1Mes,Vacuum
4817,LINA-VIDE,LINA-CMA02-EV1:JP1Mes,Vacuum
4817,LINA-VIDE,LINA-CMA02-EV1:JS1Mes,Vacuum
4817,LINA-VIDE,LINA-CMA03-EV1:JP1Mes,Vacuum
4817,LINA-VIDE,LINA-CMA03-EV1:JS1Mes,Vacuum
4817,LINA-VIDE,LINA-CMA04-EV1:JP1Mes,Vacuum
4817,LINA-VIDE,LINA-CMA04-EV1:JS1Mes,Vacuum
4817,LINA-VIDE,LINA-CMA05-EV1:JP1Mes,Vacuum
4817,LINA-VIDE,LINA-CMA05-EV1:JS1Mes,Vacuum
4817,LINA-VIDE,LINA-CMA06-EV1:JP1Mes,Vacuum
4817,LINA-VIDE,LINA-CMA06-EV1:JS1Mes,Vacuum
4817,LINA-VIDE,LINA-CMA07-EV1:JP1Mes,Vacuum
4817,LINA-VIDE,LINA-CMA07-EV1:JS1Mes,Vacuum
4817,LINA-VIDE,LINA-CMA08-EV1:JP1Mes,Vacuum
4817,LINA-VIDE,LINA-CMA08-EV1:JS1Mes,Vacuum
4817,LINA-VIDE,LINA-CMA09-EV1:JP1Mes,Vacuum
4817,LINA-VIDE,LINA-CMA09-EV1:JS1Mes,Vacuum
4817,LINA-VIDE,LINA-CMA10-EV1:JP1Mes,Vacuum
4817,LINA-VIDE,LINA-CMA10-EV1:JS1Mes,Vacuum
4817,LINA-VIDE,LINA-CMA11-EV1:JP1Mes,Vacuum
4817,LINA-VIDE,LINA-CMA11-EV1:JS1Mes,Vacuum
4817,LINA-VIDE,LINA-CMA12-EV1:JP1Mes,Vacuum
4817,LINA-VIDE,LINA-CMA12-EV1:JS1Mes,Vacuum
4817,LINA-VIDE,LINA-SC01-EV1:JP1Mes,Vacuum
4817,LINA-VIDE,LINA-SC01-EV1:JS1Mes,Vacuum
4817,LINA-VIDE,LINA-SC02-EV1:JP1Mes,Vacuum
4817,LINA-VIDE,LINA-SC02-EV1:JS1Mes,Vacuum
4817,LINA-VIDE,LINA-SC03-EV1:JP1Mes,Vacuum
4817,LINA-VIDE,LINA-SC03-EV1:JS1Mes,Vacuum
4817,LINA-VIDE,LINA-SC04-EV1:JP1Mes,Vacuum
4817,LINA-VIDE,LINA-SC04-EV1:JS1Mes,Vacuum
4817,LINA-VIDE,LINA-SC05-EV1:JP1Mes,Vacuum
4817,LINA-VIDE,LINA-SC05-EV1:JS1Mes,Vacuum
4817,LINA-VIDE,LINA-SC06-EV1:JP1Mes,Vacuum
4817,LINA-VIDE,LINA-SC06-EV1:JS1Mes,Vacuum
4817,LINA-VIDE,LINA-SC07-EV1:JP1Mes,Vacuum
4817,LINA-VIDE,LINA-SC07-EV1:JS1Mes,Vacuum
4817,LINA-VIDE,LINA-SC08-EV1:JP1Mes,Vacuum
4817,LINA-VIDE,LINA-SC08-EV1:JS1Mes,Vacuum
4817,LINA-VIDE,LINA-SC09-EV1:JP1Mes,Vacuum
4817,LINA-VIDE,LINA-SC09-EV1:JS1Mes,Vacuum
4817,LINA-VIDE,LINA-SC10-EV1:JP1Mes,Vacuum
4817,LINA-VIDE,LINA-SC10-EV1:JS1Mes,Vacuum
4817,LINA-VIDE,LINA-SC11-EV1:JP1Mes,Vacuum
4817,LINA-VIDE,LINA-SC11-EV1:JS1Mes,Vacuum
4817,LINA-VIDE,LINA-SC12-EV1:JP1Mes,Vacuum
4817,LINA-VIDE,LINA-SC12-EV1:JS1Mes,Vacuum
4817,LINAC-ACCTDIFF,LINAC-ACCTDIFF-FAST:IMesCret,Beam current diagnostic (ACCT/DCCT)
4817,LINAC-ACCTDIFF,LINAC-ACCTDIFF-SURV:ICptHard1Mes,Beam current diagnostic (ACCT/DCCT)
4817,LINAC-ACCTDIFF,LINAC-ACCTDIFF-SURV:ICptSoft4Mes,Beam current diagnostic (ACCT/DCCT)
4817,LINAC-BLM,BLM-M1:Mob_BOnCnt_Meas,BLM (beam loss monitor)
4817,LINAC-BLM,BLM-M2:Mob_BOnCnt_Meas,BLM (beam loss monitor)
4817,LINAC-BLM,BLM-M3:Mob_BOnCnt_Meas,BLM (beam loss monitor)
4817,LINAC-BLM,BLM-M4:Mob_BOnCnt_Meas,BLM (beam loss monitor)
4817,LINAC-BLM,BLM-M5:Mob_BOnCnt_Meas,BLM (beam loss monitor)
4817,LINAC-BLM,LHE1-BLM11:AlarmCntThld_RB,BLM (beam loss monitor)
4817,LINAC-BLM,LHE1-BLM11:AlarmStatus_Act,BLM (beam loss monitor)
4817,LINAC-BLM,LHE1-BLM11:BOnCnt_Meas,BLM (beam loss monitor)
4817,LINAC-BLM,LHE1-BLM11:EPSStatus_Act,BLM (beam loss monitor)
4817,LINAC-BLM,LHE1-BLM11:Meas,BLM (beam loss monitor)
4817,LINAC-BLM,LHE1-BLM12:AlarmCntThld_RB,BLM (beam loss monitor)
4817,LINAC-BLM,LHE1-BLM12:AlarmStatus_Act,BLM (beam loss monitor)
4817,LINAC-BLM,LHE1-BLM12:BOnCnt_Meas,BLM (beam loss monitor)
4817,LINAC-BLM,LHE1-BLM12:EPSStatus_Act,BLM (beam loss monitor)
4817,LINAC-BLM,LHE1-BLM12:Meas,BLM (beam loss monitor)
4817,LINAC-BLM,LHE1-BLM13:AlarmCntThld_RB,BLM (beam loss monitor)
4817,LINAC-BLM,LHE1-BLM13:AlarmStatus_Act,BLM (beam loss monitor)
4817,LINAC-BLM,LHE1-BLM13:BOnCnt_Meas,BLM (beam loss monitor)
4817,LINAC-BLM,LHE1-BLM13:EPSStatus_Act,BLM (beam loss monitor)
4817,LINAC-BLM,LHE1-BLM13:Meas,BLM (beam loss monitor)
4817,LINAC-BLM,LHE2-BLM11:AlarmCntThld_RB,BLM (beam loss monitor)
4817,LINAC-BLM,LHE2-BLM11:AlarmStatus_Act,BLM (beam loss monitor)
4817,LINAC-BLM,LHE2-BLM11:BOnCnt_Meas,BLM (beam loss monitor)
4817,LINAC-BLM,LHE2-BLM11:EPSStatus_Act,BLM (beam loss monitor)
4817,LINAC-BLM,LHE2-BLM11:Meas,BLM (beam loss monitor)
4817,LINAC-BLM,LHE2-BLM21:AlarmCntThld_RB,BLM (beam loss monitor)
4817,LINAC-BLM,LHE2-BLM21:AlarmStatus_Act,BLM (beam loss monitor)
4817,LINAC-BLM,LHE2-BLM21:BOnCnt_Meas,BLM (beam loss monitor)
4817,LINAC-BLM,LHE2-BLM21:EPSStatus_Act,BLM (beam loss monitor)
4817,LINAC-BLM,LHE2-BLM21:Meas,BLM (beam loss monitor)
4817,LINAC-BLM,LHNFS-BLM11:AlarmCntThld_RB,BLM (beam loss monitor)
4817,LINAC-BLM,LHNFS-BLM11:AlarmStatus_Act,BLM (beam loss monitor)
4817,LINAC-BLM,LHNFS-BLM11:BOnCnt_Meas,BLM (beam loss monitor)
4817,LINAC-BLM,LHNFS-BLM11:EPSStatus_Act,BLM (beam loss monitor)
4817,LINAC-BLM,LHNFS-BLM11:Meas,BLM (beam loss monitor)
4817,LINAC-BLM,LHS3N-BLM11:BOnCnt_Meas,BLM (beam loss monitor)
4817,LINAC-BLM,LHS3N-BLM11:Meas,BLM (beam loss monitor)
4817,LINAC-BLM,LINA-BLM01:AlarmCntThld_RB,BLM (beam loss monitor)
4817,LINAC-BLM,LINA-BLM01:AlarmStatus_Act,BLM (beam loss monitor)
4817,LINAC-BLM,LINA-BLM01:BOnCnt_Meas,BLM (beam loss monitor)
4817,LINAC-BLM,LINA-BLM01:EPSStatus_Act,BLM (beam loss monitor)
4817,LINAC-BLM,LINA-BLM01:Meas,BLM (beam loss monitor)
4817,LINAC-BLM,LINA-BLM02:AlarmCntThld_RB,BLM (beam loss monitor)
4817,LINAC-BLM,LINA-BLM02:AlarmStatus_Act,BLM (beam loss monitor)
4817,LINAC-BLM,LINA-BLM02:BOnCnt_Meas,BLM (beam loss monitor)
4817,LINAC-BLM,LINA-BLM02:EPSStatus_Act,BLM (beam loss monitor)
4817,LINAC-BLM,LINA-BLM02:Meas,BLM (beam loss monitor)
4817,LINAC-BLM,LINA-BLM03:AlarmCntThld_RB,BLM (beam loss monitor)
4817,LINAC-BLM,LINA-BLM03:AlarmStatus_Act,BLM (beam loss monitor)
4817,LINAC-BLM,LINA-BLM03:BOnCnt_Meas,BLM (beam loss monitor)
4817,LINAC-BLM,LINA-BLM03:EPSStatus_Act,BLM (beam loss monitor)
4817,LINAC-BLM,LINA-BLM03:Meas,BLM (beam loss monitor)
4817,LINAC-BLM,LINA-BLM04:AlarmCntThld_RB,BLM (beam loss monitor)
4817,LINAC-BLM,LINA-BLM04:AlarmStatus_Act,BLM (beam loss monitor)
4817,LINAC-BLM,LINA-BLM04:BOnCnt_Meas,BLM (beam loss monitor)
4817,LINAC-BLM,LINA-BLM04:EPSStatus_Act,BLM (beam loss monitor)
4817,LINAC-BLM,LINA-BLM04:Meas,BLM (beam loss monitor)
4817,LINAC-BLM,LINA-BLM05:AlarmCntThld_RB,BLM (beam loss monitor)
4817,LINAC-BLM,LINA-BLM05:AlarmStatus_Act,BLM (beam loss monitor)
4817,LINAC-BLM,LINA-BLM05:BOnCnt_Meas,BLM (beam loss monitor)
4817,LINAC-BLM,LINA-BLM05:EPSStatus_Act,BLM (beam loss monitor)
4817,LINAC-BLM,LINA-BLM05:Meas,BLM (beam loss monitor)
4817,LINAC-BLM,LINA-BLM06:AlarmCntThld_RB,BLM (beam loss monitor)
4817,LINAC-BLM,LINA-BLM06:AlarmStatus_Act,BLM (beam loss monitor)
4817,LINAC-BLM,LINA-BLM06:BOnCnt_Meas,BLM (beam loss monitor)
4817,LINAC-BLM,LINA-BLM06:EPSStatus_Act,BLM (beam loss monitor)
4817,LINAC-BLM,LINA-BLM06:Meas,BLM (beam loss monitor)
4817,LINAC-BLM,LINA-BLM07:AlarmCntThld_RB,BLM (beam loss monitor)
4817,LINAC-BLM,LINA-BLM07:AlarmStatus_Act,BLM (beam loss monitor)
4817,LINAC-BLM,LINA-BLM07:BOnCnt_Meas,BLM (beam loss monitor)
4817,LINAC-BLM,LINA-BLM07:EPSStatus_Act,BLM (beam loss monitor)
4817,LINAC-BLM,LINA-BLM07:Meas,BLM (beam loss monitor)
4817,LINAC-BLM,LINA-BLM08:AlarmCntThld_RB,BLM (beam loss monitor)
4817,LINAC-BLM,LINA-BLM08:AlarmStatus_Act,BLM (beam loss monitor)
4817,LINAC-BLM,LINA-BLM08:BOnCnt_Meas,BLM (beam loss monitor)
4817,LINAC-BLM,LINA-BLM08:EPSStatus_Act,BLM (beam loss monitor)
4817,LINAC-BLM,LINA-BLM08:Meas,BLM (beam loss monitor)
4817,LINAC-BLM,LINA-BLM09:AlarmCntThld_RB,BLM (beam loss monitor)
4817,LINAC-BLM,LINA-BLM09:AlarmStatus_Act,BLM (beam loss monitor)
4817,LINAC-BLM,LINA-BLM09:BOnCnt_Meas,BLM (beam loss monitor)
4817,LINAC-BLM,LINA-BLM09:EPSStatus_Act,BLM (beam loss monitor)
4817,LINAC-BLM,LINA-BLM09:Meas,BLM (beam loss monitor)
4817,LINAC-BLM,LINA-BLM10:AlarmCntThld_RB,BLM (beam loss monitor)
4817,LINAC-BLM,LINA-BLM10:AlarmStatus_Act,BLM (beam loss monitor)
4817,LINAC-BLM,LINA-BLM10:BOnCnt_Meas,BLM (beam loss monitor)
4817,LINAC-BLM,LINA-BLM10:EPSStatus_Act,BLM (beam loss monitor)
4817,LINAC-BLM,LINA-BLM10:Meas,BLM (beam loss monitor)
4817,LINAC-BLM,LINA-BLM11:AlarmCntThld_RB,BLM (beam loss monitor)
4817,LINAC-BLM,LINA-BLM11:AlarmStatus_Act,BLM (beam loss monitor)
4817,LINAC-BLM,LINA-BLM11:BOnCnt_Meas,BLM (beam loss monitor)
4817,LINAC-BLM,LINA-BLM11:EPSStatus_Act,BLM (beam loss monitor)
4817,LINAC-BLM,LINA-BLM11:Meas,BLM (beam loss monitor)
4817,LINAC-BLM,LINA-BLM12:AlarmCntThld_RB,BLM (beam loss monitor)
4817,LINAC-BLM,LINA-BLM12:AlarmStatus_Act,BLM (beam loss monitor)
4817,LINAC-BLM,LINA-BLM12:BOnCnt_Meas,BLM (beam loss monitor)
4817,LINAC-BLM,LINA-BLM12:EPSStatus_Act,BLM (beam loss monitor)
4817,LINAC-BLM,LINA-BLM12:Meas,BLM (beam loss monitor)
4817,LINAC-BLM,LINB-BLM01:AlarmCntThld_RB,BLM (beam loss monitor)
4817,LINAC-BLM,LINB-BLM01:AlarmStatus_Act,BLM (beam loss monitor)
4817,LINAC-BLM,LINB-BLM01:BOnCnt_Meas,BLM (beam loss monitor)
4817,LINAC-BLM,LINB-BLM01:EPSStatus_Act,BLM (beam loss monitor)
4817,LINAC-BLM,LINB-BLM01:Meas,BLM (beam loss monitor)
4817,LINAC-BLM,LINB-BLM02:AlarmCntThld_RB,BLM (beam loss monitor)
4817,LINAC-BLM,LINB-BLM02:AlarmStatus_Act,BLM (beam loss monitor)
4817,LINAC-BLM,LINB-BLM02:BOnCnt_Meas,BLM (beam loss monitor)
4817,LINAC-BLM,LINB-BLM02:EPSStatus_Act,BLM (beam loss monitor)
4817,LINAC-BLM,LINB-BLM02:Meas,BLM (beam loss monitor)
4817,LINAC-BLM,LINB-BLM03:AlarmCntThld_RB,BLM (beam loss monitor)
4817,LINAC-BLM,LINB-BLM03:AlarmStatus_Act,BLM (beam loss monitor)
4817,LINAC-BLM,LINB-BLM03:BOnCnt_Meas,BLM (beam loss monitor)
4817,LINAC-BLM,LINB-BLM03:EPSStatus_Act,BLM (beam loss monitor)
4817,LINAC-BLM,LINB-BLM03:Meas,BLM (beam loss monitor)
4817,LINAC-BLM,LINB-BLM04:AlarmCntThld_RB,BLM (beam loss monitor)
4817,LINAC-BLM,LINB-BLM04:AlarmStatus_Act,BLM (beam loss monitor)
4817,LINAC-BLM,LINB-BLM04:BOnCnt_Meas,BLM (beam loss monitor)
4817,LINAC-BLM,LINB-BLM04:EPSStatus_Act,BLM (beam loss monitor)
4817,LINAC-BLM,LINB-BLM04:Meas,BLM (beam loss monitor)
4817,LINAC-BLM,LINB-BLM05:AlarmCntThld_RB,BLM (beam loss monitor)
4817,LINAC-BLM,LINB-BLM05:AlarmStatus_Act,BLM (beam loss monitor)
4817,LINAC-BLM,LINB-BLM05:BOnCnt_Meas,BLM (beam loss monitor)
4817,LINAC-BLM,LINB-BLM05:EPSStatus_Act,BLM (beam loss monitor)
4817,LINAC-BLM,LINB-BLM05:Meas,BLM (beam loss monitor)
4817,LINAC-BLM,LINB-BLM06:AlarmCntThld_RB,BLM (beam loss monitor)
4817,LINAC-BLM,LINB-BLM06:AlarmStatus_Act,BLM (beam loss monitor)
4817,LINAC-BLM,LINB-BLM06:BOnCnt_Meas,BLM (beam loss monitor)
4817,LINAC-BLM,LINB-BLM06:EPSStatus_Act,BLM (beam loss monitor)
4817,LINAC-BLM,LINB-BLM06:Meas,BLM (beam loss monitor)
4817,LINAC-BLM,LINB-BLM07:AlarmCntThld_RB,BLM (beam loss monitor)
4817,LINAC-BLM,LINB-BLM07:AlarmStatus_Act,BLM (beam loss monitor)
4817,LINAC-BLM,LINB-BLM07:BOnCnt_Meas,BLM (beam loss monitor)
4817,LINAC-BLM,LINB-BLM07:EPSStatus_Act,BLM (beam loss monitor)
4817,LINAC-BLM,LINB-BLM07:Meas,BLM (beam loss monitor)
4817,LINAC-BLM,LINB-BLM08:AlarmCntThld_RB,BLM (beam loss monitor)
4817,LINAC-BLM,LINB-BLM08:AlarmStatus_Act,BLM (beam loss monitor)
4817,LINAC-BLM,LINB-BLM08:BOnCnt_Meas,BLM (beam loss monitor)
4817,LINAC-BLM,LINB-BLM08:EPSStatus_Act,BLM (beam loss monitor)
4817,LINAC-BLM,LINB-BLM08:Meas,BLM (beam loss monitor)
4817,LINAC-DCCTDIFF,LINAC-DCCTDIFF-SURV:ICptHard1Mes,Beam current diagnostic (ACCT/DCCT)
4817,LINAC-DCCTDIFF,LINAC-DCCTDIFF-SURV:ICptSoft4Mes,Beam current diagnostic (ACCT/DCCT)
4817,LINAC-TURBO,LINA-SC01-GT:Pwd,Vacuum
4817,LINAC-TURBO,LINA-SC01-GT:Temp,Vacuum
4817,LINAC-TURBO,LINA-SC02-GT:Pwd,Vacuum
4817,LINAC-TURBO,LINA-SC02-GT:Temp,Vacuum
4817,LINAC-TURBO,LINA-SC03-GT:Pwd,Vacuum
4817,LINAC-TURBO,LINA-SC03-GT:Temp,Vacuum
4817,LINAC-TURBO,LINA-SC04-GT:Pwd,Vacuum
4817,LINAC-TURBO,LINA-SC04-GT:Temp,Vacuum
4817,LINAC-TURBO,LINA-SC05-GT:Pwd,Vacuum
4817,LINAC-TURBO,LINA-SC05-GT:Temp,Vacuum
4817,LINAC-TURBO,LINA-SC06-GT:Pwd,Vacuum
4817,LINAC-TURBO,LINA-SC06-GT:Temp,Vacuum
4817,LINAC-TURBO,LINA-SC07-GT:Pwd,Vacuum
4817,LINAC-TURBO,LINA-SC07-GT:Temp,Vacuum
4817,LINAC-TURBO,LINA-SC08-GT:Pwd,Vacuum
4817,LINAC-TURBO,LINA-SC08-GT:Temp,Vacuum
4817,LINAC-TURBO,LINA-SC09-GT:Pwd,Vacuum
4817,LINAC-TURBO,LINA-SC09-GT:Temp,Vacuum
4817,LINAC-TURBO,LINA-SC10-GT:Pwd,Vacuum
4817,LINAC-TURBO,LINA-SC10-GT:Temp,Vacuum
4817,LINAC-TURBO,LINA-SC11-GT:Pwd,Vacuum
4817,LINAC-TURBO,LINA-SC11-GT:Temp,Vacuum
4817,LINAC-TURBO,LINA-SC12-GT:Pwd,Vacuum
4817,LINAC-TURBO,LINA-SC12-GT:Temp,Vacuum
4817,LINAC-TURBO,LINB-SC01-GT:Pwd,Vacuum
4817,LINAC-TURBO,LINB-SC01-GT:Temp,Vacuum
4817,LINAC-TURBO,LINB-SC02-GT:Pwd,Vacuum
4817,LINAC-TURBO,LINB-SC02-GT:Temp,Vacuum
4817,LINAC-TURBO,LINB-SC03-GT:Pwd,Vacuum
4817,LINAC-TURBO,LINB-SC03-GT:Temp,Vacuum
4817,LINAC-TURBO,LINB-SC04-GT:Pwd,Vacuum
4817,LINAC-TURBO,LINB-SC04-GT:Temp,Vacuum
4817,LINAC-TURBO,LINB-SC05-GT:Pwd,Vacuum
4817,LINAC-TURBO,LINB-SC05-GT:Temp,Vacuum
4817,LINAC-TURBO,LINB-SC06-GT:Pwd,Vacuum
4817,LINAC-TURBO,LINB-SC06-GT:Temp,Vacuum
4817,LINAC-TURBO,LINB-SC07-GT:Pwd,Vacuum
4817,LINAC-TURBO,LINB-SC07-GT:Temp,Vacuum
4817,LINAC-TURBO,LINB-SC08-GT:Pwd,Vacuum
4817,LINAC-TURBO,LINB-SC08-GT:Temp,Vacuum
4817,LINB-BPM011,LINB-BPM011:Bpm.AMPX1,BPM (beam position monitor)
4817,LINB-BPM011,LINB-BPM011:Bpm.AMPX2,BPM (beam position monitor)
4817,LINB-BPM011,LINB-BPM011:Bpm.AMPY1,BPM (beam position monitor)
4817,LINB-BPM011,LINB-BPM011:Bpm.AMPY2,BPM (beam position monitor)
4817,LINB-BPM011,LINB-BPM011:Bpm.AMP_REF,BPM (beam position monitor)
4817,LINB-BPM011,LINB-BPM011:Bpm.AMP_VECTORSUM,BPM (beam position monitor)
4817,LINB-BPM011,LINB-BPM011:Bpm.ELLIPTICITY,BPM (beam position monitor)
4817,LINB-BPM011,LINB-BPM011:Bpm.PHA_DIFF_X1,BPM (beam position monitor)
4817,LINB-BPM011,LINB-BPM011:Bpm.PHA_DIFF_X2,BPM (beam position monitor)
4817,LINB-BPM011,LINB-BPM011:Bpm.PHA_DIFF_Y1,BPM (beam position monitor)
4817,LINB-BPM011,LINB-BPM011:Bpm.PHA_DIFF_Y2,BPM (beam position monitor)
4817,LINB-BPM011,LINB-BPM011:Bpm.PHA_REF,BPM (beam position monitor)
4817,LINB-BPM011,LINB-BPM011:Bpm.PHA_VECTORSUM,BPM (beam position monitor)
4817,LINB-BPM011,LINB-BPM011:Bpm.POSITION_X,BPM (beam position monitor)
4817,LINB-BPM011,LINB-BPM011:Bpm.POSITION_Y,BPM (beam position monitor)
4817,LINB-BPM011,LINB-BPM011:Bpm.REF_SEL,BPM (beam position monitor)
4817,LINB-BPM021,LINB-BPM021:Bpm.AMPX1,BPM (beam position monitor)
4817,LINB-BPM021,LINB-BPM021:Bpm.AMPX2,BPM (beam position monitor)
4817,LINB-BPM021,LINB-BPM021:Bpm.AMPY1,BPM (beam position monitor)
4817,LINB-BPM021,LINB-BPM021:Bpm.AMPY2,BPM (beam position monitor)
4817,LINB-BPM021,LINB-BPM021:Bpm.AMP_REF,BPM (beam position monitor)
4817,LINB-BPM021,LINB-BPM021:Bpm.AMP_VECTORSUM,BPM (beam position monitor)
4817,LINB-BPM021,LINB-BPM021:Bpm.ELLIPTICITY,BPM (beam position monitor)
4817,LINB-BPM021,LINB-BPM021:Bpm.PHA_DIFF_X1,BPM (beam position monitor)
4817,LINB-BPM021,LINB-BPM021:Bpm.PHA_DIFF_X2,BPM (beam position monitor)
4817,LINB-BPM021,LINB-BPM021:Bpm.PHA_DIFF_Y1,BPM (beam position monitor)
4817,LINB-BPM021,LINB-BPM021:Bpm.PHA_DIFF_Y2,BPM (beam position monitor)
4817,LINB-BPM021,LINB-BPM021:Bpm.PHA_REF,BPM (beam position monitor)
4817,LINB-BPM021,LINB-BPM021:Bpm.PHA_VECTORSUM,BPM (beam position monitor)
4817,LINB-BPM021,LINB-BPM021:Bpm.POSITION_X,BPM (beam position monitor)
4817,LINB-BPM021,LINB-BPM021:Bpm.POSITION_Y,BPM (beam position monitor)
4817,LINB-BPM021,LINB-BPM021:Bpm.REF_SEL,BPM (beam position monitor)
4817,LINB-BPM031,LINB-BPM031:Bpm.AMPX1,BPM (beam position monitor)
4817,LINB-BPM031,LINB-BPM031:Bpm.AMPX2,BPM (beam position monitor)
4817,LINB-BPM031,LINB-BPM031:Bpm.AMPY1,BPM (beam position monitor)
4817,LINB-BPM031,LINB-BPM031:Bpm.AMPY2,BPM (beam position monitor)
4817,LINB-BPM031,LINB-BPM031:Bpm.AMP_REF,BPM (beam position monitor)
4817,LINB-BPM031,LINB-BPM031:Bpm.AMP_VECTORSUM,BPM (beam position monitor)
4817,LINB-BPM031,LINB-BPM031:Bpm.ELLIPTICITY,BPM (beam position monitor)
4817,LINB-BPM031,LINB-BPM031:Bpm.PHA_DIFF_X1,BPM (beam position monitor)
4817,LINB-BPM031,LINB-BPM031:Bpm.PHA_DIFF_X2,BPM (beam position monitor)
4817,LINB-BPM031,LINB-BPM031:Bpm.PHA_DIFF_Y1,BPM (beam position monitor)
4817,LINB-BPM031,LINB-BPM031:Bpm.PHA_DIFF_Y2,BPM (beam position monitor)
4817,LINB-BPM031,LINB-BPM031:Bpm.PHA_REF,BPM (beam position monitor)
4817,LINB-BPM031,LINB-BPM031:Bpm.PHA_VECTORSUM,BPM (beam position monitor)
4817,LINB-BPM031,LINB-BPM031:Bpm.POSITION_X,BPM (beam position monitor)
4817,LINB-BPM031,LINB-BPM031:Bpm.POSITION_Y,BPM (beam position monitor)
4817,LINB-BPM031,LINB-BPM031:Bpm.REF_SEL,BPM (beam position monitor)
4817,LINB-BPM041,LINB-BPM041:Bpm.AMPX1,BPM (beam position monitor)
4817,LINB-BPM041,LINB-BPM041:Bpm.AMPX2,BPM (beam position monitor)
4817,LINB-BPM041,LINB-BPM041:Bpm.AMPY1,BPM (beam position monitor)
4817,LINB-BPM041,LINB-BPM041:Bpm.AMPY2,BPM (beam position monitor)
4817,LINB-BPM041,LINB-BPM041:Bpm.AMP_REF,BPM (beam position monitor)
4817,LINB-BPM041,LINB-BPM041:Bpm.AMP_VECTORSUM,BPM (beam position monitor)
4817,LINB-BPM041,LINB-BPM041:Bpm.ELLIPTICITY,BPM (beam position monitor)
4817,LINB-BPM041,LINB-BPM041:Bpm.PHA_DIFF_X1,BPM (beam position monitor)
4817,LINB-BPM041,LINB-BPM041:Bpm.PHA_DIFF_X2,BPM (beam position monitor)
4817,LINB-BPM041,LINB-BPM041:Bpm.PHA_DIFF_Y1,BPM (beam position monitor)
4817,LINB-BPM041,LINB-BPM041:Bpm.PHA_DIFF_Y2,BPM (beam position monitor)
4817,LINB-BPM041,LINB-BPM041:Bpm.PHA_REF,BPM (beam position monitor)
4817,LINB-BPM041,LINB-BPM041:Bpm.PHA_VECTORSUM,BPM (beam position monitor)
4817,LINB-BPM041,LINB-BPM041:Bpm.POSITION_X,BPM (beam position monitor)
4817,LINB-BPM041,LINB-BPM041:Bpm.POSITION_Y,BPM (beam position monitor)
4817,LINB-BPM041,LINB-BPM041:Bpm.REF_SEL,BPM (beam position monitor)
4817,LINB-BPM051,LINB-BPM051:Bpm.AMPX1,BPM (beam position monitor)
4817,LINB-BPM051,LINB-BPM051:Bpm.AMPX2,BPM (beam position monitor)
4817,LINB-BPM051,LINB-BPM051:Bpm.AMPY1,BPM (beam position monitor)
4817,LINB-BPM051,LINB-BPM051:Bpm.AMPY2,BPM (beam position monitor)
4817,LINB-BPM051,LINB-BPM051:Bpm.AMP_REF,BPM (beam position monitor)
4817,LINB-BPM051,LINB-BPM051:Bpm.AMP_VECTORSUM,BPM (beam position monitor)
4817,LINB-BPM051,LINB-BPM051:Bpm.ELLIPTICITY,BPM (beam position monitor)
4817,LINB-BPM051,LINB-BPM051:Bpm.PHA_DIFF_X1,BPM (beam position monitor)
4817,LINB-BPM051,LINB-BPM051:Bpm.PHA_DIFF_X2,BPM (beam position monitor)
4817,LINB-BPM051,LINB-BPM051:Bpm.PHA_DIFF_Y1,BPM (beam position monitor)
4817,LINB-BPM051,LINB-BPM051:Bpm.PHA_DIFF_Y2,BPM (beam position monitor)
4817,LINB-BPM051,LINB-BPM051:Bpm.PHA_REF,BPM (beam position monitor)
4817,LINB-BPM051,LINB-BPM051:Bpm.PHA_VECTORSUM,BPM (beam position monitor)
4817,LINB-BPM051,LINB-BPM051:Bpm.POSITION_X,BPM (beam position monitor)
4817,LINB-BPM051,LINB-BPM051:Bpm.POSITION_Y,BPM (beam position monitor)
4817,LINB-BPM051,LINB-BPM051:Bpm.REF_SEL,BPM (beam position monitor)
4817,LINB-BPM061,LINB-BPM061:Bpm.AMPX1,BPM (beam position monitor)
4817,LINB-BPM061,LINB-BPM061:Bpm.AMPX2,BPM (beam position monitor)
4817,LINB-BPM061,LINB-BPM061:Bpm.AMPY1,BPM (beam position monitor)
4817,LINB-BPM061,LINB-BPM061:Bpm.AMPY2,BPM (beam position monitor)
4817,LINB-BPM061,LINB-BPM061:Bpm.AMP_REF,BPM (beam position monitor)
4817,LINB-BPM061,LINB-BPM061:Bpm.AMP_VECTORSUM,BPM (beam position monitor)
4817,LINB-BPM061,LINB-BPM061:Bpm.ELLIPTICITY,BPM (beam position monitor)
4817,LINB-BPM061,LINB-BPM061:Bpm.PHA_DIFF_X1,BPM (beam position monitor)
4817,LINB-BPM061,LINB-BPM061:Bpm.PHA_DIFF_X2,BPM (beam position monitor)
4817,LINB-BPM061,LINB-BPM061:Bpm.PHA_DIFF_Y1,BPM (beam position monitor)
4817,LINB-BPM061,LINB-BPM061:Bpm.PHA_DIFF_Y2,BPM (beam position monitor)
4817,LINB-BPM061,LINB-BPM061:Bpm.PHA_REF,BPM (beam position monitor)
4817,LINB-BPM061,LINB-BPM061:Bpm.PHA_VECTORSUM,BPM (beam position monitor)
4817,LINB-BPM061,LINB-BPM061:Bpm.POSITION_X,BPM (beam position monitor)
4817,LINB-BPM061,LINB-BPM061:Bpm.POSITION_Y,BPM (beam position monitor)
4817,LINB-BPM061,LINB-BPM061:Bpm.REF_SEL,BPM (beam position monitor)
4817,LINB-BPM071,LINB-BPM071:Bpm.AMPX1,BPM (beam position monitor)
4817,LINB-BPM071,LINB-BPM071:Bpm.AMPX2,BPM (beam position monitor)
4817,LINB-BPM071,LINB-BPM071:Bpm.AMPY1,BPM (beam position monitor)
4817,LINB-BPM071,LINB-BPM071:Bpm.AMPY2,BPM (beam position monitor)
4817,LINB-BPM071,LINB-BPM071:Bpm.AMP_REF,BPM (beam position monitor)
4817,LINB-BPM071,LINB-BPM071:Bpm.AMP_VECTORSUM,BPM (beam position monitor)
4817,LINB-BPM071,LINB-BPM071:Bpm.ELLIPTICITY,BPM (beam position monitor)
4817,LINB-BPM071,LINB-BPM071:Bpm.PHA_DIFF_X1,BPM (beam position monitor)
4817,LINB-BPM071,LINB-BPM071:Bpm.PHA_DIFF_X2,BPM (beam position monitor)
4817,LINB-BPM071,LINB-BPM071:Bpm.PHA_DIFF_Y1,BPM (beam position monitor)
4817,LINB-BPM071,LINB-BPM071:Bpm.PHA_DIFF_Y2,BPM (beam position monitor)
4817,LINB-BPM071,LINB-BPM071:Bpm.PHA_REF,BPM (beam position monitor)
4817,LINB-BPM071,LINB-BPM071:Bpm.PHA_VECTORSUM,BPM (beam position monitor)
4817,LINB-BPM071,LINB-BPM071:Bpm.POSITION_X,BPM (beam position monitor)
4817,LINB-BPM071,LINB-BPM071:Bpm.POSITION_Y,BPM (beam position monitor)
4817,LINB-BPM071,LINB-BPM071:Bpm.REF_SEL,BPM (beam position monitor)
4817,LINB-BPM081,LINB-BPM081:Bpm.AMPX1,BPM (beam position monitor)
4817,LINB-BPM081,LINB-BPM081:Bpm.AMPX2,BPM (beam position monitor)
4817,LINB-BPM081,LINB-BPM081:Bpm.AMPY1,BPM (beam position monitor)
4817,LINB-BPM081,LINB-BPM081:Bpm.AMPY2,BPM (beam position monitor)
4817,LINB-BPM081,LINB-BPM081:Bpm.AMP_REF,BPM (beam position monitor)
4817,LINB-BPM081,LINB-BPM081:Bpm.AMP_VECTORSUM,BPM (beam position monitor)
4817,LINB-BPM081,LINB-BPM081:Bpm.ELLIPTICITY,BPM (beam position monitor)
4817,LINB-BPM081,LINB-BPM081:Bpm.PHA_DIFF_X1,BPM (beam position monitor)
4817,LINB-BPM081,LINB-BPM081:Bpm.PHA_DIFF_X2,BPM (beam position monitor)
4817,LINB-BPM081,LINB-BPM081:Bpm.PHA_DIFF_Y1,BPM (beam position monitor)
4817,LINB-BPM081,LINB-BPM081:Bpm.PHA_DIFF_Y2,BPM (beam position monitor)
4817,LINB-BPM081,LINB-BPM081:Bpm.PHA_REF,BPM (beam position monitor)
4817,LINB-BPM081,LINB-BPM081:Bpm.PHA_VECTORSUM,BPM (beam position monitor)
4817,LINB-BPM081,LINB-BPM081:Bpm.POSITION_X,BPM (beam position monitor)
4817,LINB-BPM081,LINB-BPM081:Bpm.POSITION_Y,BPM (beam position monitor)
4817,LINB-BPM081,LINB-BPM081:Bpm.REF_SEL,BPM (beam position monitor)
4817,LINB-BPMSPA/BPMCALIB,LINB-BPM-CALIB:LectureRefH1,BPM (beam position monitor)
4817,LINB-BPMSPA/BPMCALIB,LINB-BPM-CALIB:LectureRefH2,BPM (beam position monitor)
4817,LINB-BPMSPA/BPMCALIB,LINB-BPM-CALIB:LectureRefRF,BPM (beam position monitor)
4817,LINB-BPMSPA/BPMCALIB,LINB-BPM-CALIB:LectureTemp1,BPM (beam position monitor)
4817,LINB-BPMSPA/BPMCALIB,LINB-BPM-CALIB:LectureTemp2,BPM (beam position monitor)
4817,LINB-BPMSPA/BPMCALIB,LINB-BPM-CALIB:LectureTemp3,BPM (beam position monitor)
4817,LINB-BPMSPA/BPMCALIB,LINB-BPM-CALIB:LectureTension12V,BPM (beam position monitor)
4817,LINB-BPMSPA/BPMCALIB,LINB-BPMSPA1:Bpm.AMP_REF,BPM (beam position monitor)
4817,LINB-BPMSPA/BPMCALIB,LINB-BPMSPA1:Bpm.AMP_VECTORSUM,BPM (beam position monitor)
4817,LINB-BPMSPA/BPMCALIB,LINB-BPMSPA1:Bpm.ELLIPTICITY,BPM (beam position monitor)
4817,LINB-BPMSPA/BPMCALIB,LINB-BPMSPA1:Bpm.PHA_REF,BPM (beam position monitor)
4817,LINB-BPMSPA/BPMCALIB,LINB-BPMSPA1:Bpm.PHA_VECTORSUM,BPM (beam position monitor)
4817,LINB-BPMSPA/BPMCALIB,LINB-BPMSPA1:Bpm.POSITION_X,BPM (beam position monitor)
4817,LINB-BPMSPA/BPMCALIB,LINB-BPMSPA1:Bpm.POSITION_Y,BPM (beam position monitor)
4817,LINB-BPMSPA/BPMCALIB,LINB-BPMSPA2:Bpm.AMP_REF,BPM (beam position monitor)
4817,LINB-BPMSPA/BPMCALIB,LINB-BPMSPA2:Bpm.AMP_VECTORSUM,BPM (beam position monitor)
4817,LINB-BPMSPA/BPMCALIB,LINB-BPMSPA2:Bpm.ELLIPTICITY,BPM (beam position monitor)
4817,LINB-BPMSPA/BPMCALIB,LINB-BPMSPA2:Bpm.PHA_REF,BPM (beam position monitor)
4817,LINB-BPMSPA/BPMCALIB,LINB-BPMSPA2:Bpm.PHA_VECTORSUM,BPM (beam position monitor)
4817,LINB-BPMSPA/BPMCALIB,LINB-BPMSPA2:Bpm.POSITION_X,BPM (beam position monitor)
4817,LINB-BPMSPA/BPMCALIB,LINB-BPMSPA2:Bpm.POSITION_Y,BPM (beam position monitor)
4817,LINB-VIDE,LINB-CMB01-EV1:JP1Mes,Vacuum
4817,LINB-VIDE,LINB-CMB01-EV1:JS1Mes,Vacuum
4817,LINB-VIDE,LINB-CMB01-EV2:JP1Mes,Vacuum
4817,LINB-VIDE,LINB-CMB01-EV2:JS1Mes,Vacuum
4817,LINB-VIDE,LINB-CMB02-EV1:JP1Mes,Vacuum
4817,LINB-VIDE,LINB-CMB02-EV1:JS1Mes,Vacuum
4817,LINB-VIDE,LINB-CMB02-EV2:JP1Mes,Vacuum
4817,LINB-VIDE,LINB-CMB02-EV2:JS1Mes,Vacuum
4817,LINB-VIDE,LINB-CMB03-EV1:JP1Mes,Vacuum
4817,LINB-VIDE,LINB-CMB03-EV1:JS1Mes,Vacuum
4817,LINB-VIDE,LINB-CMB03-EV2:JP1Mes,Vacuum
4817,LINB-VIDE,LINB-CMB03-EV2:JS1Mes,Vacuum
4817,LINB-VIDE,LINB-CMB04-EV1:JP1Mes,Vacuum
4817,LINB-VIDE,LINB-CMB04-EV1:JS1Mes,Vacuum
4817,LINB-VIDE,LINB-CMB04-EV2:JP1Mes,Vacuum
4817,LINB-VIDE,LINB-CMB04-EV2:JS1Mes,Vacuum
4817,LINB-VIDE,LINB-CMB05-EV1:JP1Mes,Vacuum
4817,LINB-VIDE,LINB-CMB05-EV1:JS1Mes,Vacuum
4817,LINB-VIDE,LINB-CMB05-EV2:JP1Mes,Vacuum
4817,LINB-VIDE,LINB-CMB05-EV2:JS1Mes,Vacuum
4817,LINB-VIDE,LINB-CMB06-EV1:JP1Mes,Vacuum
4817,LINB-VIDE,LINB-CMB06-EV1:JS1Mes,Vacuum
4817,LINB-VIDE,LINB-CMB06-EV2:JP1Mes,Vacuum
4817,LINB-VIDE,LINB-CMB06-EV2:JS1Mes,Vacuum
4817,LINB-VIDE,LINB-CMB07-EV1:JP1Mes,Vacuum
4817,LINB-VIDE,LINB-CMB07-EV1:JS1Mes,Vacuum
4817,LINB-VIDE,LINB-CMB07-EV2:JP1Mes,Vacuum
4817,LINB-VIDE,LINB-CMB07-EV2:JS1Mes,Vacuum
4817,LINB-VIDE,LINB-SC01-EV1:JP1Mes,Vacuum
4817,LINB-VIDE,LINB-SC01-EV1:JS1Mes,Vacuum
4817,LINB-VIDE,LINB-SC02-EV1:JP1Mes,Vacuum
4817,LINB-VIDE,LINB-SC02-EV1:JS1Mes,Vacuum
4817,LINB-VIDE,LINB-SC03-EV1:JP1Mes,Vacuum
4817,LINB-VIDE,LINB-SC03-EV1:JS1Mes,Vacuum
4817,LINB-VIDE,LINB-SC04-EV1:JP1Mes,Vacuum
4817,LINB-VIDE,LINB-SC04-EV1:JS1Mes,Vacuum
4817,LINB-VIDE,LINB-SC05-EV1:JP1Mes,Vacuum
4817,LINB-VIDE,LINB-SC05-EV1:JS1Mes,Vacuum
4817,LINB-VIDE,LINB-SC06-EV1:JP1Mes,Vacuum
4817,LINB-VIDE,LINB-SC06-EV1:JS1Mes,Vacuum
4817,LINB-VIDE,LINB-SC07-EV1:JP1Mes,Vacuum
4817,LINB-VIDE,LINB-SC07-EV1:JS1Mes,Vacuum
4817,LINB-VIDE,LINB-SC08-EV1:JP1Mes,Vacuum
4817,LINB-VIDE,LINB-SC08-EV1:JS1Mes,Vacuum
4819,CMA-BAV,TRIG-ARCH-CRYO-CMABAV:LinacEnable.RVAL,Cryo — cavity vacuum barrier
4819,CMA-BAV,LINA-CMA03-PT020:PMainMes,Cryo — cavity vacuum barrier
4819,CMA-BAV,LINA-CMA03-PT020:PSecMes,Cryo — cavity vacuum barrier
4819,CMA-BAV,LINA-CMA07-PT020:PMainMes,Cryo — cavity vacuum barrier
4819,CMA-BAV,LINA-CMA07-PT020:PSecMes,Cryo — cavity vacuum barrier
4819,CMA-BAV,LINA-CMA10-PT020:PMainMes,Cryo — cavity vacuum barrier
4819,CMA-BAV,LINA-CMA10-PT020:PSecMes,Cryo — cavity vacuum barrier
4819,CMA-BAV,TRIG-ARCH-CRYO-CMABAV:LinacEnable.RVAL,Cryo — cavity vacuum barrier
4819,CMA01-CRYO,TRIG-ARCH-CRYO-CMA01:LinacEnable.RVAL,Cryo — cavity valves/temps/pressures
4819,CMA01-CRYO,LINA-CMA01-CHAUF:Cons,Cryo — cavity valves/temps/pressures
4819,CMA01-CRYO,LINA-CMA01-CHAUF:Val,Cryo — cavity valves/temps/pressures
4819,CMA01-CRYO,LINA-CMA01-ETAT:IndicState,Cryo — cavity valves/temps/pressures
4819,CMA01-CRYO,LINA-CMA01-FCV001:ACons,Cryo — cavity valves/temps/pressures
4819,CMA01-CRYO,LINA-CMA01-FCV001:Cons,Cryo — cavity valves/temps/pressures
4819,CMA01-CRYO,LINA-CMA01-FCV001:CSlopeCons,Cryo — cavity valves/temps/pressures
4819,CMA01-CRYO,LINA-CMA01-FCV001:OpenAct,Cryo — cavity valves/temps/pressures
4819,CMA01-CRYO,LINA-CMA01-FCV001:OSlopeCons,Cryo — cavity valves/temps/pressures
4819,CMA01-CRYO,LINA-CMA01-FCV002:ACons,Cryo — cavity valves/temps/pressures
4819,CMA01-CRYO,LINA-CMA01-FCV002:Cons,Cryo — cavity valves/temps/pressures
4819,CMA01-CRYO,LINA-CMA01-FCV002:CSlopeCons,Cryo — cavity valves/temps/pressures
4819,CMA01-CRYO,LINA-CMA01-FCV002:DCons,Cryo — cavity valves/temps/pressures
4819,CMA01-CRYO,LINA-CMA01-FCV002:ICons,Cryo — cavity valves/temps/pressures
4819,CMA01-CRYO,LINA-CMA01-FCV002:OpenAct,Cryo — cavity valves/temps/pressures
4819,CMA01-CRYO,LINA-CMA01-FCV002:OSlopeCons,Cryo — cavity valves/temps/pressures
4819,CMA01-CRYO,LINA-CMA01-FCV002:PCons,Cryo — cavity valves/temps/pressures
4819,CMA01-CRYO,LINA-CMA01-FCV005:ACons,Cryo — cavity valves/temps/pressures
4819,CMA01-CRYO,LINA-CMA01-FCV005:Cons,Cryo — cavity valves/temps/pressures
4819,CMA01-CRYO,LINA-CMA01-FCV005:CSlopeCons,Cryo — cavity valves/temps/pressures
4819,CMA01-CRYO,LINA-CMA01-FCV005:DCons,Cryo — cavity valves/temps/pressures
4819,CMA01-CRYO,LINA-CMA01-FCV005:ICons,Cryo — cavity valves/temps/pressures
4819,CMA01-CRYO,LINA-CMA01-FCV005:OpenAct,Cryo — cavity valves/temps/pressures
4819,CMA01-CRYO,LINA-CMA01-FCV005:OSlopeCons,Cryo — cavity valves/temps/pressures
4819,CMA01-CRYO,LINA-CMA01-FCV005:PCons,Cryo — cavity valves/temps/pressures
4819,CMA01-CRYO,LINA-CMA01-FCV010:ACons,Cryo — cavity valves/temps/pressures
4819,CMA01-CRYO,LINA-CMA01-FCV010:Cons,Cryo — cavity valves/temps/pressures
4819,CMA01-CRYO,LINA-CMA01-FCV010:CSlopeCons,Cryo — cavity valves/temps/pressures
4819,CMA01-CRYO,LINA-CMA01-FCV010:DCons,Cryo — cavity valves/temps/pressures
4819,CMA01-CRYO,LINA-CMA01-FCV010:ICons,Cryo — cavity valves/temps/pressures
4819,CMA01-CRYO,LINA-CMA01-FCV010:OpenAct,Cryo — cavity valves/temps/pressures
4819,CMA01-CRYO,LINA-CMA01-FCV010:OSlopeCons,Cryo — cavity valves/temps/pressures
4819,CMA01-CRYO,LINA-CMA01-FCV010:PCons,Cryo — cavity valves/temps/pressures
4819,CMA01-CRYO,LINA-CMA01-FV005:ClosingCmd,Cryo — cavity valves/temps/pressures
4819,CMA01-CRYO,LINA-CMA01-FV005:Defect,Cryo — cavity valves/temps/pressures
4819,CMA01-CRYO,LINA-CMA01-FV005:OpeningCmd,Cryo — cavity valves/temps/pressures
4819,CMA01-CRYO,LINA-CMA01-FV005:State,Cryo — cavity valves/temps/pressures
4819,CMA01-CRYO,LINA-CMA01-FV010:ClosingCmd,Cryo — cavity valves/temps/pressures
4819,CMA01-CRYO,LINA-CMA01-FV010:Defect,Cryo — cavity valves/temps/pressures
4819,CMA01-CRYO,LINA-CMA01-FV010:OpeningCmd,Cryo — cavity valves/temps/pressures
4819,CMA01-CRYO,LINA-CMA01-FV010:State,Cryo — cavity valves/temps/pressures
4819,CMA01-CRYO,LINA-CMA01-FV011:ClosingCmd,Cryo — cavity valves/temps/pressures
4819,CMA01-CRYO,LINA-CMA01-FV011:Defect,Cryo — cavity valves/temps/pressures
4819,CMA01-CRYO,LINA-CMA01-FV011:OpeningCmd,Cryo — cavity valves/temps/pressures
4819,CMA01-CRYO,LINA-CMA01-FV011:State,Cryo — cavity valves/temps/pressures
4819,CMA01-CRYO,LINA-CMA01-FV020:ClosingCmd,Cryo — cavity valves/temps/pressures
4819,CMA01-CRYO,LINA-CMA01-FV020:Defect,Cryo — cavity valves/temps/pressures
4819,CMA01-CRYO,LINA-CMA01-FV020:OpeningCmd,Cryo — cavity valves/temps/pressures
4819,CMA01-CRYO,LINA-CMA01-FV020:State,Cryo — cavity valves/temps/pressures
4819,CMA01-CRYO,LINA-CMA01-FV120:ClosingCmd,Cryo — cavity valves/temps/pressures
4819,CMA01-CRYO,LINA-CMA01-FV120:Defect,Cryo — cavity valves/temps/pressures
4819,CMA01-CRYO,LINA-CMA01-FV120:OpeningCmd,Cryo — cavity valves/temps/pressures
4819,CMA01-CRYO,LINA-CMA01-FV120:State,Cryo — cavity valves/temps/pressures
4819,CMA01-CRYO,LINA-CMA01-LQ:Num,Cryo — cavity valves/temps/pressures
4819,CMA01-CRYO,LINA-CMA01-LT200:LevelMes,Cryo — cavity valves/temps/pressures
4819,CMA01-CRYO,LINA-CMA01-OBSCHARGE01:ChargeEstime,Cryo — cavity valves/temps/pressures
4819,CMA01-CRYO,LINA-CMA01-OBSCHARGE01:DebitEntree,Cryo — cavity valves/temps/pressures
4819,CMA01-CRYO,LINA-CMA01-OBSCHARGE01:DebitSortie,Cryo — cavity valves/temps/pressures
4819,CMA01-CRYO,LINA-CMA01-OBSCHARGE01:Densite,Cryo — cavity valves/temps/pressures
4819,CMA01-CRYO,LINA-CMA01-OBSCHARGE01:EnergieInterne,Cryo — cavity valves/temps/pressures
4819,CMA01-CRYO,LINA-CMA01-OBSCHARGE01:NumeroMatrice,Cryo — cavity valves/temps/pressures
4819,CMA01-CRYO,LINA-CMA01-OBSCHARGE02:ChargeEstime,Cryo — cavity valves/temps/pressures
4819,CMA01-CRYO,LINA-CMA01-OBSCHARGE02:DebitEntree,Cryo — cavity valves/temps/pressures
4819,CMA01-CRYO,LINA-CMA01-OBSCHARGE02:DebitSortie,Cryo — cavity valves/temps/pressures
4819,CMA01-CRYO,LINA-CMA01-OBSCHARGE02:Densite,Cryo — cavity valves/temps/pressures
4819,CMA01-CRYO,LINA-CMA01-OBSCHARGE02:EnergieInterne,Cryo — cavity valves/temps/pressures
4819,CMA01-CRYO,LINA-CMA01-OBSCHARGE02:NumeroMatrice,Cryo — cavity valves/temps/pressures
4819,CMA01-CRYO,LINA-CMA01-PLC:Qd_count,Cryo — cavity valves/temps/pressures
4819,CMA01-CRYO,LINA-CMA01-PT001:PMes,Cryo — cavity valves/temps/pressures
4819,CMA01-CRYO,LINA-CMA01-PT010:PMes,Cryo — cavity valves/temps/pressures
4819,CMA01-CRYO,LINA-CMA01-PT120:PMes,Cryo — cavity valves/temps/pressures
4819,CMA01-CRYO,LINA-CMA01-PTRES001:PTempMes,Cryo — cavity valves/temps/pressures
4819,CMA01-CRYO,LINA-CMA01-TT001:ResMes,Cryo — cavity valves/temps/pressures
4819,CMA01-CRYO,LINA-CMA01-TT001:TempMes,Cryo — cavity valves/temps/pressures
4819,CMA01-CRYO,LINA-CMA01-TT005:ResMes,Cryo — cavity valves/temps/pressures
4819,CMA01-CRYO,LINA-CMA01-TT005:TempMes,Cryo — cavity valves/temps/pressures
4819,CMA01-CRYO,LINA-CMA01-TT010:ResMes,Cryo — cavity valves/temps/pressures
4819,CMA01-CRYO,LINA-CMA01-TT010:TempMes,Cryo — cavity valves/temps/pressures
4819,CMA01-CRYO,LINA-CMA01-TT011:ResMes,Cryo — cavity valves/temps/pressures
4819,CMA01-CRYO,LINA-CMA01-TT011:TempMes,Cryo — cavity valves/temps/pressures
4819,CMA01-CRYO,LINA-CMA01-TT015:ResMes,Cryo — cavity valves/temps/pressures
4819,CMA01-CRYO,LINA-CMA01-TT015:TempMes,Cryo — cavity valves/temps/pressures
4819,CMA01-CRYO,LINA-CMA01-TT101:ResMes,Cryo — cavity valves/temps/pressures
4819,CMA01-CRYO,LINA-CMA01-TT101:TempMes,Cryo — cavity valves/temps/pressures
4819,CMA01-CRYO,LINA-CMA01-TT102:ResMes,Cryo — cavity valves/temps/pressures
4819,CMA01-CRYO,LINA-CMA01-TT102:TempMes,Cryo — cavity valves/temps/pressures
4819,CMA01-CRYO,LINA-CMA01-TT103:ResMes,Cryo — cavity valves/temps/pressures
4819,CMA01-CRYO,LINA-CMA01-TT103:TempMes,Cryo — cavity valves/temps/pressures
4819,CMA01-CRYO,LINA-CMA01-TT104:ResMes,Cryo — cavity valves/temps/pressures
4819,CMA01-CRYO,LINA-CMA01-TT104:TempMes,Cryo — cavity valves/temps/pressures
4819,CMA01-CRYO,LINA-CMA01-TT112:ResMes,Cryo — cavity valves/temps/pressures
4819,CMA01-CRYO,LINA-CMA01-TT112:TempMes,Cryo — cavity valves/temps/pressures
4819,CMA01-CRYO,LINA-CMA01-TT200:ResMes,Cryo — cavity valves/temps/pressures
4819,CMA01-CRYO,LINA-CMA01-TT200:TempMes,Cryo — cavity valves/temps/pressures
4819,CMA01-CRYO,LINA-CMA01-TT201:ResMes,Cryo — cavity valves/temps/pressures
4819,CMA01-CRYO,LINA-CMA01-TT201:TempMes,Cryo — cavity valves/temps/pressures
4819,CMA01-CRYO,LINA-CMA01-TT202:ResMes,Cryo — cavity valves/temps/pressures
4819,CMA01-CRYO,LINA-CMA01-TT202:TempMes,Cryo — cavity valves/temps/pressures
4819,CMA01-CRYO,LINA-CMA01-TT204:ResMes,Cryo — cavity valves/temps/pressures
4819,CMA01-CRYO,LINA-CMA01-TT204:TempMes,Cryo — cavity valves/temps/pressures
4819,CMA01-CRYO,LINA-CMA01-TT205:ResMes,Cryo — cavity valves/temps/pressures
4819,CMA01-CRYO,LINA-CMA01-TT205:TempMes,Cryo — cavity valves/temps/pressures
4819,CMA01-CRYO,LINA-CMA01-TT215:ResMes,Cryo — cavity valves/temps/pressures
4819,CMA01-CRYO,LINA-CMA01-TT215:TempMes,Cryo — cavity valves/temps/pressures
4819,CMA01-CRYO,LINA-CMA01-TTCAV:ConsGlissante,Cryo — cavity valves/temps/pressures
4819,CMA01-CRYO,LINA-CMA01-VI01:State,Cryo — cavity valves/temps/pressures
4819,CMA01-CRYO,LINA-CMA01-VI02:State,Cryo — cavity valves/temps/pressures
4819,CMA01-CRYO,PLC-CRYO-CMA01:IsAlive,Cryo — cavity valves/temps/pressures
4819,CMA01-CRYO,TRIG-ARCH-CRYO-CMA01:LinacEnable.RVAL,Cryo — cavity valves/temps/pressures
4819,CMA02-CRYO,TRIG-ARCH-CRYO-CMA02:LinacEnable.RVAL,Cryo — cavity valves/temps/pressures
4819,CMA02-CRYO,LINA-CMA02-CHAUF:Cons,Cryo — cavity valves/temps/pressures
4819,CMA02-CRYO,LINA-CMA02-CHAUF:Val,Cryo — cavity valves/temps/pressures
4819,CMA02-CRYO,LINA-CMA02-ETAT:IndicState,Cryo — cavity valves/temps/pressures
4819,CMA02-CRYO,LINA-CMA02-FCV001:ACons,Cryo — cavity valves/temps/pressures
4819,CMA02-CRYO,LINA-CMA02-FCV001:Cons,Cryo — cavity valves/temps/pressures
4819,CMA02-CRYO,LINA-CMA02-FCV001:CSlopeCons,Cryo — cavity valves/temps/pressures
4819,CMA02-CRYO,LINA-CMA02-FCV001:OpenAct,Cryo — cavity valves/temps/pressures
4819,CMA02-CRYO,LINA-CMA02-FCV001:OSlopeCons,Cryo — cavity valves/temps/pressures
4819,CMA02-CRYO,LINA-CMA02-FCV002:ACons,Cryo — cavity valves/temps/pressures
4819,CMA02-CRYO,LINA-CMA02-FCV002:Cons,Cryo — cavity valves/temps/pressures
4819,CMA02-CRYO,LINA-CMA02-FCV002:CSlopeCons,Cryo — cavity valves/temps/pressures
4819,CMA02-CRYO,LINA-CMA02-FCV002:DCons,Cryo — cavity valves/temps/pressures
4819,CMA02-CRYO,LINA-CMA02-FCV002:ICons,Cryo — cavity valves/temps/pressures
4819,CMA02-CRYO,LINA-CMA02-FCV002:OpenAct,Cryo — cavity valves/temps/pressures
4819,CMA02-CRYO,LINA-CMA02-FCV002:OSlopeCons,Cryo — cavity valves/temps/pressures
4819,CMA02-CRYO,LINA-CMA02-FCV002:PCons,Cryo — cavity valves/temps/pressures
4819,CMA02-CRYO,LINA-CMA02-FCV005:ACons,Cryo — cavity valves/temps/pressures
4819,CMA02-CRYO,LINA-CMA02-FCV005:Cons,Cryo — cavity valves/temps/pressures
4819,CMA02-CRYO,LINA-CMA02-FCV005:CSlopeCons,Cryo — cavity valves/temps/pressures
4819,CMA02-CRYO,LINA-CMA02-FCV005:DCons,Cryo — cavity valves/temps/pressures
4819,CMA02-CRYO,LINA-CMA02-FCV005:ICons,Cryo — cavity valves/temps/pressures
4819,CMA02-CRYO,LINA-CMA02-FCV005:OpenAct,Cryo — cavity valves/temps/pressures
4819,CMA02-CRYO,LINA-CMA02-FCV005:OSlopeCons,Cryo — cavity valves/temps/pressures
4819,CMA02-CRYO,LINA-CMA02-FCV005:PCons,Cryo — cavity valves/temps/pressures
4819,CMA02-CRYO,LINA-CMA02-FCV010:ACons,Cryo — cavity valves/temps/pressures
4819,CMA02-CRYO,LINA-CMA02-FCV010:Cons,Cryo — cavity valves/temps/pressures
4819,CMA02-CRYO,LINA-CMA02-FCV010:CSlopeCons,Cryo — cavity valves/temps/pressures
4819,CMA02-CRYO,LINA-CMA02-FCV010:DCons,Cryo — cavity valves/temps/pressures
4819,CMA02-CRYO,LINA-CMA02-FCV010:ICons,Cryo — cavity valves/temps/pressures
4819,CMA02-CRYO,LINA-CMA02-FCV010:OpenAct,Cryo — cavity valves/temps/pressures
4819,CMA02-CRYO,LINA-CMA02-FCV010:OSlopeCons,Cryo — cavity valves/temps/pressures
4819,CMA02-CRYO,LINA-CMA02-FCV010:PCons,Cryo — cavity valves/temps/pressures
4819,CMA02-CRYO,LINA-CMA02-FV005:ClosingCmd,Cryo — cavity valves/temps/pressures
4819,CMA02-CRYO,LINA-CMA02-FV005:Defect,Cryo — cavity valves/temps/pressures
4819,CMA02-CRYO,LINA-CMA02-FV005:OpeningCmd,Cryo — cavity valves/temps/pressures
4819,CMA02-CRYO,LINA-CMA02-FV005:State,Cryo — cavity valves/temps/pressures
4819,CMA02-CRYO,LINA-CMA02-FV010:ClosingCmd,Cryo — cavity valves/temps/pressures
4819,CMA02-CRYO,LINA-CMA02-FV010:Defect,Cryo — cavity valves/temps/pressures
4819,CMA02-CRYO,LINA-CMA02-FV010:OpeningCmd,Cryo — cavity valves/temps/pressures
4819,CMA02-CRYO,LINA-CMA02-FV010:State,Cryo — cavity valves/temps/pressures
4819,CMA02-CRYO,LINA-CMA02-FV011:ClosingCmd,Cryo — cavity valves/temps/pressures
4819,CMA02-CRYO,LINA-CMA02-FV011:Defect,Cryo — cavity valves/temps/pressures
4819,CMA02-CRYO,LINA-CMA02-FV011:OpeningCmd,Cryo — cavity valves/temps/pressures
4819,CMA02-CRYO,LINA-CMA02-FV011:State,Cryo — cavity valves/temps/pressures
4819,CMA02-CRYO,LINA-CMA02-FV020:ClosingCmd,Cryo — cavity valves/temps/pressures
4819,CMA02-CRYO,LINA-CMA02-FV020:Defect,Cryo — cavity valves/temps/pressures
4819,CMA02-CRYO,LINA-CMA02-FV020:OpeningCmd,Cryo — cavity valves/temps/pressures
4819,CMA02-CRYO,LINA-CMA02-FV020:State,Cryo — cavity valves/temps/pressures
4819,CMA02-CRYO,LINA-CMA02-FV120:ClosingCmd,Cryo — cavity valves/temps/pressures
4819,CMA02-CRYO,LINA-CMA02-FV120:Defect,Cryo — cavity valves/temps/pressures
4819,CMA02-CRYO,LINA-CMA02-FV120:OpeningCmd,Cryo — cavity valves/temps/pressures
4819,CMA02-CRYO,LINA-CMA02-FV120:State,Cryo — cavity valves/temps/pressures
4819,CMA02-CRYO,LINA-CMA02-LQ:Num,Cryo — cavity valves/temps/pressures
4819,CMA02-CRYO,LINA-CMA02-LT200:LevelMes,Cryo — cavity valves/temps/pressures
4819,CMA02-CRYO,LINA-CMA02-OBSCHARGE01:ChargeEstime,Cryo — cavity valves/temps/pressures
4819,CMA02-CRYO,LINA-CMA02-OBSCHARGE01:DebitEntree,Cryo — cavity valves/temps/pressures
4819,CMA02-CRYO,LINA-CMA02-OBSCHARGE01:DebitSortie,Cryo — cavity valves/temps/pressures
4819,CMA02-CRYO,LINA-CMA02-OBSCHARGE01:Densite,Cryo — cavity valves/temps/pressures
4819,CMA02-CRYO,LINA-CMA02-OBSCHARGE01:EnergieInterne,Cryo — cavity valves/temps/pressures
4819,CMA02-CRYO,LINA-CMA02-OBSCHARGE01:NumeroMatrice,Cryo — cavity valves/temps/pressures
4819,CMA02-CRYO,LINA-CMA02-OBSCHARGE02:ChargeEstime,Cryo — cavity valves/temps/pressures
4819,CMA02-CRYO,LINA-CMA02-OBSCHARGE02:DebitEntree,Cryo — cavity valves/temps/pressures
4819,CMA02-CRYO,LINA-CMA02-OBSCHARGE02:DebitSortie,Cryo — cavity valves/temps/pressures
4819,CMA02-CRYO,LINA-CMA02-OBSCHARGE02:Densite,Cryo — cavity valves/temps/pressures
4819,CMA02-CRYO,LINA-CMA02-OBSCHARGE02:EnergieInterne,Cryo — cavity valves/temps/pressures
4819,CMA02-CRYO,LINA-CMA02-OBSCHARGE02:NumeroMatrice,Cryo — cavity valves/temps/pressures
4819,CMA02-CRYO,LINA-CMA02-PLC:Qd_count,Cryo — cavity valves/temps/pressures
4819,CMA02-CRYO,LINA-CMA02-PT001:PMes,Cryo — cavity valves/temps/pressures
4819,CMA02-CRYO,LINA-CMA02-PT010:PMes,Cryo — cavity valves/temps/pressures
4819,CMA02-CRYO,LINA-CMA02-PT120:PMes,Cryo — cavity valves/temps/pressures
4819,CMA02-CRYO,LINA-CMA02-PTRES001:PTempMes,Cryo — cavity valves/temps/pressures
4819,CMA02-CRYO,LINA-CMA02-TT001:ResMes,Cryo — cavity valves/temps/pressures
4819,CMA02-CRYO,LINA-CMA02-TT001:TempMes,Cryo — cavity valves/temps/pressures
4819,CMA02-CRYO,LINA-CMA02-TT005:ResMes,Cryo — cavity valves/temps/pressures
4819,CMA02-CRYO,LINA-CMA02-TT005:TempMes,Cryo — cavity valves/temps/pressures
4819,CMA02-CRYO,LINA-CMA02-TT010:ResMes,Cryo — cavity valves/temps/pressures
4819,CMA02-CRYO,LINA-CMA02-TT010:TempMes,Cryo — cavity valves/temps/pressures
4819,CMA02-CRYO,LINA-CMA02-TT011:ResMes,Cryo — cavity valves/temps/pressures
4819,CMA02-CRYO,LINA-CMA02-TT011:TempMes,Cryo — cavity valves/temps/pressures
4819,CMA02-CRYO,LINA-CMA02-TT015:ResMes,Cryo — cavity valves/temps/pressures
4819,CMA02-CRYO,LINA-CMA02-TT015:TempMes,Cryo — cavity valves/temps/pressures
4819,CMA02-CRYO,LINA-CMA02-TT101:ResMes,Cryo — cavity valves/temps/pressures
4819,CMA02-CRYO,LINA-CMA02-TT101:TempMes,Cryo — cavity valves/temps/pressures
4819,CMA02-CRYO,LINA-CMA02-TT102:ResMes,Cryo — cavity valves/temps/pressures
4819,CMA02-CRYO,LINA-CMA02-TT102:TempMes,Cryo — cavity valves/temps/pressures
4819,CMA02-CRYO,LINA-CMA02-TT103:ResMes,Cryo — cavity valves/temps/pressures
4819,CMA02-CRYO,LINA-CMA02-TT103:TempMes,Cryo — cavity valves/temps/pressures
4819,CMA02-CRYO,LINA-CMA02-TT104:ResMes,Cryo — cavity valves/temps/pressures
4819,CMA02-CRYO,LINA-CMA02-TT104:TempMes,Cryo — cavity valves/temps/pressures
4819,CMA02-CRYO,LINA-CMA02-TT112:ResMes,Cryo — cavity valves/temps/pressures
4819,CMA02-CRYO,LINA-CMA02-TT112:TempMes,Cryo — cavity valves/temps/pressures
4819,CMA02-CRYO,LINA-CMA02-TT200:ResMes,Cryo — cavity valves/temps/pressures
4819,CMA02-CRYO,LINA-CMA02-TT200:TempMes,Cryo — cavity valves/temps/pressures
4819,CMA02-CRYO,LINA-CMA02-TT201:ResMes,Cryo — cavity valves/temps/pressures
4819,CMA02-CRYO,LINA-CMA02-TT201:TempMes,Cryo — cavity valves/temps/pressures
4819,CMA02-CRYO,LINA-CMA02-TT202:ResMes,Cryo — cavity valves/temps/pressures
4819,CMA02-CRYO,LINA-CMA02-TT202:TempMes,Cryo — cavity valves/temps/pressures
4819,CMA02-CRYO,LINA-CMA02-TT204:ResMes,Cryo — cavity valves/temps/pressures
4819,CMA02-CRYO,LINA-CMA02-TT204:TempMes,Cryo — cavity valves/temps/pressures
4819,CMA02-CRYO,LINA-CMA02-TT205:ResMes,Cryo — cavity valves/temps/pressures
4819,CMA02-CRYO,LINA-CMA02-TT205:TempMes,Cryo — cavity valves/temps/pressures
4819,CMA02-CRYO,LINA-CMA02-TT215:ResMes,Cryo — cavity valves/temps/pressures
4819,CMA02-CRYO,LINA-CMA02-TT215:TempMes,Cryo — cavity valves/temps/pressures
4819,CMA02-CRYO,LINA-CMA02-TTCAV:ConsGlissante,Cryo — cavity valves/temps/pressures
4819,CMA02-CRYO,LINA-CMA02-VI01:State,Cryo — cavity valves/temps/pressures
4819,CMA02-CRYO,LINA-CMA02-VI02:State,Cryo — cavity valves/temps/pressures
4819,CMA02-CRYO,PLC-CRYO-CMA02:IsAlive,Cryo — cavity valves/temps/pressures
4819,CMA02-CRYO,TRIG-ARCH-CRYO-CMA02:LinacEnable.RVAL,Cryo — cavity valves/temps/pressures
4819,CMA03-CRYO,TRIG-ARCH-CRYO-CMA03:LinacEnable.RVAL,Cryo — cavity valves/temps/pressures
4819,CMA03-CRYO,LINA-CMA03-CHAUF:Cons,Cryo — cavity valves/temps/pressures
4819,CMA03-CRYO,LINA-CMA03-CHAUF:Val,Cryo — cavity valves/temps/pressures
4819,CMA03-CRYO,LINA-CMA03-ETAT:IndicState,Cryo — cavity valves/temps/pressures
4819,CMA03-CRYO,LINA-CMA03-FCV001:ACons,Cryo — cavity valves/temps/pressures
4819,CMA03-CRYO,LINA-CMA03-FCV001:Cons,Cryo — cavity valves/temps/pressures
4819,CMA03-CRYO,LINA-CMA03-FCV001:CSlopeCons,Cryo — cavity valves/temps/pressures
4819,CMA03-CRYO,LINA-CMA03-FCV001:OpenAct,Cryo — cavity valves/temps/pressures
4819,CMA03-CRYO,LINA-CMA03-FCV001:OSlopeCons,Cryo — cavity valves/temps/pressures
4819,CMA03-CRYO,LINA-CMA03-FCV002:ACons,Cryo — cavity valves/temps/pressures
4819,CMA03-CRYO,LINA-CMA03-FCV002:Cons,Cryo — cavity valves/temps/pressures
4819,CMA03-CRYO,LINA-CMA03-FCV002:CSlopeCons,Cryo — cavity valves/temps/pressures
4819,CMA03-CRYO,LINA-CMA03-FCV002:DCons,Cryo — cavity valves/temps/pressures
4819,CMA03-CRYO,LINA-CMA03-FCV002:ICons,Cryo — cavity valves/temps/pressures
4819,CMA03-CRYO,LINA-CMA03-FCV002:OpenAct,Cryo — cavity valves/temps/pressures
4819,CMA03-CRYO,LINA-CMA03-FCV002:OSlopeCons,Cryo — cavity valves/temps/pressures
4819,CMA03-CRYO,LINA-CMA03-FCV002:PCons,Cryo — cavity valves/temps/pressures
4819,CMA03-CRYO,LINA-CMA03-FCV005:ACons,Cryo — cavity valves/temps/pressures
4819,CMA03-CRYO,LINA-CMA03-FCV005:Cons,Cryo — cavity valves/temps/pressures
4819,CMA03-CRYO,LINA-CMA03-FCV005:CSlopeCons,Cryo — cavity valves/temps/pressures
4819,CMA03-CRYO,LINA-CMA03-FCV005:DCons,Cryo — cavity valves/temps/pressures
4819,CMA03-CRYO,LINA-CMA03-FCV005:ICons,Cryo — cavity valves/temps/pressures
4819,CMA03-CRYO,LINA-CMA03-FCV005:OpenAct,Cryo — cavity valves/temps/pressures
4819,CMA03-CRYO,LINA-CMA03-FCV005:OSlopeCons,Cryo — cavity valves/temps/pressures
4819,CMA03-CRYO,LINA-CMA03-FCV005:PCons,Cryo — cavity valves/temps/pressures
4819,CMA03-CRYO,LINA-CMA03-FCV010:ACons,Cryo — cavity valves/temps/pressures
4819,CMA03-CRYO,LINA-CMA03-FCV010:Cons,Cryo — cavity valves/temps/pressures
4819,CMA03-CRYO,LINA-CMA03-FCV010:CSlopeCons,Cryo — cavity valves/temps/pressures
4819,CMA03-CRYO,LINA-CMA03-FCV010:DCons,Cryo — cavity valves/temps/pressures
4819,CMA03-CRYO,LINA-CMA03-FCV010:ICons,Cryo — cavity valves/temps/pressures
4819,CMA03-CRYO,LINA-CMA03-FCV010:OpenAct,Cryo — cavity valves/temps/pressures
4819,CMA03-CRYO,LINA-CMA03-FCV010:OSlopeCons,Cryo — cavity valves/temps/pressures
4819,CMA03-CRYO,LINA-CMA03-FCV010:PCons,Cryo — cavity valves/temps/pressures
4819,CMA03-CRYO,LINA-CMA03-FV005:ClosingCmd,Cryo — cavity valves/temps/pressures
4819,CMA03-CRYO,LINA-CMA03-FV005:Defect,Cryo — cavity valves/temps/pressures
4819,CMA03-CRYO,LINA-CMA03-FV005:OpeningCmd,Cryo — cavity valves/temps/pressures
4819,CMA03-CRYO,LINA-CMA03-FV005:State,Cryo — cavity valves/temps/pressures
4819,CMA03-CRYO,LINA-CMA03-FV010:ClosingCmd,Cryo — cavity valves/temps/pressures
4819,CMA03-CRYO,LINA-CMA03-FV010:Defect,Cryo — cavity valves/temps/pressures
4819,CMA03-CRYO,LINA-CMA03-FV010:OpeningCmd,Cryo — cavity valves/temps/pressures
4819,CMA03-CRYO,LINA-CMA03-FV010:State,Cryo — cavity valves/temps/pressures
4819,CMA03-CRYO,LINA-CMA03-FV011:ClosingCmd,Cryo — cavity valves/temps/pressures
4819,CMA03-CRYO,LINA-CMA03-FV011:Defect,Cryo — cavity valves/temps/pressures
4819,CMA03-CRYO,LINA-CMA03-FV011:OpeningCmd,Cryo — cavity valves/temps/pressures
4819,CMA03-CRYO,LINA-CMA03-FV011:State,Cryo — cavity valves/temps/pressures
4819,CMA03-CRYO,LINA-CMA03-FV020:ClosingCmd,Cryo — cavity valves/temps/pressures
4819,CMA03-CRYO,LINA-CMA03-FV020:Defect,Cryo — cavity valves/temps/pressures
4819,CMA03-CRYO,LINA-CMA03-FV020:OpeningCmd,Cryo — cavity valves/temps/pressures
4819,CMA03-CRYO,LINA-CMA03-FV020:State,Cryo — cavity valves/temps/pressures
4819,CMA03-CRYO,LINA-CMA03-FV120:ClosingCmd,Cryo — cavity valves/temps/pressures
4819,CMA03-CRYO,LINA-CMA03-FV120:Defect,Cryo — cavity valves/temps/pressures
4819,CMA03-CRYO,LINA-CMA03-FV120:OpeningCmd,Cryo — cavity valves/temps/pressures
4819,CMA03-CRYO,LINA-CMA03-FV120:State,Cryo — cavity valves/temps/pressures
4819,CMA03-CRYO,LINA-CMA03-LQ:Num,Cryo — cavity valves/temps/pressures
4819,CMA03-CRYO,LINA-CMA03-LT200:LevelMes,Cryo — cavity valves/temps/pressures
4819,CMA03-CRYO,LINA-CMA03-OBSCHARGE01:ChargeEstime,Cryo — cavity valves/temps/pressures
4819,CMA03-CRYO,LINA-CMA03-OBSCHARGE01:DebitEntree,Cryo — cavity valves/temps/pressures
4819,CMA03-CRYO,LINA-CMA03-OBSCHARGE01:DebitSortie,Cryo — cavity valves/temps/pressures
4819,CMA03-CRYO,LINA-CMA03-OBSCHARGE01:Densite,Cryo — cavity valves/temps/pressures
4819,CMA03-CRYO,LINA-CMA03-OBSCHARGE01:EnergieInterne,Cryo — cavity valves/temps/pressures
4819,CMA03-CRYO,LINA-CMA03-OBSCHARGE01:NumeroMatrice,Cryo — cavity valves/temps/pressures
4819,CMA03-CRYO,LINA-CMA03-OBSCHARGE02:ChargeEstime,Cryo — cavity valves/temps/pressures
4819,CMA03-CRYO,LINA-CMA03-OBSCHARGE02:DebitEntree,Cryo — cavity valves/temps/pressures
4819,CMA03-CRYO,LINA-CMA03-OBSCHARGE02:DebitSortie,Cryo — cavity valves/temps/pressures
4819,CMA03-CRYO,LINA-CMA03-OBSCHARGE02:Densite,Cryo — cavity valves/temps/pressures
4819,CMA03-CRYO,LINA-CMA03-OBSCHARGE02:EnergieInterne,Cryo — cavity valves/temps/pressures
4819,CMA03-CRYO,LINA-CMA03-OBSCHARGE02:NumeroMatrice,Cryo — cavity valves/temps/pressures
4819,CMA03-CRYO,LINA-CMA03-PLC:Qd_count,Cryo — cavity valves/temps/pressures
4819,CMA03-CRYO,LINA-CMA03-PT001:PMes,Cryo — cavity valves/temps/pressures
4819,CMA03-CRYO,LINA-CMA03-PT010:PMes,Cryo — cavity valves/temps/pressures
4819,CMA03-CRYO,LINA-CMA03-PT120:PMes,Cryo — cavity valves/temps/pressures
4819,CMA03-CRYO,LINA-CMA03-PTRES001:PTempMes,Cryo — cavity valves/temps/pressures
4819,CMA03-CRYO,LINA-CMA03-TT001:ResMes,Cryo — cavity valves/temps/pressures
4819,CMA03-CRYO,LINA-CMA03-TT001:TempMes,Cryo — cavity valves/temps/pressures
4819,CMA03-CRYO,LINA-CMA03-TT005:ResMes,Cryo — cavity valves/temps/pressures
4819,CMA03-CRYO,LINA-CMA03-TT005:TempMes,Cryo — cavity valves/temps/pressures
4819,CMA03-CRYO,LINA-CMA03-TT010:ResMes,Cryo — cavity valves/temps/pressures
4819,CMA03-CRYO,LINA-CMA03-TT010:TempMes,Cryo — cavity valves/temps/pressures
4819,CMA03-CRYO,LINA-CMA03-TT011:ResMes,Cryo — cavity valves/temps/pressures
4819,CMA03-CRYO,LINA-CMA03-TT011:TempMes,Cryo — cavity valves/temps/pressures
4819,CMA03-CRYO,LINA-CMA03-TT015:ResMes,Cryo — cavity valves/temps/pressures
4819,CMA03-CRYO,LINA-CMA03-TT015:TempMes,Cryo — cavity valves/temps/pressures
4819,CMA03-CRYO,LINA-CMA03-TT101:ResMes,Cryo — cavity valves/temps/pressures
4819,CMA03-CRYO,LINA-CMA03-TT101:TempMes,Cryo — cavity valves/temps/pressures
4819,CMA03-CRYO,LINA-CMA03-TT102:ResMes,Cryo — cavity valves/temps/pressures
4819,CMA03-CRYO,LINA-CMA03-TT102:TempMes,Cryo — cavity valves/temps/pressures
4819,CMA03-CRYO,LINA-CMA03-TT103:ResMes,Cryo — cavity valves/temps/pressures
4819,CMA03-CRYO,LINA-CMA03-TT103:TempMes,Cryo — cavity valves/temps/pressures
4819,CMA03-CRYO,LINA-CMA03-TT104:ResMes,Cryo — cavity valves/temps/pressures
4819,CMA03-CRYO,LINA-CMA03-TT104:TempMes,Cryo — cavity valves/temps/pressures
4819,CMA03-CRYO,LINA-CMA03-TT112:ResMes,Cryo — cavity valves/temps/pressures
4819,CMA03-CRYO,LINA-CMA03-TT112:TempMes,Cryo — cavity valves/temps/pressures
4819,CMA03-CRYO,LINA-CMA03-TT200:ResMes,Cryo — cavity valves/temps/pressures
4819,CMA03-CRYO,LINA-CMA03-TT200:TempMes,Cryo — cavity valves/temps/pressures
4819,CMA03-CRYO,LINA-CMA03-TT201:ResMes,Cryo — cavity valves/temps/pressures
4819,CMA03-CRYO,LINA-CMA03-TT201:TempMes,Cryo — cavity valves/temps/pressures
4819,CMA03-CRYO,LINA-CMA03-TT202:ResMes,Cryo — cavity valves/temps/pressures
4819,CMA03-CRYO,LINA-CMA03-TT202:TempMes,Cryo — cavity valves/temps/pressures
4819,CMA03-CRYO,LINA-CMA03-TT204:ResMes,Cryo — cavity valves/temps/pressures
4819,CMA03-CRYO,LINA-CMA03-TT204:TempMes,Cryo — cavity valves/temps/pressures
4819,CMA03-CRYO,LINA-CMA03-TT205:ResMes,Cryo — cavity valves/temps/pressures
4819,CMA03-CRYO,LINA-CMA03-TT205:TempMes,Cryo — cavity valves/temps/pressures
4819,CMA03-CRYO,LINA-CMA03-TT215:ResMes,Cryo — cavity valves/temps/pressures
4819,CMA03-CRYO,LINA-CMA03-TT215:TempMes,Cryo — cavity valves/temps/pressures
4819,CMA03-CRYO,LINA-CMA03-TTCAV:ConsGlissante,Cryo — cavity valves/temps/pressures
4819,CMA03-CRYO,LINA-CMA03-VI01:State,Cryo — cavity valves/temps/pressures
4819,CMA03-CRYO,LINA-CMA03-VI02:State,Cryo — cavity valves/temps/pressures
4819,CMA03-CRYO,PLC-CRYO-CMA03:IsAlive,Cryo — cavity valves/temps/pressures
4819,CMA03-CRYO,TRIG-ARCH-CRYO-CMA03:LinacEnable.RVAL,Cryo — cavity valves/temps/pressures
4819,CMA04-CRYO,TRIG-ARCH-CRYO-CMA04:LinacEnable.RVAL,Cryo — cavity valves/temps/pressures
4819,CMA04-CRYO,LINA-CMA04-CHAUF:Cons,Cryo — cavity valves/temps/pressures
4819,CMA04-CRYO,LINA-CMA04-CHAUF:Val,Cryo — cavity valves/temps/pressures
4819,CMA04-CRYO,LINA-CMA04-ETAT:IndicState,Cryo — cavity valves/temps/pressures
4819,CMA04-CRYO,LINA-CMA04-FCV001:ACons,Cryo — cavity valves/temps/pressures
4819,CMA04-CRYO,LINA-CMA04-FCV001:Cons,Cryo — cavity valves/temps/pressures
4819,CMA04-CRYO,LINA-CMA04-FCV001:CSlopeCons,Cryo — cavity valves/temps/pressures
4819,CMA04-CRYO,LINA-CMA04-FCV001:OpenAct,Cryo — cavity valves/temps/pressures
4819,CMA04-CRYO,LINA-CMA04-FCV001:OSlopeCons,Cryo — cavity valves/temps/pressures
4819,CMA04-CRYO,LINA-CMA04-FCV002:ACons,Cryo — cavity valves/temps/pressures
4819,CMA04-CRYO,LINA-CMA04-FCV002:Cons,Cryo — cavity valves/temps/pressures
4819,CMA04-CRYO,LINA-CMA04-FCV002:CSlopeCons,Cryo — cavity valves/temps/pressures
4819,CMA04-CRYO,LINA-CMA04-FCV002:DCons,Cryo — cavity valves/temps/pressures
4819,CMA04-CRYO,LINA-CMA04-FCV002:ICons,Cryo — cavity valves/temps/pressures
4819,CMA04-CRYO,LINA-CMA04-FCV002:OpenAct,Cryo — cavity valves/temps/pressures
4819,CMA04-CRYO,LINA-CMA04-FCV002:OSlopeCons,Cryo — cavity valves/temps/pressures
4819,CMA04-CRYO,LINA-CMA04-FCV002:PCons,Cryo — cavity valves/temps/pressures
4819,CMA04-CRYO,LINA-CMA04-FCV005:ACons,Cryo — cavity valves/temps/pressures
4819,CMA04-CRYO,LINA-CMA04-FCV005:Cons,Cryo — cavity valves/temps/pressures
4819,CMA04-CRYO,LINA-CMA04-FCV005:CSlopeCons,Cryo — cavity valves/temps/pressures
4819,CMA04-CRYO,LINA-CMA04-FCV005:DCons,Cryo — cavity valves/temps/pressures
4819,CMA04-CRYO,LINA-CMA04-FCV005:ICons,Cryo — cavity valves/temps/pressures
4819,CMA04-CRYO,LINA-CMA04-FCV005:OpenAct,Cryo — cavity valves/temps/pressures
4819,CMA04-CRYO,LINA-CMA04-FCV005:OSlopeCons,Cryo — cavity valves/temps/pressures
4819,CMA04-CRYO,LINA-CMA04-FCV005:PCons,Cryo — cavity valves/temps/pressures
4819,CMA04-CRYO,LINA-CMA04-FCV010:ACons,Cryo — cavity valves/temps/pressures
4819,CMA04-CRYO,LINA-CMA04-FCV010:Cons,Cryo — cavity valves/temps/pressures
4819,CMA04-CRYO,LINA-CMA04-FCV010:CSlopeCons,Cryo — cavity valves/temps/pressures
4819,CMA04-CRYO,LINA-CMA04-FCV010:DCons,Cryo — cavity valves/temps/pressures
4819,CMA04-CRYO,LINA-CMA04-FCV010:ICons,Cryo — cavity valves/temps/pressures
4819,CMA04-CRYO,LINA-CMA04-FCV010:OpenAct,Cryo — cavity valves/temps/pressures
4819,CMA04-CRYO,LINA-CMA04-FCV010:OSlopeCons,Cryo — cavity valves/temps/pressures
4819,CMA04-CRYO,LINA-CMA04-FCV010:PCons,Cryo — cavity valves/temps/pressures
4819,CMA04-CRYO,LINA-CMA04-FV005:ClosingCmd,Cryo — cavity valves/temps/pressures
4819,CMA04-CRYO,LINA-CMA04-FV005:Defect,Cryo — cavity valves/temps/pressures
4819,CMA04-CRYO,LINA-CMA04-FV005:OpeningCmd,Cryo — cavity valves/temps/pressures
4819,CMA04-CRYO,LINA-CMA04-FV005:State,Cryo — cavity valves/temps/pressures
4819,CMA04-CRYO,LINA-CMA04-FV010:ClosingCmd,Cryo — cavity valves/temps/pressures
4819,CMA04-CRYO,LINA-CMA04-FV010:Defect,Cryo — cavity valves/temps/pressures
4819,CMA04-CRYO,LINA-CMA04-FV010:OpeningCmd,Cryo — cavity valves/temps/pressures
4819,CMA04-CRYO,LINA-CMA04-FV010:State,Cryo — cavity valves/temps/pressures
4819,CMA04-CRYO,LINA-CMA04-FV011:ClosingCmd,Cryo — cavity valves/temps/pressures
4819,CMA04-CRYO,LINA-CMA04-FV011:Defect,Cryo — cavity valves/temps/pressures
4819,CMA04-CRYO,LINA-CMA04-FV011:OpeningCmd,Cryo — cavity valves/temps/pressures
4819,CMA04-CRYO,LINA-CMA04-FV011:State,Cryo — cavity valves/temps/pressures
4819,CMA04-CRYO,LINA-CMA04-FV020:ClosingCmd,Cryo — cavity valves/temps/pressures
4819,CMA04-CRYO,LINA-CMA04-FV020:Defect,Cryo — cavity valves/temps/pressures
4819,CMA04-CRYO,LINA-CMA04-FV020:OpeningCmd,Cryo — cavity valves/temps/pressures
4819,CMA04-CRYO,LINA-CMA04-FV020:State,Cryo — cavity valves/temps/pressures
4819,CMA04-CRYO,LINA-CMA04-FV120:ClosingCmd,Cryo — cavity valves/temps/pressures
4819,CMA04-CRYO,LINA-CMA04-FV120:Defect,Cryo — cavity valves/temps/pressures
4819,CMA04-CRYO,LINA-CMA04-FV120:OpeningCmd,Cryo — cavity valves/temps/pressures
4819,CMA04-CRYO,LINA-CMA04-FV120:State,Cryo — cavity valves/temps/pressures
4819,CMA04-CRYO,LINA-CMA04-LQ:Num,Cryo — cavity valves/temps/pressures
4819,CMA04-CRYO,LINA-CMA04-LT200:LevelMes,Cryo — cavity valves/temps/pressures
4819,CMA04-CRYO,LINA-CMA04-OBSCHARGE01:ChargeEstime,Cryo — cavity valves/temps/pressures
4819,CMA04-CRYO,LINA-CMA04-OBSCHARGE01:DebitEntree,Cryo — cavity valves/temps/pressures
4819,CMA04-CRYO,LINA-CMA04-OBSCHARGE01:DebitSortie,Cryo — cavity valves/temps/pressures
4819,CMA04-CRYO,LINA-CMA04-OBSCHARGE01:Densite,Cryo — cavity valves/temps/pressures
4819,CMA04-CRYO,LINA-CMA04-OBSCHARGE01:EnergieInterne,Cryo — cavity valves/temps/pressures
4819,CMA04-CRYO,LINA-CMA04-OBSCHARGE01:NumeroMatrice,Cryo — cavity valves/temps/pressures
4819,CMA04-CRYO,LINA-CMA04-OBSCHARGE02:ChargeEstime,Cryo — cavity valves/temps/pressures
4819,CMA04-CRYO,LINA-CMA04-OBSCHARGE02:DebitEntree,Cryo — cavity valves/temps/pressures
4819,CMA04-CRYO,LINA-CMA04-OBSCHARGE02:DebitSortie,Cryo — cavity valves/temps/pressures
4819,CMA04-CRYO,LINA-CMA04-OBSCHARGE02:Densite,Cryo — cavity valves/temps/pressures
4819,CMA04-CRYO,LINA-CMA04-OBSCHARGE02:EnergieInterne,Cryo — cavity valves/temps/pressures
4819,CMA04-CRYO,LINA-CMA04-OBSCHARGE02:NumeroMatrice,Cryo — cavity valves/temps/pressures
4819,CMA04-CRYO,LINA-CMA04-PLC:Qd_count,Cryo — cavity valves/temps/pressures
4819,CMA04-CRYO,LINA-CMA04-PT001:PMes,Cryo — cavity valves/temps/pressures
4819,CMA04-CRYO,LINA-CMA04-PT010:PMes,Cryo — cavity valves/temps/pressures
4819,CMA04-CRYO,LINA-CMA04-PT120:PMes,Cryo — cavity valves/temps/pressures
4819,CMA04-CRYO,LINA-CMA04-PTRES001:PTempMes,Cryo — cavity valves/temps/pressures
4819,CMA04-CRYO,LINA-CMA04-TT001:ResMes,Cryo — cavity valves/temps/pressures
4819,CMA04-CRYO,LINA-CMA04-TT001:TempMes,Cryo — cavity valves/temps/pressures
4819,CMA04-CRYO,LINA-CMA04-TT005:ResMes,Cryo — cavity valves/temps/pressures
4819,CMA04-CRYO,LINA-CMA04-TT005:TempMes,Cryo — cavity valves/temps/pressures
4819,CMA04-CRYO,LINA-CMA04-TT010:ResMes,Cryo — cavity valves/temps/pressures
4819,CMA04-CRYO,LINA-CMA04-TT010:TempMes,Cryo — cavity valves/temps/pressures
4819,CMA04-CRYO,LINA-CMA04-TT011:ResMes,Cryo — cavity valves/temps/pressures
4819,CMA04-CRYO,LINA-CMA04-TT011:TempMes,Cryo — cavity valves/temps/pressures
4819,CMA04-CRYO,LINA-CMA04-TT015:ResMes,Cryo — cavity valves/temps/pressures
4819,CMA04-CRYO,LINA-CMA04-TT015:TempMes,Cryo — cavity valves/temps/pressures
4819,CMA04-CRYO,LINA-CMA04-TT101:ResMes,Cryo — cavity valves/temps/pressures
4819,CMA04-CRYO,LINA-CMA04-TT101:TempMes,Cryo — cavity valves/temps/pressures
4819,CMA04-CRYO,LINA-CMA04-TT102:ResMes,Cryo — cavity valves/temps/pressures
4819,CMA04-CRYO,LINA-CMA04-TT102:TempMes,Cryo — cavity valves/temps/pressures
4819,CMA04-CRYO,LINA-CMA04-TT103:ResMes,Cryo — cavity valves/temps/pressures
4819,CMA04-CRYO,LINA-CMA04-TT103:TempMes,Cryo — cavity valves/temps/pressures
4819,CMA04-CRYO,LINA-CMA04-TT104:ResMes,Cryo — cavity valves/temps/pressures
4819,CMA04-CRYO,LINA-CMA04-TT104:TempMes,Cryo — cavity valves/temps/pressures
4819,CMA04-CRYO,LINA-CMA04-TT112:ResMes,Cryo — cavity valves/temps/pressures
4819,CMA04-CRYO,LINA-CMA04-TT112:TempMes,Cryo — cavity valves/temps/pressures
4819,CMA04-CRYO,LINA-CMA04-TT200:ResMes,Cryo — cavity valves/temps/pressures
4819,CMA04-CRYO,LINA-CMA04-TT200:TempMes,Cryo — cavity valves/temps/pressures
4819,CMA04-CRYO,LINA-CMA04-TT201:ResMes,Cryo — cavity valves/temps/pressures
4819,CMA04-CRYO,LINA-CMA04-TT201:TempMes,Cryo — cavity valves/temps/pressures
4819,CMA04-CRYO,LINA-CMA04-TT202:ResMes,Cryo — cavity valves/temps/pressures
4819,CMA04-CRYO,LINA-CMA04-TT202:TempMes,Cryo — cavity valves/temps/pressures
4819,CMA04-CRYO,LINA-CMA04-TT204:ResMes,Cryo — cavity valves/temps/pressures
4819,CMA04-CRYO,LINA-CMA04-TT204:TempMes,Cryo — cavity valves/temps/pressures
4819,CMA04-CRYO,LINA-CMA04-TT205:ResMes,Cryo — cavity valves/temps/pressures
4819,CMA04-CRYO,LINA-CMA04-TT205:TempMes,Cryo — cavity valves/temps/pressures
4819,CMA04-CRYO,LINA-CMA04-TT215:ResMes,Cryo — cavity valves/temps/pressures
4819,CMA04-CRYO,LINA-CMA04-TT215:TempMes,Cryo — cavity valves/temps/pressures
4819,CMA04-CRYO,LINA-CMA04-TTCAV:ConsGlissante,Cryo — cavity valves/temps/pressures
4819,CMA04-CRYO,LINA-CMA04-VI01:State,Cryo — cavity valves/temps/pressures
4819,CMA04-CRYO,LINA-CMA04-VI02:State,Cryo — cavity valves/temps/pressures
4819,CMA04-CRYO,PLC-CRYO-CMA04:IsAlive,Cryo — cavity valves/temps/pressures
4819,CMA04-CRYO,TRIG-ARCH-CRYO-CMA04:LinacEnable.RVAL,Cryo — cavity valves/temps/pressures
4819,CMA05-CRYO,TRIG-ARCH-CRYO-CMA05:LinacEnable.RVAL,Cryo — cavity valves/temps/pressures
4819,CMA05-CRYO,LINA-CMA05-CHAUF:Cons,Cryo — cavity valves/temps/pressures
4819,CMA05-CRYO,LINA-CMA05-CHAUF:Val,Cryo — cavity valves/temps/pressures
4819,CMA05-CRYO,LINA-CMA05-ETAT:IndicState,Cryo — cavity valves/temps/pressures
4819,CMA05-CRYO,LINA-CMA05-FCV001:ACons,Cryo — cavity valves/temps/pressures
4819,CMA05-CRYO,LINA-CMA05-FCV001:Cons,Cryo — cavity valves/temps/pressures
4819,CMA05-CRYO,LINA-CMA05-FCV001:CSlopeCons,Cryo — cavity valves/temps/pressures
4819,CMA05-CRYO,LINA-CMA05-FCV001:OpenAct,Cryo — cavity valves/temps/pressures
4819,CMA05-CRYO,LINA-CMA05-FCV001:OSlopeCons,Cryo — cavity valves/temps/pressures
4819,CMA05-CRYO,LINA-CMA05-FCV002:ACons,Cryo — cavity valves/temps/pressures
4819,CMA05-CRYO,LINA-CMA05-FCV002:Cons,Cryo — cavity valves/temps/pressures
4819,CMA05-CRYO,LINA-CMA05-FCV002:CSlopeCons,Cryo — cavity valves/temps/pressures
4819,CMA05-CRYO,LINA-CMA05-FCV002:DCons,Cryo — cavity valves/temps/pressures
4819,CMA05-CRYO,LINA-CMA05-FCV002:ICons,Cryo — cavity valves/temps/pressures
4819,CMA05-CRYO,LINA-CMA05-FCV002:OpenAct,Cryo — cavity valves/temps/pressures
4819,CMA05-CRYO,LINA-CMA05-FCV002:OSlopeCons,Cryo — cavity valves/temps/pressures
4819,CMA05-CRYO,LINA-CMA05-FCV002:PCons,Cryo — cavity valves/temps/pressures
4819,CMA05-CRYO,LINA-CMA05-FCV005:ACons,Cryo — cavity valves/temps/pressures
4819,CMA05-CRYO,LINA-CMA05-FCV005:Cons,Cryo — cavity valves/temps/pressures
4819,CMA05-CRYO,LINA-CMA05-FCV005:CSlopeCons,Cryo — cavity valves/temps/pressures
4819,CMA05-CRYO,LINA-CMA05-FCV005:DCons,Cryo — cavity valves/temps/pressures
4819,CMA05-CRYO,LINA-CMA05-FCV005:ICons,Cryo — cavity valves/temps/pressures
4819,CMA05-CRYO,LINA-CMA05-FCV005:OpenAct,Cryo — cavity valves/temps/pressures
4819,CMA05-CRYO,LINA-CMA05-FCV005:OSlopeCons,Cryo — cavity valves/temps/pressures
4819,CMA05-CRYO,LINA-CMA05-FCV005:PCons,Cryo — cavity valves/temps/pressures
4819,CMA05-CRYO,LINA-CMA05-FCV010:ACons,Cryo — cavity valves/temps/pressures
4819,CMA05-CRYO,LINA-CMA05-FCV010:Cons,Cryo — cavity valves/temps/pressures
4819,CMA05-CRYO,LINA-CMA05-FCV010:CSlopeCons,Cryo — cavity valves/temps/pressures
4819,CMA05-CRYO,LINA-CMA05-FCV010:DCons,Cryo — cavity valves/temps/pressures
4819,CMA05-CRYO,LINA-CMA05-FCV010:ICons,Cryo — cavity valves/temps/pressures
4819,CMA05-CRYO,LINA-CMA05-FCV010:OpenAct,Cryo — cavity valves/temps/pressures
4819,CMA05-CRYO,LINA-CMA05-FCV010:OSlopeCons,Cryo — cavity valves/temps/pressures
4819,CMA05-CRYO,LINA-CMA05-FCV010:PCons,Cryo — cavity valves/temps/pressures
4819,CMA05-CRYO,LINA-CMA05-FV005:ClosingCmd,Cryo — cavity valves/temps/pressures
4819,CMA05-CRYO,LINA-CMA05-FV005:Defect,Cryo — cavity valves/temps/pressures
4819,CMA05-CRYO,LINA-CMA05-FV005:OpeningCmd,Cryo — cavity valves/temps/pressures
4819,CMA05-CRYO,LINA-CMA05-FV005:State,Cryo — cavity valves/temps/pressures
4819,CMA05-CRYO,LINA-CMA05-FV010:ClosingCmd,Cryo — cavity valves/temps/pressures
4819,CMA05-CRYO,LINA-CMA05-FV010:Defect,Cryo — cavity valves/temps/pressures
4819,CMA05-CRYO,LINA-CMA05-FV010:OpeningCmd,Cryo — cavity valves/temps/pressures
4819,CMA05-CRYO,LINA-CMA05-FV010:State,Cryo — cavity valves/temps/pressures
4819,CMA05-CRYO,LINA-CMA05-FV011:ClosingCmd,Cryo — cavity valves/temps/pressures
4819,CMA05-CRYO,LINA-CMA05-FV011:Defect,Cryo — cavity valves/temps/pressures
4819,CMA05-CRYO,LINA-CMA05-FV011:OpeningCmd,Cryo — cavity valves/temps/pressures
4819,CMA05-CRYO,LINA-CMA05-FV011:State,Cryo — cavity valves/temps/pressures
4819,CMA05-CRYO,LINA-CMA05-FV020:ClosingCmd,Cryo — cavity valves/temps/pressures
4819,CMA05-CRYO,LINA-CMA05-FV020:Defect,Cryo — cavity valves/temps/pressures
4819,CMA05-CRYO,LINA-CMA05-FV020:OpeningCmd,Cryo — cavity valves/temps/pressures
4819,CMA05-CRYO,LINA-CMA05-FV020:State,Cryo — cavity valves/temps/pressures
4819,CMA05-CRYO,LINA-CMA05-FV120:ClosingCmd,Cryo — cavity valves/temps/pressures
4819,CMA05-CRYO,LINA-CMA05-FV120:Defect,Cryo — cavity valves/temps/pressures
4819,CMA05-CRYO,LINA-CMA05-FV120:OpeningCmd,Cryo — cavity valves/temps/pressures
4819,CMA05-CRYO,LINA-CMA05-FV120:State,Cryo — cavity valves/temps/pressures
4819,CMA05-CRYO,LINA-CMA05-LQ:Num,Cryo — cavity valves/temps/pressures
4819,CMA05-CRYO,LINA-CMA05-LT200:LevelMes,Cryo — cavity valves/temps/pressures
4819,CMA05-CRYO,LINA-CMA05-OBSCHARGE01:ChargeEstime,Cryo — cavity valves/temps/pressures
4819,CMA05-CRYO,LINA-CMA05-OBSCHARGE01:DebitEntree,Cryo — cavity valves/temps/pressures
4819,CMA05-CRYO,LINA-CMA05-OBSCHARGE01:DebitSortie,Cryo — cavity valves/temps/pressures
4819,CMA05-CRYO,LINA-CMA05-OBSCHARGE01:Densite,Cryo — cavity valves/temps/pressures
4819,CMA05-CRYO,LINA-CMA05-OBSCHARGE01:EnergieInterne,Cryo — cavity valves/temps/pressures
4819,CMA05-CRYO,LINA-CMA05-OBSCHARGE01:NumeroMatrice,Cryo — cavity valves/temps/pressures
4819,CMA05-CRYO,LINA-CMA05-OBSCHARGE02:ChargeEstime,Cryo — cavity valves/temps/pressures
4819,CMA05-CRYO,LINA-CMA05-OBSCHARGE02:DebitEntree,Cryo — cavity valves/temps/pressures
4819,CMA05-CRYO,LINA-CMA05-OBSCHARGE02:DebitSortie,Cryo — cavity valves/temps/pressures
4819,CMA05-CRYO,LINA-CMA05-OBSCHARGE02:Densite,Cryo — cavity valves/temps/pressures
4819,CMA05-CRYO,LINA-CMA05-OBSCHARGE02:EnergieInterne,Cryo — cavity valves/temps/pressures
4819,CMA05-CRYO,LINA-CMA05-OBSCHARGE02:NumeroMatrice,Cryo — cavity valves/temps/pressures
4819,CMA05-CRYO,LINA-CMA05-PLC:Qd_count,Cryo — cavity valves/temps/pressures
4819,CMA05-CRYO,LINA-CMA05-PT001:PMes,Cryo — cavity valves/temps/pressures
4819,CMA05-CRYO,LINA-CMA05-PT010:PMes,Cryo — cavity valves/temps/pressures
4819,CMA05-CRYO,LINA-CMA05-PT120:PMes,Cryo — cavity valves/temps/pressures
4819,CMA05-CRYO,LINA-CMA05-PTRES001:PTempMes,Cryo — cavity valves/temps/pressures
4819,CMA05-CRYO,LINA-CMA05-TT001:ResMes,Cryo — cavity valves/temps/pressures
4819,CMA05-CRYO,LINA-CMA05-TT001:TempMes,Cryo — cavity valves/temps/pressures
4819,CMA05-CRYO,LINA-CMA05-TT005:ResMes,Cryo — cavity valves/temps/pressures
4819,CMA05-CRYO,LINA-CMA05-TT005:TempMes,Cryo — cavity valves/temps/pressures
4819,CMA05-CRYO,LINA-CMA05-TT010:ResMes,Cryo — cavity valves/temps/pressures
4819,CMA05-CRYO,LINA-CMA05-TT010:TempMes,Cryo — cavity valves/temps/pressures
4819,CMA05-CRYO,LINA-CMA05-TT011:ResMes,Cryo — cavity valves/temps/pressures
4819,CMA05-CRYO,LINA-CMA05-TT011:TempMes,Cryo — cavity valves/temps/pressures
4819,CMA05-CRYO,LINA-CMA05-TT015:ResMes,Cryo — cavity valves/temps/pressures
4819,CMA05-CRYO,LINA-CMA05-TT015:TempMes,Cryo — cavity valves/temps/pressures
4819,CMA05-CRYO,LINA-CMA05-TT101:ResMes,Cryo — cavity valves/temps/pressures
4819,CMA05-CRYO,LINA-CMA05-TT101:TempMes,Cryo — cavity valves/temps/pressures
4819,CMA05-CRYO,LINA-CMA05-TT102:ResMes,Cryo — cavity valves/temps/pressures
4819,CMA05-CRYO,LINA-CMA05-TT102:TempMes,Cryo — cavity valves/temps/pressures
4819,CMA05-CRYO,LINA-CMA05-TT103:ResMes,Cryo — cavity valves/temps/pressures
4819,CMA05-CRYO,LINA-CMA05-TT103:TempMes,Cryo — cavity valves/temps/pressures
4819,CMA05-CRYO,LINA-CMA05-TT104:ResMes,Cryo — cavity valves/temps/pressures
4819,CMA05-CRYO,LINA-CMA05-TT104:TempMes,Cryo — cavity valves/temps/pressures
4819,CMA05-CRYO,LINA-CMA05-TT112:ResMes,Cryo — cavity valves/temps/pressures
4819,CMA05-CRYO,LINA-CMA05-TT112:TempMes,Cryo — cavity valves/temps/pressures
4819,CMA05-CRYO,LINA-CMA05-TT200:ResMes,Cryo — cavity valves/temps/pressures
4819,CMA05-CRYO,LINA-CMA05-TT200:TempMes,Cryo — cavity valves/temps/pressures
4819,CMA05-CRYO,LINA-CMA05-TT201:ResMes,Cryo — cavity valves/temps/pressures
4819,CMA05-CRYO,LINA-CMA05-TT201:TempMes,Cryo — cavity valves/temps/pressures
4819,CMA05-CRYO,LINA-CMA05-TT202:ResMes,Cryo — cavity valves/temps/pressures
4819,CMA05-CRYO,LINA-CMA05-TT202:TempMes,Cryo — cavity valves/temps/pressures
4819,CMA05-CRYO,LINA-CMA05-TT204:ResMes,Cryo — cavity valves/temps/pressures
4819,CMA05-CRYO,LINA-CMA05-TT204:TempMes,Cryo — cavity valves/temps/pressures
4819,CMA05-CRYO,LINA-CMA05-TT205:ResMes,Cryo — cavity valves/temps/pressures
4819,CMA05-CRYO,LINA-CMA05-TT205:TempMes,Cryo — cavity valves/temps/pressures
4819,CMA05-CRYO,LINA-CMA05-TT215:ResMes,Cryo — cavity valves/temps/pressures
4819,CMA05-CRYO,LINA-CMA05-TT215:TempMes,Cryo — cavity valves/temps/pressures
4819,CMA05-CRYO,LINA-CMA05-TTCAV:ConsGlissante,Cryo — cavity valves/temps/pressures
4819,CMA05-CRYO,LINA-CMA05-VI01:State,Cryo — cavity valves/temps/pressures
4819,CMA05-CRYO,LINA-CMA05-VI02:State,Cryo — cavity valves/temps/pressures
4819,CMA05-CRYO,PLC-CRYO-CMA05:IsAlive,Cryo — cavity valves/temps/pressures
4819,CMA05-CRYO,TRIG-ARCH-CRYO-CMA05:LinacEnable.RVAL,Cryo — cavity valves/temps/pressures
4819,CMA06-CRYO,TRIG-ARCH-CRYO-CMA06:LinacEnable.RVAL,Cryo — cavity valves/temps/pressures
4819,CMA06-CRYO,LINA-CMA06-CHAUF:Cons,Cryo — cavity valves/temps/pressures
4819,CMA06-CRYO,LINA-CMA06-CHAUF:Val,Cryo — cavity valves/temps/pressures
4819,CMA06-CRYO,LINA-CMA06-ETAT:IndicState,Cryo — cavity valves/temps/pressures
4819,CMA06-CRYO,LINA-CMA06-FCV001:ACons,Cryo — cavity valves/temps/pressures
4819,CMA06-CRYO,LINA-CMA06-FCV001:Cons,Cryo — cavity valves/temps/pressures
4819,CMA06-CRYO,LINA-CMA06-FCV001:CSlopeCons,Cryo — cavity valves/temps/pressures
4819,CMA06-CRYO,LINA-CMA06-FCV001:OpenAct,Cryo — cavity valves/temps/pressures
4819,CMA06-CRYO,LINA-CMA06-FCV001:OSlopeCons,Cryo — cavity valves/temps/pressures
4819,CMA06-CRYO,LINA-CMA06-FCV002:ACons,Cryo — cavity valves/temps/pressures
4819,CMA06-CRYO,LINA-CMA06-FCV002:Cons,Cryo — cavity valves/temps/pressures
4819,CMA06-CRYO,LINA-CMA06-FCV002:CSlopeCons,Cryo — cavity valves/temps/pressures
4819,CMA06-CRYO,LINA-CMA06-FCV002:DCons,Cryo — cavity valves/temps/pressures
4819,CMA06-CRYO,LINA-CMA06-FCV002:ICons,Cryo — cavity valves/temps/pressures
4819,CMA06-CRYO,LINA-CMA06-FCV002:OpenAct,Cryo — cavity valves/temps/pressures
4819,CMA06-CRYO,LINA-CMA06-FCV002:OSlopeCons,Cryo — cavity valves/temps/pressures
4819,CMA06-CRYO,LINA-CMA06-FCV002:PCons,Cryo — cavity valves/temps/pressures
4819,CMA06-CRYO,LINA-CMA06-FCV005:ACons,Cryo — cavity valves/temps/pressures
4819,CMA06-CRYO,LINA-CMA06-FCV005:Cons,Cryo — cavity valves/temps/pressures
4819,CMA06-CRYO,LINA-CMA06-FCV005:CSlopeCons,Cryo — cavity valves/temps/pressures
4819,CMA06-CRYO,LINA-CMA06-FCV005:DCons,Cryo — cavity valves/temps/pressures
4819,CMA06-CRYO,LINA-CMA06-FCV005:ICons,Cryo — cavity valves/temps/pressures
4819,CMA06-CRYO,LINA-CMA06-FCV005:OpenAct,Cryo — cavity valves/temps/pressures
4819,CMA06-CRYO,LINA-CMA06-FCV005:OSlopeCons,Cryo — cavity valves/temps/pressures
4819,CMA06-CRYO,LINA-CMA06-FCV005:PCons,Cryo — cavity valves/temps/pressures
4819,CMA06-CRYO,LINA-CMA06-FCV010:ACons,Cryo — cavity valves/temps/pressures
4819,CMA06-CRYO,LINA-CMA06-FCV010:Cons,Cryo — cavity valves/temps/pressures
4819,CMA06-CRYO,LINA-CMA06-FCV010:CSlopeCons,Cryo — cavity valves/temps/pressures
4819,CMA06-CRYO,LINA-CMA06-FCV010:DCons,Cryo — cavity valves/temps/pressures
4819,CMA06-CRYO,LINA-CMA06-FCV010:ICons,Cryo — cavity valves/temps/pressures
4819,CMA06-CRYO,LINA-CMA06-FCV010:OpenAct,Cryo — cavity valves/temps/pressures
4819,CMA06-CRYO,LINA-CMA06-FCV010:OSlopeCons,Cryo — cavity valves/temps/pressures
4819,CMA06-CRYO,LINA-CMA06-FCV010:PCons,Cryo — cavity valves/temps/pressures
4819,CMA06-CRYO,LINA-CMA06-FV005:ClosingCmd,Cryo — cavity valves/temps/pressures
4819,CMA06-CRYO,LINA-CMA06-FV005:Defect,Cryo — cavity valves/temps/pressures
4819,CMA06-CRYO,LINA-CMA06-FV005:OpeningCmd,Cryo — cavity valves/temps/pressures
4819,CMA06-CRYO,LINA-CMA06-FV005:State,Cryo — cavity valves/temps/pressures
4819,CMA06-CRYO,LINA-CMA06-FV010:ClosingCmd,Cryo — cavity valves/temps/pressures
4819,CMA06-CRYO,LINA-CMA06-FV010:Defect,Cryo — cavity valves/temps/pressures
4819,CMA06-CRYO,LINA-CMA06-FV010:OpeningCmd,Cryo — cavity valves/temps/pressures
4819,CMA06-CRYO,LINA-CMA06-FV010:State,Cryo — cavity valves/temps/pressures
4819,CMA06-CRYO,LINA-CMA06-FV011:ClosingCmd,Cryo — cavity valves/temps/pressures
4819,CMA06-CRYO,LINA-CMA06-FV011:Defect,Cryo — cavity valves/temps/pressures
4819,CMA06-CRYO,LINA-CMA06-FV011:OpeningCmd,Cryo — cavity valves/temps/pressures
4819,CMA06-CRYO,LINA-CMA06-FV011:State,Cryo — cavity valves/temps/pressures
4819,CMA06-CRYO,LINA-CMA06-FV020:ClosingCmd,Cryo — cavity valves/temps/pressures
4819,CMA06-CRYO,LINA-CMA06-FV020:Defect,Cryo — cavity valves/temps/pressures
4819,CMA06-CRYO,LINA-CMA06-FV020:OpeningCmd,Cryo — cavity valves/temps/pressures
4819,CMA06-CRYO,LINA-CMA06-FV020:State,Cryo — cavity valves/temps/pressures
4819,CMA06-CRYO,LINA-CMA06-FV120:ClosingCmd,Cryo — cavity valves/temps/pressures
4819,CMA06-CRYO,LINA-CMA06-FV120:Defect,Cryo — cavity valves/temps/pressures
4819,CMA06-CRYO,LINA-CMA06-FV120:OpeningCmd,Cryo — cavity valves/temps/pressures
4819,CMA06-CRYO,LINA-CMA06-FV120:State,Cryo — cavity valves/temps/pressures
4819,CMA06-CRYO,LINA-CMA06-LQ:Num,Cryo — cavity valves/temps/pressures
4819,CMA06-CRYO,LINA-CMA06-LT200:LevelMes,Cryo — cavity valves/temps/pressures
4819,CMA06-CRYO,LINA-CMA06-OBSCHARGE01:ChargeEstime,Cryo — cavity valves/temps/pressures
4819,CMA06-CRYO,LINA-CMA06-OBSCHARGE01:DebitEntree,Cryo — cavity valves/temps/pressures
4819,CMA06-CRYO,LINA-CMA06-OBSCHARGE01:DebitSortie,Cryo — cavity valves/temps/pressures
4819,CMA06-CRYO,LINA-CMA06-OBSCHARGE01:Densite,Cryo — cavity valves/temps/pressures
4819,CMA06-CRYO,LINA-CMA06-OBSCHARGE01:EnergieInterne,Cryo — cavity valves/temps/pressures
4819,CMA06-CRYO,LINA-CMA06-OBSCHARGE01:NumeroMatrice,Cryo — cavity valves/temps/pressures
4819,CMA06-CRYO,LINA-CMA06-OBSCHARGE02:ChargeEstime,Cryo — cavity valves/temps/pressures
4819,CMA06-CRYO,LINA-CMA06-OBSCHARGE02:DebitEntree,Cryo — cavity valves/temps/pressures
4819,CMA06-CRYO,LINA-CMA06-OBSCHARGE02:DebitSortie,Cryo — cavity valves/temps/pressures
4819,CMA06-CRYO,LINA-CMA06-OBSCHARGE02:Densite,Cryo — cavity valves/temps/pressures
4819,CMA06-CRYO,LINA-CMA06-OBSCHARGE02:EnergieInterne,Cryo — cavity valves/temps/pressures
4819,CMA06-CRYO,LINA-CMA06-OBSCHARGE02:NumeroMatrice,Cryo — cavity valves/temps/pressures
4819,CMA06-CRYO,LINA-CMA06-PLC:Qd_count,Cryo — cavity valves/temps/pressures
4819,CMA06-CRYO,LINA-CMA06-PT001:PMes,Cryo — cavity valves/temps/pressures
4819,CMA06-CRYO,LINA-CMA06-PT010:PMes,Cryo — cavity valves/temps/pressures
4819,CMA06-CRYO,LINA-CMA06-PT120:PMes,Cryo — cavity valves/temps/pressures
4819,CMA06-CRYO,LINA-CMA06-PTRES001:PTempMes,Cryo — cavity valves/temps/pressures
4819,CMA06-CRYO,LINA-CMA06-TT001:ResMes,Cryo — cavity valves/temps/pressures
4819,CMA06-CRYO,LINA-CMA06-TT001:TempMes,Cryo — cavity valves/temps/pressures
4819,CMA06-CRYO,LINA-CMA06-TT005:ResMes,Cryo — cavity valves/temps/pressures
4819,CMA06-CRYO,LINA-CMA06-TT005:TempMes,Cryo — cavity valves/temps/pressures
4819,CMA06-CRYO,LINA-CMA06-TT010:ResMes,Cryo — cavity valves/temps/pressures
4819,CMA06-CRYO,LINA-CMA06-TT010:TempMes,Cryo — cavity valves/temps/pressures
4819,CMA06-CRYO,LINA-CMA06-TT011:ResMes,Cryo — cavity valves/temps/pressures
4819,CMA06-CRYO,LINA-CMA06-TT011:TempMes,Cryo — cavity valves/temps/pressures
4819,CMA06-CRYO,LINA-CMA06-TT015:ResMes,Cryo — cavity valves/temps/pressures
4819,CMA06-CRYO,LINA-CMA06-TT015:TempMes,Cryo — cavity valves/temps/pressures
4819,CMA06-CRYO,LINA-CMA06-TT101:ResMes,Cryo — cavity valves/temps/pressures
4819,CMA06-CRYO,LINA-CMA06-TT101:TempMes,Cryo — cavity valves/temps/pressures
4819,CMA06-CRYO,LINA-CMA06-TT102:ResMes,Cryo — cavity valves/temps/pressures
4819,CMA06-CRYO,LINA-CMA06-TT102:TempMes,Cryo — cavity valves/temps/pressures
4819,CMA06-CRYO,LINA-CMA06-TT103:ResMes,Cryo — cavity valves/temps/pressures
4819,CMA06-CRYO,LINA-CMA06-TT103:TempMes,Cryo — cavity valves/temps/pressures
4819,CMA06-CRYO,LINA-CMA06-TT104:ResMes,Cryo — cavity valves/temps/pressures
4819,CMA06-CRYO,LINA-CMA06-TT104:TempMes,Cryo — cavity valves/temps/pressures
4819,CMA06-CRYO,LINA-CMA06-TT112:ResMes,Cryo — cavity valves/temps/pressures
4819,CMA06-CRYO,LINA-CMA06-TT112:TempMes,Cryo — cavity valves/temps/pressures
4819,CMA06-CRYO,LINA-CMA06-TT200:ResMes,Cryo — cavity valves/temps/pressures
4819,CMA06-CRYO,LINA-CMA06-TT200:TempMes,Cryo — cavity valves/temps/pressures
4819,CMA06-CRYO,LINA-CMA06-TT201:ResMes,Cryo — cavity valves/temps/pressures
4819,CMA06-CRYO,LINA-CMA06-TT201:TempMes,Cryo — cavity valves/temps/pressures
4819,CMA06-CRYO,LINA-CMA06-TT202:ResMes,Cryo — cavity valves/temps/pressures
4819,CMA06-CRYO,LINA-CMA06-TT202:TempMes,Cryo — cavity valves/temps/pressures
4819,CMA06-CRYO,LINA-CMA06-TT204:ResMes,Cryo — cavity valves/temps/pressures
4819,CMA06-CRYO,LINA-CMA06-TT204:TempMes,Cryo — cavity valves/temps/pressures
4819,CMA06-CRYO,LINA-CMA06-TT205:ResMes,Cryo — cavity valves/temps/pressures
4819,CMA06-CRYO,LINA-CMA06-TT205:TempMes,Cryo — cavity valves/temps/pressures
4819,CMA06-CRYO,LINA-CMA06-TT215:ResMes,Cryo — cavity valves/temps/pressures
4819,CMA06-CRYO,LINA-CMA06-TT215:TempMes,Cryo — cavity valves/temps/pressures
4819,CMA06-CRYO,LINA-CMA06-TTCAV:ConsGlissante,Cryo — cavity valves/temps/pressures
4819,CMA06-CRYO,LINA-CMA06-VI01:State,Cryo — cavity valves/temps/pressures
4819,CMA06-CRYO,LINA-CMA06-VI02:State,Cryo — cavity valves/temps/pressures
4819,CMA06-CRYO,PLC-CRYO-CMA06:IsAlive,Cryo — cavity valves/temps/pressures
4819,CMA06-CRYO,TRIG-ARCH-CRYO-CMA06:LinacEnable.RVAL,Cryo — cavity valves/temps/pressures
4819,CMA07-CRYO,TRIG-ARCH-CRYO-CMA07:LinacEnable.RVAL,Cryo — cavity valves/temps/pressures
4819,CMA07-CRYO,LINA-CMA07-CHAUF:Cons,Cryo — cavity valves/temps/pressures
4819,CMA07-CRYO,LINA-CMA07-CHAUF:Val,Cryo — cavity valves/temps/pressures
4819,CMA07-CRYO,LINA-CMA07-ETAT:IndicState,Cryo — cavity valves/temps/pressures
4819,CMA07-CRYO,LINA-CMA07-FCV001:ACons,Cryo — cavity valves/temps/pressures
4819,CMA07-CRYO,LINA-CMA07-FCV001:Cons,Cryo — cavity valves/temps/pressures
4819,CMA07-CRYO,LINA-CMA07-FCV001:CSlopeCons,Cryo — cavity valves/temps/pressures
4819,CMA07-CRYO,LINA-CMA07-FCV001:OpenAct,Cryo — cavity valves/temps/pressures
4819,CMA07-CRYO,LINA-CMA07-FCV001:OSlopeCons,Cryo — cavity valves/temps/pressures
4819,CMA07-CRYO,LINA-CMA07-FCV002:ACons,Cryo — cavity valves/temps/pressures
4819,CMA07-CRYO,LINA-CMA07-FCV002:Cons,Cryo — cavity valves/temps/pressures
4819,CMA07-CRYO,LINA-CMA07-FCV002:CSlopeCons,Cryo — cavity valves/temps/pressures
4819,CMA07-CRYO,LINA-CMA07-FCV002:DCons,Cryo — cavity valves/temps/pressures
4819,CMA07-CRYO,LINA-CMA07-FCV002:ICons,Cryo — cavity valves/temps/pressures
4819,CMA07-CRYO,LINA-CMA07-FCV002:OpenAct,Cryo — cavity valves/temps/pressures
4819,CMA07-CRYO,LINA-CMA07-FCV002:OSlopeCons,Cryo — cavity valves/temps/pressures
4819,CMA07-CRYO,LINA-CMA07-FCV002:PCons,Cryo — cavity valves/temps/pressures
4819,CMA07-CRYO,LINA-CMA07-FCV005:ACons,Cryo — cavity valves/temps/pressures
4819,CMA07-CRYO,LINA-CMA07-FCV005:Cons,Cryo — cavity valves/temps/pressures
4819,CMA07-CRYO,LINA-CMA07-FCV005:CSlopeCons,Cryo — cavity valves/temps/pressures
4819,CMA07-CRYO,LINA-CMA07-FCV005:DCons,Cryo — cavity valves/temps/pressures
4819,CMA07-CRYO,LINA-CMA07-FCV005:ICons,Cryo — cavity valves/temps/pressures
4819,CMA07-CRYO,LINA-CMA07-FCV005:OpenAct,Cryo — cavity valves/temps/pressures
4819,CMA07-CRYO,LINA-CMA07-FCV005:OSlopeCons,Cryo — cavity valves/temps/pressures
4819,CMA07-CRYO,LINA-CMA07-FCV005:PCons,Cryo — cavity valves/temps/pressures
4819,CMA07-CRYO,LINA-CMA07-FCV010:ACons,Cryo — cavity valves/temps/pressures
4819,CMA07-CRYO,LINA-CMA07-FCV010:Cons,Cryo — cavity valves/temps/pressures
4819,CMA07-CRYO,LINA-CMA07-FCV010:CSlopeCons,Cryo — cavity valves/temps/pressures
4819,CMA07-CRYO,LINA-CMA07-FCV010:DCons,Cryo — cavity valves/temps/pressures
4819,CMA07-CRYO,LINA-CMA07-FCV010:ICons,Cryo — cavity valves/temps/pressures
4819,CMA07-CRYO,LINA-CMA07-FCV010:OpenAct,Cryo — cavity valves/temps/pressures
4819,CMA07-CRYO,LINA-CMA07-FCV010:OSlopeCons,Cryo — cavity valves/temps/pressures
4819,CMA07-CRYO,LINA-CMA07-FCV010:PCons,Cryo — cavity valves/temps/pressures
4819,CMA07-CRYO,LINA-CMA07-FV005:ClosingCmd,Cryo — cavity valves/temps/pressures
4819,CMA07-CRYO,LINA-CMA07-FV005:Defect,Cryo — cavity valves/temps/pressures
4819,CMA07-CRYO,LINA-CMA07-FV005:OpeningCmd,Cryo — cavity valves/temps/pressures
4819,CMA07-CRYO,LINA-CMA07-FV005:State,Cryo — cavity valves/temps/pressures
4819,CMA07-CRYO,LINA-CMA07-FV010:ClosingCmd,Cryo — cavity valves/temps/pressures
4819,CMA07-CRYO,LINA-CMA07-FV010:Defect,Cryo — cavity valves/temps/pressures
4819,CMA07-CRYO,LINA-CMA07-FV010:OpeningCmd,Cryo — cavity valves/temps/pressures
4819,CMA07-CRYO,LINA-CMA07-FV010:State,Cryo — cavity valves/temps/pressures
4819,CMA07-CRYO,LINA-CMA07-FV011:ClosingCmd,Cryo — cavity valves/temps/pressures
4819,CMA07-CRYO,LINA-CMA07-FV011:Defect,Cryo — cavity valves/temps/pressures
4819,CMA07-CRYO,LINA-CMA07-FV011:OpeningCmd,Cryo — cavity valves/temps/pressures
4819,CMA07-CRYO,LINA-CMA07-FV011:State,Cryo — cavity valves/temps/pressures
4819,CMA07-CRYO,LINA-CMA07-FV020:ClosingCmd,Cryo — cavity valves/temps/pressures
4819,CMA07-CRYO,LINA-CMA07-FV020:Defect,Cryo — cavity valves/temps/pressures
4819,CMA07-CRYO,LINA-CMA07-FV020:OpeningCmd,Cryo — cavity valves/temps/pressures
4819,CMA07-CRYO,LINA-CMA07-FV020:State,Cryo — cavity valves/temps/pressures
4819,CMA07-CRYO,LINA-CMA07-FV120:ClosingCmd,Cryo — cavity valves/temps/pressures
4819,CMA07-CRYO,LINA-CMA07-FV120:Defect,Cryo — cavity valves/temps/pressures
4819,CMA07-CRYO,LINA-CMA07-FV120:OpeningCmd,Cryo — cavity valves/temps/pressures
4819,CMA07-CRYO,LINA-CMA07-FV120:State,Cryo — cavity valves/temps/pressures
4819,CMA07-CRYO,LINA-CMA07-LQ:Num,Cryo — cavity valves/temps/pressures
4819,CMA07-CRYO,LINA-CMA07-LT200:LevelMes,Cryo — cavity valves/temps/pressures
4819,CMA07-CRYO,LINA-CMA07-OBSCHARGE01:ChargeEstime,Cryo — cavity valves/temps/pressures
4819,CMA07-CRYO,LINA-CMA07-OBSCHARGE01:DebitEntree,Cryo — cavity valves/temps/pressures
4819,CMA07-CRYO,LINA-CMA07-OBSCHARGE01:DebitSortie,Cryo — cavity valves/temps/pressures
4819,CMA07-CRYO,LINA-CMA07-OBSCHARGE01:Densite,Cryo — cavity valves/temps/pressures
4819,CMA07-CRYO,LINA-CMA07-OBSCHARGE01:EnergieInterne,Cryo — cavity valves/temps/pressures
4819,CMA07-CRYO,LINA-CMA07-OBSCHARGE01:NumeroMatrice,Cryo — cavity valves/temps/pressures
4819,CMA07-CRYO,LINA-CMA07-OBSCHARGE02:ChargeEstime,Cryo — cavity valves/temps/pressures
4819,CMA07-CRYO,LINA-CMA07-OBSCHARGE02:DebitEntree,Cryo — cavity valves/temps/pressures
4819,CMA07-CRYO,LINA-CMA07-OBSCHARGE02:DebitSortie,Cryo — cavity valves/temps/pressures
4819,CMA07-CRYO,LINA-CMA07-OBSCHARGE02:Densite,Cryo — cavity valves/temps/pressures
4819,CMA07-CRYO,LINA-CMA07-OBSCHARGE02:EnergieInterne,Cryo — cavity valves/temps/pressures
4819,CMA07-CRYO,LINA-CMA07-OBSCHARGE02:NumeroMatrice,Cryo — cavity valves/temps/pressures
4819,CMA07-CRYO,LINA-CMA07-PLC:Qd_count,Cryo — cavity valves/temps/pressures
4819,CMA07-CRYO,LINA-CMA07-PT001:PMes,Cryo — cavity valves/temps/pressures
4819,CMA07-CRYO,LINA-CMA07-PT010:PMes,Cryo — cavity valves/temps/pressures
4819,CMA07-CRYO,LINA-CMA07-PT120:PMes,Cryo — cavity valves/temps/pressures
4819,CMA07-CRYO,LINA-CMA07-PTRES001:PTempMes,Cryo — cavity valves/temps/pressures
4819,CMA07-CRYO,LINA-CMA07-TT001:ResMes,Cryo — cavity valves/temps/pressures
4819,CMA07-CRYO,LINA-CMA07-TT001:TempMes,Cryo — cavity valves/temps/pressures
4819,CMA07-CRYO,LINA-CMA07-TT005:ResMes,Cryo — cavity valves/temps/pressures
4819,CMA07-CRYO,LINA-CMA07-TT005:TempMes,Cryo — cavity valves/temps/pressures
4819,CMA07-CRYO,LINA-CMA07-TT010:ResMes,Cryo — cavity valves/temps/pressures
4819,CMA07-CRYO,LINA-CMA07-TT010:TempMes,Cryo — cavity valves/temps/pressures
4819,CMA07-CRYO,LINA-CMA07-TT011:ResMes,Cryo — cavity valves/temps/pressures
4819,CMA07-CRYO,LINA-CMA07-TT011:TempMes,Cryo — cavity valves/temps/pressures
4819,CMA07-CRYO,LINA-CMA07-TT015:ResMes,Cryo — cavity valves/temps/pressures
4819,CMA07-CRYO,LINA-CMA07-TT015:TempMes,Cryo — cavity valves/temps/pressures
4819,CMA07-CRYO,LINA-CMA07-TT101:ResMes,Cryo — cavity valves/temps/pressures
4819,CMA07-CRYO,LINA-CMA07-TT101:TempMes,Cryo — cavity valves/temps/pressures
4819,CMA07-CRYO,LINA-CMA07-TT102:ResMes,Cryo — cavity valves/temps/pressures
4819,CMA07-CRYO,LINA-CMA07-TT102:TempMes,Cryo — cavity valves/temps/pressures
4819,CMA07-CRYO,LINA-CMA07-TT103:ResMes,Cryo — cavity valves/temps/pressures
4819,CMA07-CRYO,LINA-CMA07-TT103:TempMes,Cryo — cavity valves/temps/pressures
4819,CMA07-CRYO,LINA-CMA07-TT104:ResMes,Cryo — cavity valves/temps/pressures
4819,CMA07-CRYO,LINA-CMA07-TT104:TempMes,Cryo — cavity valves/temps/pressures
4819,CMA07-CRYO,LINA-CMA07-TT112:ResMes,Cryo — cavity valves/temps/pressures
4819,CMA07-CRYO,LINA-CMA07-TT112:TempMes,Cryo — cavity valves/temps/pressures
4819,CMA07-CRYO,LINA-CMA07-TT200:ResMes,Cryo — cavity valves/temps/pressures
4819,CMA07-CRYO,LINA-CMA07-TT200:TempMes,Cryo — cavity valves/temps/pressures
4819,CMA07-CRYO,LINA-CMA07-TT201:ResMes,Cryo — cavity valves/temps/pressures
4819,CMA07-CRYO,LINA-CMA07-TT201:TempMes,Cryo — cavity valves/temps/pressures
4819,CMA07-CRYO,LINA-CMA07-TT202:ResMes,Cryo — cavity valves/temps/pressures
4819,CMA07-CRYO,LINA-CMA07-TT202:TempMes,Cryo — cavity valves/temps/pressures
4819,CMA07-CRYO,LINA-CMA07-TT204:ResMes,Cryo — cavity valves/temps/pressures
4819,CMA07-CRYO,LINA-CMA07-TT204:TempMes,Cryo — cavity valves/temps/pressures
4819,CMA07-CRYO,LINA-CMA07-TT205:ResMes,Cryo — cavity valves/temps/pressures
4819,CMA07-CRYO,LINA-CMA07-TT205:TempMes,Cryo — cavity valves/temps/pressures
4819,CMA07-CRYO,LINA-CMA07-TT215:ResMes,Cryo — cavity valves/temps/pressures
4819,CMA07-CRYO,LINA-CMA07-TT215:TempMes,Cryo — cavity valves/temps/pressures
4819,CMA07-CRYO,LINA-CMA07-TTCAV:ConsGlissante,Cryo — cavity valves/temps/pressures
4819,CMA07-CRYO,LINA-CMA07-VI01:State,Cryo — cavity valves/temps/pressures
4819,CMA07-CRYO,LINA-CMA07-VI02:State,Cryo — cavity valves/temps/pressures
4819,CMA07-CRYO,PLC-CRYO-CMA07:IsAlive,Cryo — cavity valves/temps/pressures
4819,CMA07-CRYO,TRIG-ARCH-CRYO-CMA07:LinacEnable.RVAL,Cryo — cavity valves/temps/pressures
4819,CMA08-CRYO,TRIG-ARCH-CRYO-CMA08:LinacEnable.RVAL,Cryo — cavity valves/temps/pressures
4819,CMA08-CRYO,LINA-CMA08-CHAUF:Cons,Cryo — cavity valves/temps/pressures
4819,CMA08-CRYO,LINA-CMA08-CHAUF:Val,Cryo — cavity valves/temps/pressures
4819,CMA08-CRYO,LINA-CMA08-ETAT:IndicState,Cryo — cavity valves/temps/pressures
4819,CMA08-CRYO,LINA-CMA08-FCV001:ACons,Cryo — cavity valves/temps/pressures
4819,CMA08-CRYO,LINA-CMA08-FCV001:Cons,Cryo — cavity valves/temps/pressures
4819,CMA08-CRYO,LINA-CMA08-FCV001:CSlopeCons,Cryo — cavity valves/temps/pressures
4819,CMA08-CRYO,LINA-CMA08-FCV001:OpenAct,Cryo — cavity valves/temps/pressures
4819,CMA08-CRYO,LINA-CMA08-FCV001:OSlopeCons,Cryo — cavity valves/temps/pressures
4819,CMA08-CRYO,LINA-CMA08-FCV002:ACons,Cryo — cavity valves/temps/pressures
4819,CMA08-CRYO,LINA-CMA08-FCV002:Cons,Cryo — cavity valves/temps/pressures
4819,CMA08-CRYO,LINA-CMA08-FCV002:CSlopeCons,Cryo — cavity valves/temps/pressures
4819,CMA08-CRYO,LINA-CMA08-FCV002:DCons,Cryo — cavity valves/temps/pressures
4819,CMA08-CRYO,LINA-CMA08-FCV002:ICons,Cryo — cavity valves/temps/pressures
4819,CMA08-CRYO,LINA-CMA08-FCV002:OpenAct,Cryo — cavity valves/temps/pressures
4819,CMA08-CRYO,LINA-CMA08-FCV002:OSlopeCons,Cryo — cavity valves/temps/pressures
4819,CMA08-CRYO,LINA-CMA08-FCV002:PCons,Cryo — cavity valves/temps/pressures
4819,CMA08-CRYO,LINA-CMA08-FCV005:ACons,Cryo — cavity valves/temps/pressures
4819,CMA08-CRYO,LINA-CMA08-FCV005:Cons,Cryo — cavity valves/temps/pressures
4819,CMA08-CRYO,LINA-CMA08-FCV005:CSlopeCons,Cryo — cavity valves/temps/pressures
4819,CMA08-CRYO,LINA-CMA08-FCV005:DCons,Cryo — cavity valves/temps/pressures
4819,CMA08-CRYO,LINA-CMA08-FCV005:ICons,Cryo — cavity valves/temps/pressures
4819,CMA08-CRYO,LINA-CMA08-FCV005:OpenAct,Cryo — cavity valves/temps/pressures
4819,CMA08-CRYO,LINA-CMA08-FCV005:OSlopeCons,Cryo — cavity valves/temps/pressures
4819,CMA08-CRYO,LINA-CMA08-FCV005:PCons,Cryo — cavity valves/temps/pressures
4819,CMA08-CRYO,LINA-CMA08-FCV010:ACons,Cryo — cavity valves/temps/pressures
4819,CMA08-CRYO,LINA-CMA08-FCV010:Cons,Cryo — cavity valves/temps/pressures
4819,CMA08-CRYO,LINA-CMA08-FCV010:CSlopeCons,Cryo — cavity valves/temps/pressures
4819,CMA08-CRYO,LINA-CMA08-FCV010:DCons,Cryo — cavity valves/temps/pressures
4819,CMA08-CRYO,LINA-CMA08-FCV010:ICons,Cryo — cavity valves/temps/pressures
4819,CMA08-CRYO,LINA-CMA08-FCV010:OpenAct,Cryo — cavity valves/temps/pressures
4819,CMA08-CRYO,LINA-CMA08-FCV010:OSlopeCons,Cryo — cavity valves/temps/pressures
4819,CMA08-CRYO,LINA-CMA08-FCV010:PCons,Cryo — cavity valves/temps/pressures
4819,CMA08-CRYO,LINA-CMA08-FV005:ClosingCmd,Cryo — cavity valves/temps/pressures
4819,CMA08-CRYO,LINA-CMA08-FV005:Defect,Cryo — cavity valves/temps/pressures
4819,CMA08-CRYO,LINA-CMA08-FV005:OpeningCmd,Cryo — cavity valves/temps/pressures
4819,CMA08-CRYO,LINA-CMA08-FV005:State,Cryo — cavity valves/temps/pressures
4819,CMA08-CRYO,LINA-CMA08-FV010:ClosingCmd,Cryo — cavity valves/temps/pressures
4819,CMA08-CRYO,LINA-CMA08-FV010:Defect,Cryo — cavity valves/temps/pressures
4819,CMA08-CRYO,LINA-CMA08-FV010:OpeningCmd,Cryo — cavity valves/temps/pressures
4819,CMA08-CRYO,LINA-CMA08-FV010:State,Cryo — cavity valves/temps/pressures
4819,CMA08-CRYO,LINA-CMA08-FV011:ClosingCmd,Cryo — cavity valves/temps/pressures
4819,CMA08-CRYO,LINA-CMA08-FV011:Defect,Cryo — cavity valves/temps/pressures
4819,CMA08-CRYO,LINA-CMA08-FV011:OpeningCmd,Cryo — cavity valves/temps/pressures
4819,CMA08-CRYO,LINA-CMA08-FV011:State,Cryo — cavity valves/temps/pressures
4819,CMA08-CRYO,LINA-CMA08-FV020:ClosingCmd,Cryo — cavity valves/temps/pressures
4819,CMA08-CRYO,LINA-CMA08-FV020:Defect,Cryo — cavity valves/temps/pressures
4819,CMA08-CRYO,LINA-CMA08-FV020:OpeningCmd,Cryo — cavity valves/temps/pressures
4819,CMA08-CRYO,LINA-CMA08-FV020:State,Cryo — cavity valves/temps/pressures
4819,CMA08-CRYO,LINA-CMA08-FV120:ClosingCmd,Cryo — cavity valves/temps/pressures
4819,CMA08-CRYO,LINA-CMA08-FV120:Defect,Cryo — cavity valves/temps/pressures
4819,CMA08-CRYO,LINA-CMA08-FV120:OpeningCmd,Cryo — cavity valves/temps/pressures
4819,CMA08-CRYO,LINA-CMA08-FV120:State,Cryo — cavity valves/temps/pressures
4819,CMA08-CRYO,LINA-CMA08-LQ:Num,Cryo — cavity valves/temps/pressures
4819,CMA08-CRYO,LINA-CMA08-LT200:LevelMes,Cryo — cavity valves/temps/pressures
4819,CMA08-CRYO,LINA-CMA08-OBSCHARGE01:ChargeEstime,Cryo — cavity valves/temps/pressures
4819,CMA08-CRYO,LINA-CMA08-OBSCHARGE01:DebitEntree,Cryo — cavity valves/temps/pressures
4819,CMA08-CRYO,LINA-CMA08-OBSCHARGE01:DebitSortie,Cryo — cavity valves/temps/pressures
4819,CMA08-CRYO,LINA-CMA08-OBSCHARGE01:Densite,Cryo — cavity valves/temps/pressures
4819,CMA08-CRYO,LINA-CMA08-OBSCHARGE01:EnergieInterne,Cryo — cavity valves/temps/pressures
4819,CMA08-CRYO,LINA-CMA08-OBSCHARGE01:NumeroMatrice,Cryo — cavity valves/temps/pressures
4819,CMA08-CRYO,LINA-CMA08-OBSCHARGE02:ChargeEstime,Cryo — cavity valves/temps/pressures
4819,CMA08-CRYO,LINA-CMA08-OBSCHARGE02:DebitEntree,Cryo — cavity valves/temps/pressures
4819,CMA08-CRYO,LINA-CMA08-OBSCHARGE02:DebitSortie,Cryo — cavity valves/temps/pressures
4819,CMA08-CRYO,LINA-CMA08-OBSCHARGE02:Densite,Cryo — cavity valves/temps/pressures
4819,CMA08-CRYO,LINA-CMA08-OBSCHARGE02:EnergieInterne,Cryo — cavity valves/temps/pressures
4819,CMA08-CRYO,LINA-CMA08-OBSCHARGE02:NumeroMatrice,Cryo — cavity valves/temps/pressures
4819,CMA08-CRYO,LINA-CMA08-PLC:Qd_count,Cryo — cavity valves/temps/pressures
4819,CMA08-CRYO,LINA-CMA08-PT001:PMes,Cryo — cavity valves/temps/pressures
4819,CMA08-CRYO,LINA-CMA08-PT010:PMes,Cryo — cavity valves/temps/pressures
4819,CMA08-CRYO,LINA-CMA08-PT120:PMes,Cryo — cavity valves/temps/pressures
4819,CMA08-CRYO,LINA-CMA08-PTRES001:PTempMes,Cryo — cavity valves/temps/pressures
4819,CMA08-CRYO,LINA-CMA08-TT001:ResMes,Cryo — cavity valves/temps/pressures
4819,CMA08-CRYO,LINA-CMA08-TT001:TempMes,Cryo — cavity valves/temps/pressures
4819,CMA08-CRYO,LINA-CMA08-TT005:ResMes,Cryo — cavity valves/temps/pressures
4819,CMA08-CRYO,LINA-CMA08-TT005:TempMes,Cryo — cavity valves/temps/pressures
4819,CMA08-CRYO,LINA-CMA08-TT010:ResMes,Cryo — cavity valves/temps/pressures
4819,CMA08-CRYO,LINA-CMA08-TT010:TempMes,Cryo — cavity valves/temps/pressures
4819,CMA08-CRYO,LINA-CMA08-TT011:ResMes,Cryo — cavity valves/temps/pressures
4819,CMA08-CRYO,LINA-CMA08-TT011:TempMes,Cryo — cavity valves/temps/pressures
4819,CMA08-CRYO,LINA-CMA08-TT015:ResMes,Cryo — cavity valves/temps/pressures
4819,CMA08-CRYO,LINA-CMA08-TT015:TempMes,Cryo — cavity valves/temps/pressures
4819,CMA08-CRYO,LINA-CMA08-TT101:ResMes,Cryo — cavity valves/temps/pressures
4819,CMA08-CRYO,LINA-CMA08-TT101:TempMes,Cryo — cavity valves/temps/pressures
4819,CMA08-CRYO,LINA-CMA08-TT102:ResMes,Cryo — cavity valves/temps/pressures
4819,CMA08-CRYO,LINA-CMA08-TT102:TempMes,Cryo — cavity valves/temps/pressures
4819,CMA08-CRYO,LINA-CMA08-TT103:ResMes,Cryo — cavity valves/temps/pressures
4819,CMA08-CRYO,LINA-CMA08-TT103:TempMes,Cryo — cavity valves/temps/pressures
4819,CMA08-CRYO,LINA-CMA08-TT104:ResMes,Cryo — cavity valves/temps/pressures
4819,CMA08-CRYO,LINA-CMA08-TT104:TempMes,Cryo — cavity valves/temps/pressures
4819,CMA08-CRYO,LINA-CMA08-TT112:ResMes,Cryo — cavity valves/temps/pressures
4819,CMA08-CRYO,LINA-CMA08-TT112:TempMes,Cryo — cavity valves/temps/pressures
4819,CMA08-CRYO,LINA-CMA08-TT200:ResMes,Cryo — cavity valves/temps/pressures
4819,CMA08-CRYO,LINA-CMA08-TT200:TempMes,Cryo — cavity valves/temps/pressures
4819,CMA08-CRYO,LINA-CMA08-TT201:ResMes,Cryo — cavity valves/temps/pressures
4819,CMA08-CRYO,LINA-CMA08-TT201:TempMes,Cryo — cavity valves/temps/pressures
4819,CMA08-CRYO,LINA-CMA08-TT202:ResMes,Cryo — cavity valves/temps/pressures
4819,CMA08-CRYO,LINA-CMA08-TT202:TempMes,Cryo — cavity valves/temps/pressures
4819,CMA08-CRYO,LINA-CMA08-TT204:ResMes,Cryo — cavity valves/temps/pressures
4819,CMA08-CRYO,LINA-CMA08-TT204:TempMes,Cryo — cavity valves/temps/pressures
4819,CMA08-CRYO,LINA-CMA08-TT205:ResMes,Cryo — cavity valves/temps/pressures
4819,CMA08-CRYO,LINA-CMA08-TT205:TempMes,Cryo — cavity valves/temps/pressures
4819,CMA08-CRYO,LINA-CMA08-TT215:ResMes,Cryo — cavity valves/temps/pressures
4819,CMA08-CRYO,LINA-CMA08-TT215:TempMes,Cryo — cavity valves/temps/pressures
4819,CMA08-CRYO,LINA-CMA08-TTCAV:ConsGlissante,Cryo — cavity valves/temps/pressures
4819,CMA08-CRYO,LINA-CMA08-VI01:State,Cryo — cavity valves/temps/pressures
4819,CMA08-CRYO,LINA-CMA08-VI02:State,Cryo — cavity valves/temps/pressures
4819,CMA08-CRYO,PLC-CRYO-CMA08:IsAlive,Cryo — cavity valves/temps/pressures
4819,CMA08-CRYO,TRIG-ARCH-CRYO-CMA08:LinacEnable.RVAL,Cryo — cavity valves/temps/pressures
4819,CMA09-CRYO,TRIG-ARCH-CRYO-CMA09:LinacEnable.RVAL,Cryo — cavity valves/temps/pressures
4819,CMA09-CRYO,LINA-CMA09-CHAUF:Cons,Cryo — cavity valves/temps/pressures
4819,CMA09-CRYO,LINA-CMA09-CHAUF:Val,Cryo — cavity valves/temps/pressures
4819,CMA09-CRYO,LINA-CMA09-ETAT:IndicState,Cryo — cavity valves/temps/pressures
4819,CMA09-CRYO,LINA-CMA09-FCV001:ACons,Cryo — cavity valves/temps/pressures
4819,CMA09-CRYO,LINA-CMA09-FCV001:Cons,Cryo — cavity valves/temps/pressures
4819,CMA09-CRYO,LINA-CMA09-FCV001:CSlopeCons,Cryo — cavity valves/temps/pressures
4819,CMA09-CRYO,LINA-CMA09-FCV001:OpenAct,Cryo — cavity valves/temps/pressures
4819,CMA09-CRYO,LINA-CMA09-FCV001:OSlopeCons,Cryo — cavity valves/temps/pressures
4819,CMA09-CRYO,LINA-CMA09-FCV002:ACons,Cryo — cavity valves/temps/pressures
4819,CMA09-CRYO,LINA-CMA09-FCV002:Cons,Cryo — cavity valves/temps/pressures
4819,CMA09-CRYO,LINA-CMA09-FCV002:CSlopeCons,Cryo — cavity valves/temps/pressures
4819,CMA09-CRYO,LINA-CMA09-FCV002:DCons,Cryo — cavity valves/temps/pressures
4819,CMA09-CRYO,LINA-CMA09-FCV002:ICons,Cryo — cavity valves/temps/pressures
4819,CMA09-CRYO,LINA-CMA09-FCV002:OpenAct,Cryo — cavity valves/temps/pressures
4819,CMA09-CRYO,LINA-CMA09-FCV002:OSlopeCons,Cryo — cavity valves/temps/pressures
4819,CMA09-CRYO,LINA-CMA09-FCV002:PCons,Cryo — cavity valves/temps/pressures
4819,CMA09-CRYO,LINA-CMA09-FCV005:ACons,Cryo — cavity valves/temps/pressures
4819,CMA09-CRYO,LINA-CMA09-FCV005:Cons,Cryo — cavity valves/temps/pressures
4819,CMA09-CRYO,LINA-CMA09-FCV005:CSlopeCons,Cryo — cavity valves/temps/pressures
4819,CMA09-CRYO,LINA-CMA09-FCV005:DCons,Cryo — cavity valves/temps/pressures
4819,CMA09-CRYO,LINA-CMA09-FCV005:ICons,Cryo — cavity valves/temps/pressures
4819,CMA09-CRYO,LINA-CMA09-FCV005:OpenAct,Cryo — cavity valves/temps/pressures
4819,CMA09-CRYO,LINA-CMA09-FCV005:OSlopeCons,Cryo — cavity valves/temps/pressures
4819,CMA09-CRYO,LINA-CMA09-FCV005:PCons,Cryo — cavity valves/temps/pressures
4819,CMA09-CRYO,LINA-CMA09-FCV010:ACons,Cryo — cavity valves/temps/pressures
4819,CMA09-CRYO,LINA-CMA09-FCV010:Cons,Cryo — cavity valves/temps/pressures
4819,CMA09-CRYO,LINA-CMA09-FCV010:CSlopeCons,Cryo — cavity valves/temps/pressures
4819,CMA09-CRYO,LINA-CMA09-FCV010:DCons,Cryo — cavity valves/temps/pressures
4819,CMA09-CRYO,LINA-CMA09-FCV010:ICons,Cryo — cavity valves/temps/pressures
4819,CMA09-CRYO,LINA-CMA09-FCV010:OpenAct,Cryo — cavity valves/temps/pressures
4819,CMA09-CRYO,LINA-CMA09-FCV010:OSlopeCons,Cryo — cavity valves/temps/pressures
4819,CMA09-CRYO,LINA-CMA09-FCV010:PCons,Cryo — cavity valves/temps/pressures
4819,CMA09-CRYO,LINA-CMA09-FV005:ClosingCmd,Cryo — cavity valves/temps/pressures
4819,CMA09-CRYO,LINA-CMA09-FV005:Defect,Cryo — cavity valves/temps/pressures
4819,CMA09-CRYO,LINA-CMA09-FV005:OpeningCmd,Cryo — cavity valves/temps/pressures
4819,CMA09-CRYO,LINA-CMA09-FV005:State,Cryo — cavity valves/temps/pressures
4819,CMA09-CRYO,LINA-CMA09-FV010:ClosingCmd,Cryo — cavity valves/temps/pressures
4819,CMA09-CRYO,LINA-CMA09-FV010:Defect,Cryo — cavity valves/temps/pressures
4819,CMA09-CRYO,LINA-CMA09-FV010:OpeningCmd,Cryo — cavity valves/temps/pressures
4819,CMA09-CRYO,LINA-CMA09-FV010:State,Cryo — cavity valves/temps/pressures
4819,CMA09-CRYO,LINA-CMA09-FV011:ClosingCmd,Cryo — cavity valves/temps/pressures
4819,CMA09-CRYO,LINA-CMA09-FV011:Defect,Cryo — cavity valves/temps/pressures
4819,CMA09-CRYO,LINA-CMA09-FV011:OpeningCmd,Cryo — cavity valves/temps/pressures
4819,CMA09-CRYO,LINA-CMA09-FV011:State,Cryo — cavity valves/temps/pressures
4819,CMA09-CRYO,LINA-CMA09-FV020:ClosingCmd,Cryo — cavity valves/temps/pressures
4819,CMA09-CRYO,LINA-CMA09-FV020:Defect,Cryo — cavity valves/temps/pressures
4819,CMA09-CRYO,LINA-CMA09-FV020:OpeningCmd,Cryo — cavity valves/temps/pressures
4819,CMA09-CRYO,LINA-CMA09-FV020:State,Cryo — cavity valves/temps/pressures
4819,CMA09-CRYO,LINA-CMA09-FV120:ClosingCmd,Cryo — cavity valves/temps/pressures
4819,CMA09-CRYO,LINA-CMA09-FV120:Defect,Cryo — cavity valves/temps/pressures
4819,CMA09-CRYO,LINA-CMA09-FV120:OpeningCmd,Cryo — cavity valves/temps/pressures
4819,CMA09-CRYO,LINA-CMA09-FV120:State,Cryo — cavity valves/temps/pressures
4819,CMA09-CRYO,LINA-CMA09-LQ:Num,Cryo — cavity valves/temps/pressures
4819,CMA09-CRYO,LINA-CMA09-LT200:LevelMes,Cryo — cavity valves/temps/pressures
4819,CMA09-CRYO,LINA-CMA09-OBSCHARGE01:ChargeEstime,Cryo — cavity valves/temps/pressures
4819,CMA09-CRYO,LINA-CMA09-OBSCHARGE01:DebitEntree,Cryo — cavity valves/temps/pressures
4819,CMA09-CRYO,LINA-CMA09-OBSCHARGE01:DebitSortie,Cryo — cavity valves/temps/pressures
4819,CMA09-CRYO,LINA-CMA09-OBSCHARGE01:Densite,Cryo — cavity valves/temps/pressures
4819,CMA09-CRYO,LINA-CMA09-OBSCHARGE01:EnergieInterne,Cryo — cavity valves/temps/pressures
4819,CMA09-CRYO,LINA-CMA09-OBSCHARGE01:NumeroMatrice,Cryo — cavity valves/temps/pressures
4819,CMA09-CRYO,LINA-CMA09-OBSCHARGE02:ChargeEstime,Cryo — cavity valves/temps/pressures
4819,CMA09-CRYO,LINA-CMA09-OBSCHARGE02:DebitEntree,Cryo — cavity valves/temps/pressures
4819,CMA09-CRYO,LINA-CMA09-OBSCHARGE02:DebitSortie,Cryo — cavity valves/temps/pressures
4819,CMA09-CRYO,LINA-CMA09-OBSCHARGE02:Densite,Cryo — cavity valves/temps/pressures
4819,CMA09-CRYO,LINA-CMA09-OBSCHARGE02:EnergieInterne,Cryo — cavity valves/temps/pressures
4819,CMA09-CRYO,LINA-CMA09-OBSCHARGE02:NumeroMatrice,Cryo — cavity valves/temps/pressures
4819,CMA09-CRYO,LINA-CMA09-PLC:Qd_count,Cryo — cavity valves/temps/pressures
4819,CMA09-CRYO,LINA-CMA09-PT001:PMes,Cryo — cavity valves/temps/pressures
4819,CMA09-CRYO,LINA-CMA09-PT010:PMes,Cryo — cavity valves/temps/pressures
4819,CMA09-CRYO,LINA-CMA09-PT120:PMes,Cryo — cavity valves/temps/pressures
4819,CMA09-CRYO,LINA-CMA09-PTRES001:PTempMes,Cryo — cavity valves/temps/pressures
4819,CMA09-CRYO,LINA-CMA09-TT001:ResMes,Cryo — cavity valves/temps/pressures
4819,CMA09-CRYO,LINA-CMA09-TT001:TempMes,Cryo — cavity valves/temps/pressures
4819,CMA09-CRYO,LINA-CMA09-TT005:ResMes,Cryo — cavity valves/temps/pressures
4819,CMA09-CRYO,LINA-CMA09-TT005:TempMes,Cryo — cavity valves/temps/pressures
4819,CMA09-CRYO,LINA-CMA09-TT010:ResMes,Cryo — cavity valves/temps/pressures
4819,CMA09-CRYO,LINA-CMA09-TT010:TempMes,Cryo — cavity valves/temps/pressures
4819,CMA09-CRYO,LINA-CMA09-TT011:ResMes,Cryo — cavity valves/temps/pressures
4819,CMA09-CRYO,LINA-CMA09-TT011:TempMes,Cryo — cavity valves/temps/pressures
4819,CMA09-CRYO,LINA-CMA09-TT015:ResMes,Cryo — cavity valves/temps/pressures
4819,CMA09-CRYO,LINA-CMA09-TT015:TempMes,Cryo — cavity valves/temps/pressures
4819,CMA09-CRYO,LINA-CMA09-TT101:ResMes,Cryo — cavity valves/temps/pressures
4819,CMA09-CRYO,LINA-CMA09-TT101:TempMes,Cryo — cavity valves/temps/pressures
4819,CMA09-CRYO,LINA-CMA09-TT102:ResMes,Cryo — cavity valves/temps/pressures
4819,CMA09-CRYO,LINA-CMA09-TT102:TempMes,Cryo — cavity valves/temps/pressures
4819,CMA09-CRYO,LINA-CMA09-TT103:ResMes,Cryo — cavity valves/temps/pressures
4819,CMA09-CRYO,LINA-CMA09-TT103:TempMes,Cryo — cavity valves/temps/pressures
4819,CMA09-CRYO,LINA-CMA09-TT104:ResMes,Cryo — cavity valves/temps/pressures
4819,CMA09-CRYO,LINA-CMA09-TT104:TempMes,Cryo — cavity valves/temps/pressures
4819,CMA09-CRYO,LINA-CMA09-TT112:ResMes,Cryo — cavity valves/temps/pressures
4819,CMA09-CRYO,LINA-CMA09-TT112:TempMes,Cryo — cavity valves/temps/pressures
4819,CMA09-CRYO,LINA-CMA09-TT200:ResMes,Cryo — cavity valves/temps/pressures
4819,CMA09-CRYO,LINA-CMA09-TT200:TempMes,Cryo — cavity valves/temps/pressures
4819,CMA09-CRYO,LINA-CMA09-TT201:ResMes,Cryo — cavity valves/temps/pressures
4819,CMA09-CRYO,LINA-CMA09-TT201:TempMes,Cryo — cavity valves/temps/pressures
4819,CMA09-CRYO,LINA-CMA09-TT202:ResMes,Cryo — cavity valves/temps/pressures
4819,CMA09-CRYO,LINA-CMA09-TT202:TempMes,Cryo — cavity valves/temps/pressures
4819,CMA09-CRYO,LINA-CMA09-TT204:ResMes,Cryo — cavity valves/temps/pressures
4819,CMA09-CRYO,LINA-CMA09-TT204:TempMes,Cryo — cavity valves/temps/pressures
4819,CMA09-CRYO,LINA-CMA09-TT205:ResMes,Cryo — cavity valves/temps/pressures
4819,CMA09-CRYO,LINA-CMA09-TT205:TempMes,Cryo — cavity valves/temps/pressures
4819,CMA09-CRYO,LINA-CMA09-TT215:ResMes,Cryo — cavity valves/temps/pressures
4819,CMA09-CRYO,LINA-CMA09-TT215:TempMes,Cryo — cavity valves/temps/pressures
4819,CMA09-CRYO,LINA-CMA09-TTCAV:ConsGlissante,Cryo — cavity valves/temps/pressures
4819,CMA09-CRYO,LINA-CMA09-VI01:State,Cryo — cavity valves/temps/pressures
4819,CMA09-CRYO,LINA-CMA09-VI02:State,Cryo — cavity valves/temps/pressures
4819,CMA09-CRYO,PLC-CRYO-CMA09:IsAlive,Cryo — cavity valves/temps/pressures
4819,CMA09-CRYO,TRIG-ARCH-CRYO-CMA09:LinacEnable.RVAL,Cryo — cavity valves/temps/pressures
4819,CMA10-CRYO,TRIG-ARCH-CRYO-CMA10:LinacEnable.RVAL,Cryo — cavity valves/temps/pressures
4819,CMA10-CRYO,LINA-CMA10-CHAUF:Cons,Cryo — cavity valves/temps/pressures
4819,CMA10-CRYO,LINA-CMA10-CHAUF:Val,Cryo — cavity valves/temps/pressures
4819,CMA10-CRYO,LINA-CMA10-ETAT:IndicState,Cryo — cavity valves/temps/pressures
4819,CMA10-CRYO,LINA-CMA10-FCV001:ACons,Cryo — cavity valves/temps/pressures
4819,CMA10-CRYO,LINA-CMA10-FCV001:Cons,Cryo — cavity valves/temps/pressures
4819,CMA10-CRYO,LINA-CMA10-FCV001:CSlopeCons,Cryo — cavity valves/temps/pressures
4819,CMA10-CRYO,LINA-CMA10-FCV001:OpenAct,Cryo — cavity valves/temps/pressures
4819,CMA10-CRYO,LINA-CMA10-FCV001:OSlopeCons,Cryo — cavity valves/temps/pressures
4819,CMA10-CRYO,LINA-CMA10-FCV002:ACons,Cryo — cavity valves/temps/pressures
4819,CMA10-CRYO,LINA-CMA10-FCV002:Cons,Cryo — cavity valves/temps/pressures
4819,CMA10-CRYO,LINA-CMA10-FCV002:CSlopeCons,Cryo — cavity valves/temps/pressures
4819,CMA10-CRYO,LINA-CMA10-FCV002:DCons,Cryo — cavity valves/temps/pressures
4819,CMA10-CRYO,LINA-CMA10-FCV002:ICons,Cryo — cavity valves/temps/pressures
4819,CMA10-CRYO,LINA-CMA10-FCV002:OpenAct,Cryo — cavity valves/temps/pressures
4819,CMA10-CRYO,LINA-CMA10-FCV002:OSlopeCons,Cryo — cavity valves/temps/pressures
4819,CMA10-CRYO,LINA-CMA10-FCV002:PCons,Cryo — cavity valves/temps/pressures
4819,CMA10-CRYO,LINA-CMA10-FCV005:ACons,Cryo — cavity valves/temps/pressures
4819,CMA10-CRYO,LINA-CMA10-FCV005:Cons,Cryo — cavity valves/temps/pressures
4819,CMA10-CRYO,LINA-CMA10-FCV005:CSlopeCons,Cryo — cavity valves/temps/pressures
4819,CMA10-CRYO,LINA-CMA10-FCV005:DCons,Cryo — cavity valves/temps/pressures
4819,CMA10-CRYO,LINA-CMA10-FCV005:ICons,Cryo — cavity valves/temps/pressures
4819,CMA10-CRYO,LINA-CMA10-FCV005:OpenAct,Cryo — cavity valves/temps/pressures
4819,CMA10-CRYO,LINA-CMA10-FCV005:OSlopeCons,Cryo — cavity valves/temps/pressures
4819,CMA10-CRYO,LINA-CMA10-FCV005:PCons,Cryo — cavity valves/temps/pressures
4819,CMA10-CRYO,LINA-CMA10-FCV010:ACons,Cryo — cavity valves/temps/pressures
4819,CMA10-CRYO,LINA-CMA10-FCV010:Cons,Cryo — cavity valves/temps/pressures
4819,CMA10-CRYO,LINA-CMA10-FCV010:CSlopeCons,Cryo — cavity valves/temps/pressures
4819,CMA10-CRYO,LINA-CMA10-FCV010:DCons,Cryo — cavity valves/temps/pressures
4819,CMA10-CRYO,LINA-CMA10-FCV010:ICons,Cryo — cavity valves/temps/pressures
4819,CMA10-CRYO,LINA-CMA10-FCV010:OpenAct,Cryo — cavity valves/temps/pressures
4819,CMA10-CRYO,LINA-CMA10-FCV010:OSlopeCons,Cryo — cavity valves/temps/pressures
4819,CMA10-CRYO,LINA-CMA10-FCV010:PCons,Cryo — cavity valves/temps/pressures
4819,CMA10-CRYO,LINA-CMA10-FV005:ClosingCmd,Cryo — cavity valves/temps/pressures
4819,CMA10-CRYO,LINA-CMA10-FV005:Defect,Cryo — cavity valves/temps/pressures
4819,CMA10-CRYO,LINA-CMA10-FV005:OpeningCmd,Cryo — cavity valves/temps/pressures
4819,CMA10-CRYO,LINA-CMA10-FV005:State,Cryo — cavity valves/temps/pressures
4819,CMA10-CRYO,LINA-CMA10-FV010:ClosingCmd,Cryo — cavity valves/temps/pressures
4819,CMA10-CRYO,LINA-CMA10-FV010:Defect,Cryo — cavity valves/temps/pressures
4819,CMA10-CRYO,LINA-CMA10-FV010:OpeningCmd,Cryo — cavity valves/temps/pressures
4819,CMA10-CRYO,LINA-CMA10-FV010:State,Cryo — cavity valves/temps/pressures
4819,CMA10-CRYO,LINA-CMA10-FV011:ClosingCmd,Cryo — cavity valves/temps/pressures
4819,CMA10-CRYO,LINA-CMA10-FV011:Defect,Cryo — cavity valves/temps/pressures
4819,CMA10-CRYO,LINA-CMA10-FV011:OpeningCmd,Cryo — cavity valves/temps/pressures
4819,CMA10-CRYO,LINA-CMA10-FV011:State,Cryo — cavity valves/temps/pressures
4819,CMA10-CRYO,LINA-CMA10-FV020:ClosingCmd,Cryo — cavity valves/temps/pressures
4819,CMA10-CRYO,LINA-CMA10-FV020:Defect,Cryo — cavity valves/temps/pressures
4819,CMA10-CRYO,LINA-CMA10-FV020:OpeningCmd,Cryo — cavity valves/temps/pressures
4819,CMA10-CRYO,LINA-CMA10-FV020:State,Cryo — cavity valves/temps/pressures
4819,CMA10-CRYO,LINA-CMA10-FV120:ClosingCmd,Cryo — cavity valves/temps/pressures
4819,CMA10-CRYO,LINA-CMA10-FV120:Defect,Cryo — cavity valves/temps/pressures
4819,CMA10-CRYO,LINA-CMA10-FV120:OpeningCmd,Cryo — cavity valves/temps/pressures
4819,CMA10-CRYO,LINA-CMA10-FV120:State,Cryo — cavity valves/temps/pressures
4819,CMA10-CRYO,LINA-CMA10-LQ:Num,Cryo — cavity valves/temps/pressures
4819,CMA10-CRYO,LINA-CMA10-LT200:LevelMes,Cryo — cavity valves/temps/pressures
4819,CMA10-CRYO,LINA-CMA10-OBSCHARGE01:ChargeEstime,Cryo — cavity valves/temps/pressures
4819,CMA10-CRYO,LINA-CMA10-OBSCHARGE01:DebitEntree,Cryo — cavity valves/temps/pressures
4819,CMA10-CRYO,LINA-CMA10-OBSCHARGE01:DebitSortie,Cryo — cavity valves/temps/pressures
4819,CMA10-CRYO,LINA-CMA10-OBSCHARGE01:Densite,Cryo — cavity valves/temps/pressures
4819,CMA10-CRYO,LINA-CMA10-OBSCHARGE01:EnergieInterne,Cryo — cavity valves/temps/pressures
4819,CMA10-CRYO,LINA-CMA10-OBSCHARGE01:NumeroMatrice,Cryo — cavity valves/temps/pressures
4819,CMA10-CRYO,LINA-CMA10-OBSCHARGE02:ChargeEstime,Cryo — cavity valves/temps/pressures
4819,CMA10-CRYO,LINA-CMA10-OBSCHARGE02:DebitEntree,Cryo — cavity valves/temps/pressures
4819,CMA10-CRYO,LINA-CMA10-OBSCHARGE02:DebitSortie,Cryo — cavity valves/temps/pressures
4819,CMA10-CRYO,LINA-CMA10-OBSCHARGE02:Densite,Cryo — cavity valves/temps/pressures
4819,CMA10-CRYO,LINA-CMA10-OBSCHARGE02:EnergieInterne,Cryo — cavity valves/temps/pressures
4819,CMA10-CRYO,LINA-CMA10-OBSCHARGE02:NumeroMatrice,Cryo — cavity valves/temps/pressures
4819,CMA10-CRYO,LINA-CMA10-PLC:Qd_count,Cryo — cavity valves/temps/pressures
4819,CMA10-CRYO,LINA-CMA10-PT001:PMes,Cryo — cavity valves/temps/pressures
4819,CMA10-CRYO,LINA-CMA10-PT010:PMes,Cryo — cavity valves/temps/pressures
4819,CMA10-CRYO,LINA-CMA10-PT120:PMes,Cryo — cavity valves/temps/pressures
4819,CMA10-CRYO,LINA-CMA10-PTRES001:PTempMes,Cryo — cavity valves/temps/pressures
4819,CMA10-CRYO,LINA-CMA10-TT001:ResMes,Cryo — cavity valves/temps/pressures
4819,CMA10-CRYO,LINA-CMA10-TT001:TempMes,Cryo — cavity valves/temps/pressures
4819,CMA10-CRYO,LINA-CMA10-TT005:ResMes,Cryo — cavity valves/temps/pressures
4819,CMA10-CRYO,LINA-CMA10-TT005:TempMes,Cryo — cavity valves/temps/pressures
4819,CMA10-CRYO,LINA-CMA10-TT010:ResMes,Cryo — cavity valves/temps/pressures
4819,CMA10-CRYO,LINA-CMA10-TT010:TempMes,Cryo — cavity valves/temps/pressures
4819,CMA10-CRYO,LINA-CMA10-TT011:ResMes,Cryo — cavity valves/temps/pressures
4819,CMA10-CRYO,LINA-CMA10-TT011:TempMes,Cryo — cavity valves/temps/pressures
4819,CMA10-CRYO,LINA-CMA10-TT015:ResMes,Cryo — cavity valves/temps/pressures
4819,CMA10-CRYO,LINA-CMA10-TT015:TempMes,Cryo — cavity valves/temps/pressures
4819,CMA10-CRYO,LINA-CMA10-TT101:ResMes,Cryo — cavity valves/temps/pressures
4819,CMA10-CRYO,LINA-CMA10-TT101:TempMes,Cryo — cavity valves/temps/pressures
4819,CMA10-CRYO,LINA-CMA10-TT102:ResMes,Cryo — cavity valves/temps/pressures
4819,CMA10-CRYO,LINA-CMA10-TT102:TempMes,Cryo — cavity valves/temps/pressures
4819,CMA10-CRYO,LINA-CMA10-TT103:ResMes,Cryo — cavity valves/temps/pressures
4819,CMA10-CRYO,LINA-CMA10-TT103:TempMes,Cryo — cavity valves/temps/pressures
4819,CMA10-CRYO,LINA-CMA10-TT104:ResMes,Cryo — cavity valves/temps/pressures
4819,CMA10-CRYO,LINA-CMA10-TT104:TempMes,Cryo — cavity valves/temps/pressures
4819,CMA10-CRYO,LINA-CMA10-TT112:ResMes,Cryo — cavity valves/temps/pressures
4819,CMA10-CRYO,LINA-CMA10-TT112:TempMes,Cryo — cavity valves/temps/pressures
4819,CMA10-CRYO,LINA-CMA10-TT200:ResMes,Cryo — cavity valves/temps/pressures
4819,CMA10-CRYO,LINA-CMA10-TT200:TempMes,Cryo — cavity valves/temps/pressures
4819,CMA10-CRYO,LINA-CMA10-TT201:ResMes,Cryo — cavity valves/temps/pressures
4819,CMA10-CRYO,LINA-CMA10-TT201:TempMes,Cryo — cavity valves/temps/pressures
4819,CMA10-CRYO,LINA-CMA10-TT202:ResMes,Cryo — cavity valves/temps/pressures
4819,CMA10-CRYO,LINA-CMA10-TT202:TempMes,Cryo — cavity valves/temps/pressures
4819,CMA10-CRYO,LINA-CMA10-TT204:ResMes,Cryo — cavity valves/temps/pressures
4819,CMA10-CRYO,LINA-CMA10-TT204:TempMes,Cryo — cavity valves/temps/pressures
4819,CMA10-CRYO,LINA-CMA10-TT205:ResMes,Cryo — cavity valves/temps/pressures
4819,CMA10-CRYO,LINA-CMA10-TT205:TempMes,Cryo — cavity valves/temps/pressures
4819,CMA10-CRYO,LINA-CMA10-TT215:ResMes,Cryo — cavity valves/temps/pressures
4819,CMA10-CRYO,LINA-CMA10-TT215:TempMes,Cryo — cavity valves/temps/pressures
4819,CMA10-CRYO,LINA-CMA10-TTCAV:ConsGlissante,Cryo — cavity valves/temps/pressures
4819,CMA10-CRYO,LINA-CMA10-VI01:State,Cryo — cavity valves/temps/pressures
4819,CMA10-CRYO,LINA-CMA10-VI02:State,Cryo — cavity valves/temps/pressures
4819,CMA10-CRYO,PLC-CRYO-CMA10:IsAlive,Cryo — cavity valves/temps/pressures
4819,CMA10-CRYO,TRIG-ARCH-CRYO-CMA10:LinacEnable.RVAL,Cryo — cavity valves/temps/pressures
4819,CMA11-CRYO,TRIG-ARCH-CRYO-CMA11:LinacEnable.RVAL,Cryo — cavity valves/temps/pressures
4819,CMA11-CRYO,LINA-CMA11-CHAUF:Cons,Cryo — cavity valves/temps/pressures
4819,CMA11-CRYO,LINA-CMA11-CHAUF:Val,Cryo — cavity valves/temps/pressures
4819,CMA11-CRYO,LINA-CMA11-ETAT:IndicState,Cryo — cavity valves/temps/pressures
4819,CMA11-CRYO,LINA-CMA11-FCV001:ACons,Cryo — cavity valves/temps/pressures
4819,CMA11-CRYO,LINA-CMA11-FCV001:Cons,Cryo — cavity valves/temps/pressures
4819,CMA11-CRYO,LINA-CMA11-FCV001:CSlopeCons,Cryo — cavity valves/temps/pressures
4819,CMA11-CRYO,LINA-CMA11-FCV001:OpenAct,Cryo — cavity valves/temps/pressures
4819,CMA11-CRYO,LINA-CMA11-FCV001:OSlopeCons,Cryo — cavity valves/temps/pressures
4819,CMA11-CRYO,LINA-CMA11-FCV002:ACons,Cryo — cavity valves/temps/pressures
4819,CMA11-CRYO,LINA-CMA11-FCV002:Cons,Cryo — cavity valves/temps/pressures
4819,CMA11-CRYO,LINA-CMA11-FCV002:CSlopeCons,Cryo — cavity valves/temps/pressures
4819,CMA11-CRYO,LINA-CMA11-FCV002:DCons,Cryo — cavity valves/temps/pressures
4819,CMA11-CRYO,LINA-CMA11-FCV002:ICons,Cryo — cavity valves/temps/pressures
4819,CMA11-CRYO,LINA-CMA11-FCV002:OpenAct,Cryo — cavity valves/temps/pressures
4819,CMA11-CRYO,LINA-CMA11-FCV002:OSlopeCons,Cryo — cavity valves/temps/pressures
4819,CMA11-CRYO,LINA-CMA11-FCV002:PCons,Cryo — cavity valves/temps/pressures
4819,CMA11-CRYO,LINA-CMA11-FCV005:ACons,Cryo — cavity valves/temps/pressures
4819,CMA11-CRYO,LINA-CMA11-FCV005:Cons,Cryo — cavity valves/temps/pressures
4819,CMA11-CRYO,LINA-CMA11-FCV005:CSlopeCons,Cryo — cavity valves/temps/pressures
4819,CMA11-CRYO,LINA-CMA11-FCV005:DCons,Cryo — cavity valves/temps/pressures
4819,CMA11-CRYO,LINA-CMA11-FCV005:ICons,Cryo — cavity valves/temps/pressures
4819,CMA11-CRYO,LINA-CMA11-FCV005:OpenAct,Cryo — cavity valves/temps/pressures
4819,CMA11-CRYO,LINA-CMA11-FCV005:OSlopeCons,Cryo — cavity valves/temps/pressures
4819,CMA11-CRYO,LINA-CMA11-FCV005:PCons,Cryo — cavity valves/temps/pressures
4819,CMA11-CRYO,LINA-CMA11-FCV010:ACons,Cryo — cavity valves/temps/pressures
4819,CMA11-CRYO,LINA-CMA11-FCV010:Cons,Cryo — cavity valves/temps/pressures
4819,CMA11-CRYO,LINA-CMA11-FCV010:CSlopeCons,Cryo — cavity valves/temps/pressures
4819,CMA11-CRYO,LINA-CMA11-FCV010:DCons,Cryo — cavity valves/temps/pressures
4819,CMA11-CRYO,LINA-CMA11-FCV010:ICons,Cryo — cavity valves/temps/pressures
4819,CMA11-CRYO,LINA-CMA11-FCV010:OpenAct,Cryo — cavity valves/temps/pressures
4819,CMA11-CRYO,LINA-CMA11-FCV010:OSlopeCons,Cryo — cavity valves/temps/pressures
4819,CMA11-CRYO,LINA-CMA11-FCV010:PCons,Cryo — cavity valves/temps/pressures
4819,CMA11-CRYO,LINA-CMA11-FV005:ClosingCmd,Cryo — cavity valves/temps/pressures
4819,CMA11-CRYO,LINA-CMA11-FV005:Defect,Cryo — cavity valves/temps/pressures
4819,CMA11-CRYO,LINA-CMA11-FV005:OpeningCmd,Cryo — cavity valves/temps/pressures
4819,CMA11-CRYO,LINA-CMA11-FV005:State,Cryo — cavity valves/temps/pressures
4819,CMA11-CRYO,LINA-CMA11-FV010:ClosingCmd,Cryo — cavity valves/temps/pressures
4819,CMA11-CRYO,LINA-CMA11-FV010:Defect,Cryo — cavity valves/temps/pressures
4819,CMA11-CRYO,LINA-CMA11-FV010:OpeningCmd,Cryo — cavity valves/temps/pressures
4819,CMA11-CRYO,LINA-CMA11-FV010:State,Cryo — cavity valves/temps/pressures
4819,CMA11-CRYO,LINA-CMA11-FV011:ClosingCmd,Cryo — cavity valves/temps/pressures
4819,CMA11-CRYO,LINA-CMA11-FV011:Defect,Cryo — cavity valves/temps/pressures
4819,CMA11-CRYO,LINA-CMA11-FV011:OpeningCmd,Cryo — cavity valves/temps/pressures
4819,CMA11-CRYO,LINA-CMA11-FV011:State,Cryo — cavity valves/temps/pressures
4819,CMA11-CRYO,LINA-CMA11-FV020:ClosingCmd,Cryo — cavity valves/temps/pressures
4819,CMA11-CRYO,LINA-CMA11-FV020:Defect,Cryo — cavity valves/temps/pressures
4819,CMA11-CRYO,LINA-CMA11-FV020:OpeningCmd,Cryo — cavity valves/temps/pressures
4819,CMA11-CRYO,LINA-CMA11-FV020:State,Cryo — cavity valves/temps/pressures
4819,CMA11-CRYO,LINA-CMA11-FV120:ClosingCmd,Cryo — cavity valves/temps/pressures
4819,CMA11-CRYO,LINA-CMA11-FV120:Defect,Cryo — cavity valves/temps/pressures
4819,CMA11-CRYO,LINA-CMA11-FV120:OpeningCmd,Cryo — cavity valves/temps/pressures
4819,CMA11-CRYO,LINA-CMA11-FV120:State,Cryo — cavity valves/temps/pressures
4819,CMA11-CRYO,LINA-CMA11-LQ:Num,Cryo — cavity valves/temps/pressures
4819,CMA11-CRYO,LINA-CMA11-LT200:LevelMes,Cryo — cavity valves/temps/pressures
4819,CMA11-CRYO,LINA-CMA11-OBSCHARGE01:ChargeEstime,Cryo — cavity valves/temps/pressures
4819,CMA11-CRYO,LINA-CMA11-OBSCHARGE01:DebitEntree,Cryo — cavity valves/temps/pressures
4819,CMA11-CRYO,LINA-CMA11-OBSCHARGE01:DebitSortie,Cryo — cavity valves/temps/pressures
4819,CMA11-CRYO,LINA-CMA11-OBSCHARGE01:Densite,Cryo — cavity valves/temps/pressures
4819,CMA11-CRYO,LINA-CMA11-OBSCHARGE01:EnergieInterne,Cryo — cavity valves/temps/pressures
4819,CMA11-CRYO,LINA-CMA11-OBSCHARGE01:NumeroMatrice,Cryo — cavity valves/temps/pressures
4819,CMA11-CRYO,LINA-CMA11-OBSCHARGE02:ChargeEstime,Cryo — cavity valves/temps/pressures
4819,CMA11-CRYO,LINA-CMA11-OBSCHARGE02:DebitEntree,Cryo — cavity valves/temps/pressures
4819,CMA11-CRYO,LINA-CMA11-OBSCHARGE02:DebitSortie,Cryo — cavity valves/temps/pressures
4819,CMA11-CRYO,LINA-CMA11-OBSCHARGE02:Densite,Cryo — cavity valves/temps/pressures
4819,CMA11-CRYO,LINA-CMA11-OBSCHARGE02:EnergieInterne,Cryo — cavity valves/temps/pressures
4819,CMA11-CRYO,LINA-CMA11-OBSCHARGE02:NumeroMatrice,Cryo — cavity valves/temps/pressures
4819,CMA11-CRYO,LINA-CMA11-PLC:Qd_count,Cryo — cavity valves/temps/pressures
4819,CMA11-CRYO,LINA-CMA11-PT001:PMes,Cryo — cavity valves/temps/pressures
4819,CMA11-CRYO,LINA-CMA11-PT010:PMes,Cryo — cavity valves/temps/pressures
4819,CMA11-CRYO,LINA-CMA11-PT120:PMes,Cryo — cavity valves/temps/pressures
4819,CMA11-CRYO,LINA-CMA11-PTRES001:PTempMes,Cryo — cavity valves/temps/pressures
4819,CMA11-CRYO,LINA-CMA11-TT001:ResMes,Cryo — cavity valves/temps/pressures
4819,CMA11-CRYO,LINA-CMA11-TT001:TempMes,Cryo — cavity valves/temps/pressures
4819,CMA11-CRYO,LINA-CMA11-TT005:ResMes,Cryo — cavity valves/temps/pressures
4819,CMA11-CRYO,LINA-CMA11-TT005:TempMes,Cryo — cavity valves/temps/pressures
4819,CMA11-CRYO,LINA-CMA11-TT010:ResMes,Cryo — cavity valves/temps/pressures
4819,CMA11-CRYO,LINA-CMA11-TT010:TempMes,Cryo — cavity valves/temps/pressures
4819,CMA11-CRYO,LINA-CMA11-TT011:ResMes,Cryo — cavity valves/temps/pressures
4819,CMA11-CRYO,LINA-CMA11-TT011:TempMes,Cryo — cavity valves/temps/pressures
4819,CMA11-CRYO,LINA-CMA11-TT015:ResMes,Cryo — cavity valves/temps/pressures
4819,CMA11-CRYO,LINA-CMA11-TT015:TempMes,Cryo — cavity valves/temps/pressures
4819,CMA11-CRYO,LINA-CMA11-TT101:ResMes,Cryo — cavity valves/temps/pressures
4819,CMA11-CRYO,LINA-CMA11-TT101:TempMes,Cryo — cavity valves/temps/pressures
4819,CMA11-CRYO,LINA-CMA11-TT102:ResMes,Cryo — cavity valves/temps/pressures
4819,CMA11-CRYO,LINA-CMA11-TT102:TempMes,Cryo — cavity valves/temps/pressures
4819,CMA11-CRYO,LINA-CMA11-TT103:ResMes,Cryo — cavity valves/temps/pressures
4819,CMA11-CRYO,LINA-CMA11-TT103:TempMes,Cryo — cavity valves/temps/pressures
4819,CMA11-CRYO,LINA-CMA11-TT104:ResMes,Cryo — cavity valves/temps/pressures
4819,CMA11-CRYO,LINA-CMA11-TT104:TempMes,Cryo — cavity valves/temps/pressures
4819,CMA11-CRYO,LINA-CMA11-TT112:ResMes,Cryo — cavity valves/temps/pressures
4819,CMA11-CRYO,LINA-CMA11-TT112:TempMes,Cryo — cavity valves/temps/pressures
4819,CMA11-CRYO,LINA-CMA11-TT200:ResMes,Cryo — cavity valves/temps/pressures
4819,CMA11-CRYO,LINA-CMA11-TT200:TempMes,Cryo — cavity valves/temps/pressures
4819,CMA11-CRYO,LINA-CMA11-TT201:ResMes,Cryo — cavity valves/temps/pressures
4819,CMA11-CRYO,LINA-CMA11-TT201:TempMes,Cryo — cavity valves/temps/pressures
4819,CMA11-CRYO,LINA-CMA11-TT202:ResMes,Cryo — cavity valves/temps/pressures
4819,CMA11-CRYO,LINA-CMA11-TT202:TempMes,Cryo — cavity valves/temps/pressures
4819,CMA11-CRYO,LINA-CMA11-TT204:ResMes,Cryo — cavity valves/temps/pressures
4819,CMA11-CRYO,LINA-CMA11-TT204:TempMes,Cryo — cavity valves/temps/pressures
4819,CMA11-CRYO,LINA-CMA11-TT205:ResMes,Cryo — cavity valves/temps/pressures
4819,CMA11-CRYO,LINA-CMA11-TT205:TempMes,Cryo — cavity valves/temps/pressures
4819,CMA11-CRYO,LINA-CMA11-TT215:ResMes,Cryo — cavity valves/temps/pressures
4819,CMA11-CRYO,LINA-CMA11-TT215:TempMes,Cryo — cavity valves/temps/pressures
4819,CMA11-CRYO,LINA-CMA11-TTCAV:ConsGlissante,Cryo — cavity valves/temps/pressures
4819,CMA11-CRYO,LINA-CMA11-VI01:State,Cryo — cavity valves/temps/pressures
4819,CMA11-CRYO,LINA-CMA11-VI02:State,Cryo — cavity valves/temps/pressures
4819,CMA11-CRYO,PLC-CRYO-CMA11:IsAlive,Cryo — cavity valves/temps/pressures
4819,CMA11-CRYO,TRIG-ARCH-CRYO-CMA11:LinacEnable.RVAL,Cryo — cavity valves/temps/pressures
4819,CMA12-CRYO,TRIG-ARCH-CRYO-CMA12:LinacEnable.RVAL,Cryo — cavity valves/temps/pressures
4819,CMA12-CRYO,LINA-CMA12-CHAUF:Cons,Cryo — cavity valves/temps/pressures
4819,CMA12-CRYO,LINA-CMA12-CHAUF:Val,Cryo — cavity valves/temps/pressures
4819,CMA12-CRYO,LINA-CMA12-ETAT:IndicState,Cryo — cavity valves/temps/pressures
4819,CMA12-CRYO,LINA-CMA12-FCV001:ACons,Cryo — cavity valves/temps/pressures
4819,CMA12-CRYO,LINA-CMA12-FCV001:Cons,Cryo — cavity valves/temps/pressures
4819,CMA12-CRYO,LINA-CMA12-FCV001:CSlopeCons,Cryo — cavity valves/temps/pressures
4819,CMA12-CRYO,LINA-CMA12-FCV001:OpenAct,Cryo — cavity valves/temps/pressures
4819,CMA12-CRYO,LINA-CMA12-FCV001:OSlopeCons,Cryo — cavity valves/temps/pressures
4819,CMA12-CRYO,LINA-CMA12-FCV002:ACons,Cryo — cavity valves/temps/pressures
4819,CMA12-CRYO,LINA-CMA12-FCV002:Cons,Cryo — cavity valves/temps/pressures
4819,CMA12-CRYO,LINA-CMA12-FCV002:CSlopeCons,Cryo — cavity valves/temps/pressures
4819,CMA12-CRYO,LINA-CMA12-FCV002:DCons,Cryo — cavity valves/temps/pressures
4819,CMA12-CRYO,LINA-CMA12-FCV002:ICons,Cryo — cavity valves/temps/pressures
4819,CMA12-CRYO,LINA-CMA12-FCV002:OpenAct,Cryo — cavity valves/temps/pressures
4819,CMA12-CRYO,LINA-CMA12-FCV002:OSlopeCons,Cryo — cavity valves/temps/pressures
4819,CMA12-CRYO,LINA-CMA12-FCV002:PCons,Cryo — cavity valves/temps/pressures
4819,CMA12-CRYO,LINA-CMA12-FCV005:ACons,Cryo — cavity valves/temps/pressures
4819,CMA12-CRYO,LINA-CMA12-FCV005:Cons,Cryo — cavity valves/temps/pressures
4819,CMA12-CRYO,LINA-CMA12-FCV005:CSlopeCons,Cryo — cavity valves/temps/pressures
4819,CMA12-CRYO,LINA-CMA12-FCV005:DCons,Cryo — cavity valves/temps/pressures
4819,CMA12-CRYO,LINA-CMA12-FCV005:ICons,Cryo — cavity valves/temps/pressures
4819,CMA12-CRYO,LINA-CMA12-FCV005:OpenAct,Cryo — cavity valves/temps/pressures
4819,CMA12-CRYO,LINA-CMA12-FCV005:OSlopeCons,Cryo — cavity valves/temps/pressures
4819,CMA12-CRYO,LINA-CMA12-FCV005:PCons,Cryo — cavity valves/temps/pressures
4819,CMA12-CRYO,LINA-CMA12-FCV010:ACons,Cryo — cavity valves/temps/pressures
4819,CMA12-CRYO,LINA-CMA12-FCV010:Cons,Cryo — cavity valves/temps/pressures
4819,CMA12-CRYO,LINA-CMA12-FCV010:CSlopeCons,Cryo — cavity valves/temps/pressures
4819,CMA12-CRYO,LINA-CMA12-FCV010:DCons,Cryo — cavity valves/temps/pressures
4819,CMA12-CRYO,LINA-CMA12-FCV010:ICons,Cryo — cavity valves/temps/pressures
4819,CMA12-CRYO,LINA-CMA12-FCV010:OpenAct,Cryo — cavity valves/temps/pressures
4819,CMA12-CRYO,LINA-CMA12-FCV010:OSlopeCons,Cryo — cavity valves/temps/pressures
4819,CMA12-CRYO,LINA-CMA12-FCV010:PCons,Cryo — cavity valves/temps/pressures
4819,CMA12-CRYO,LINA-CMA12-FV005:ClosingCmd,Cryo — cavity valves/temps/pressures
4819,CMA12-CRYO,LINA-CMA12-FV005:Defect,Cryo — cavity valves/temps/pressures
4819,CMA12-CRYO,LINA-CMA12-FV005:OpeningCmd,Cryo — cavity valves/temps/pressures
4819,CMA12-CRYO,LINA-CMA12-FV005:State,Cryo — cavity valves/temps/pressures
4819,CMA12-CRYO,LINA-CMA12-FV010:ClosingCmd,Cryo — cavity valves/temps/pressures
4819,CMA12-CRYO,LINA-CMA12-FV010:Defect,Cryo — cavity valves/temps/pressures
4819,CMA12-CRYO,LINA-CMA12-FV010:OpeningCmd,Cryo — cavity valves/temps/pressures
4819,CMA12-CRYO,LINA-CMA12-FV010:State,Cryo — cavity valves/temps/pressures
4819,CMA12-CRYO,LINA-CMA12-FV011:ClosingCmd,Cryo — cavity valves/temps/pressures
4819,CMA12-CRYO,LINA-CMA12-FV011:Defect,Cryo — cavity valves/temps/pressures
4819,CMA12-CRYO,LINA-CMA12-FV011:OpeningCmd,Cryo — cavity valves/temps/pressures
4819,CMA12-CRYO,LINA-CMA12-FV011:State,Cryo — cavity valves/temps/pressures
4819,CMA12-CRYO,LINA-CMA12-FV020:ClosingCmd,Cryo — cavity valves/temps/pressures
4819,CMA12-CRYO,LINA-CMA12-FV020:Defect,Cryo — cavity valves/temps/pressures
4819,CMA12-CRYO,LINA-CMA12-FV020:OpeningCmd,Cryo — cavity valves/temps/pressures
4819,CMA12-CRYO,LINA-CMA12-FV020:State,Cryo — cavity valves/temps/pressures
4819,CMA12-CRYO,LINA-CMA12-FV120:ClosingCmd,Cryo — cavity valves/temps/pressures
4819,CMA12-CRYO,LINA-CMA12-FV120:Defect,Cryo — cavity valves/temps/pressures
4819,CMA12-CRYO,LINA-CMA12-FV120:OpeningCmd,Cryo — cavity valves/temps/pressures
4819,CMA12-CRYO,LINA-CMA12-FV120:State,Cryo — cavity valves/temps/pressures
4819,CMA12-CRYO,LINA-CMA12-LQ:Num,Cryo — cavity valves/temps/pressures
4819,CMA12-CRYO,LINA-CMA12-LT200:LevelMes,Cryo — cavity valves/temps/pressures
4819,CMA12-CRYO,LINA-CMA12-OBSCHARGE01:ChargeEstime,Cryo — cavity valves/temps/pressures
4819,CMA12-CRYO,LINA-CMA12-OBSCHARGE01:DebitEntree,Cryo — cavity valves/temps/pressures
4819,CMA12-CRYO,LINA-CMA12-OBSCHARGE01:DebitSortie,Cryo — cavity valves/temps/pressures
4819,CMA12-CRYO,LINA-CMA12-OBSCHARGE01:Densite,Cryo — cavity valves/temps/pressures
4819,CMA12-CRYO,LINA-CMA12-OBSCHARGE01:EnergieInterne,Cryo — cavity valves/temps/pressures
4819,CMA12-CRYO,LINA-CMA12-OBSCHARGE01:NumeroMatrice,Cryo — cavity valves/temps/pressures
4819,CMA12-CRYO,LINA-CMA12-OBSCHARGE02:ChargeEstime,Cryo — cavity valves/temps/pressures
4819,CMA12-CRYO,LINA-CMA12-OBSCHARGE02:DebitEntree,Cryo — cavity valves/temps/pressures
4819,CMA12-CRYO,LINA-CMA12-OBSCHARGE02:DebitSortie,Cryo — cavity valves/temps/pressures
4819,CMA12-CRYO,LINA-CMA12-OBSCHARGE02:Densite,Cryo — cavity valves/temps/pressures
4819,CMA12-CRYO,LINA-CMA12-OBSCHARGE02:EnergieInterne,Cryo — cavity valves/temps/pressures
4819,CMA12-CRYO,LINA-CMA12-OBSCHARGE02:NumeroMatrice,Cryo — cavity valves/temps/pressures
4819,CMA12-CRYO,LINA-CMA12-PLC:Qd_count,Cryo — cavity valves/temps/pressures
4819,CMA12-CRYO,LINA-CMA12-PT001:PMes,Cryo — cavity valves/temps/pressures
4819,CMA12-CRYO,LINA-CMA12-PT010:PMes,Cryo — cavity valves/temps/pressures
4819,CMA12-CRYO,LINA-CMA12-PT120:PMes,Cryo — cavity valves/temps/pressures
4819,CMA12-CRYO,LINA-CMA12-PTRES001:PTempMes,Cryo — cavity valves/temps/pressures
4819,CMA12-CRYO,LINA-CMA12-TT001:ResMes,Cryo — cavity valves/temps/pressures
4819,CMA12-CRYO,LINA-CMA12-TT001:TempMes,Cryo — cavity valves/temps/pressures
4819,CMA12-CRYO,LINA-CMA12-TT005:ResMes,Cryo — cavity valves/temps/pressures
4819,CMA12-CRYO,LINA-CMA12-TT005:TempMes,Cryo — cavity valves/temps/pressures
4819,CMA12-CRYO,LINA-CMA12-TT010:ResMes,Cryo — cavity valves/temps/pressures
4819,CMA12-CRYO,LINA-CMA12-TT010:TempMes,Cryo — cavity valves/temps/pressures
4819,CMA12-CRYO,LINA-CMA12-TT011:ResMes,Cryo — cavity valves/temps/pressures
4819,CMA12-CRYO,LINA-CMA12-TT011:TempMes,Cryo — cavity valves/temps/pressures
4819,CMA12-CRYO,LINA-CMA12-TT015:ResMes,Cryo — cavity valves/temps/pressures
4819,CMA12-CRYO,LINA-CMA12-TT015:TempMes,Cryo — cavity valves/temps/pressures
4819,CMA12-CRYO,LINA-CMA12-TT101:ResMes,Cryo — cavity valves/temps/pressures
4819,CMA12-CRYO,LINA-CMA12-TT101:TempMes,Cryo — cavity valves/temps/pressures
4819,CMA12-CRYO,LINA-CMA12-TT102:ResMes,Cryo — cavity valves/temps/pressures
4819,CMA12-CRYO,LINA-CMA12-TT102:TempMes,Cryo — cavity valves/temps/pressures
4819,CMA12-CRYO,LINA-CMA12-TT103:ResMes,Cryo — cavity valves/temps/pressures
4819,CMA12-CRYO,LINA-CMA12-TT103:TempMes,Cryo — cavity valves/temps/pressures
4819,CMA12-CRYO,LINA-CMA12-TT104:ResMes,Cryo — cavity valves/temps/pressures
4819,CMA12-CRYO,LINA-CMA12-TT104:TempMes,Cryo — cavity valves/temps/pressures
4819,CMA12-CRYO,LINA-CMA12-TT112:ResMes,Cryo — cavity valves/temps/pressures
4819,CMA12-CRYO,LINA-CMA12-TT112:TempMes,Cryo — cavity valves/temps/pressures
4819,CMA12-CRYO,LINA-CMA12-TT200:ResMes,Cryo — cavity valves/temps/pressures
4819,CMA12-CRYO,LINA-CMA12-TT200:TempMes,Cryo — cavity valves/temps/pressures
4819,CMA12-CRYO,LINA-CMA12-TT201:ResMes,Cryo — cavity valves/temps/pressures
4819,CMA12-CRYO,LINA-CMA12-TT201:TempMes,Cryo — cavity valves/temps/pressures
4819,CMA12-CRYO,LINA-CMA12-TT202:ResMes,Cryo — cavity valves/temps/pressures
4819,CMA12-CRYO,LINA-CMA12-TT202:TempMes,Cryo — cavity valves/temps/pressures
4819,CMA12-CRYO,LINA-CMA12-TT204:ResMes,Cryo — cavity valves/temps/pressures
4819,CMA12-CRYO,LINA-CMA12-TT204:TempMes,Cryo — cavity valves/temps/pressures
4819,CMA12-CRYO,LINA-CMA12-TT205:ResMes,Cryo — cavity valves/temps/pressures
4819,CMA12-CRYO,LINA-CMA12-TT205:TempMes,Cryo — cavity valves/temps/pressures
4819,CMA12-CRYO,LINA-CMA12-TT215:ResMes,Cryo — cavity valves/temps/pressures
4819,CMA12-CRYO,LINA-CMA12-TT215:TempMes,Cryo — cavity valves/temps/pressures
4819,CMA12-CRYO,LINA-CMA12-TTCAV:ConsGlissante,Cryo — cavity valves/temps/pressures
4819,CMA12-CRYO,LINA-CMA12-VI01:State,Cryo — cavity valves/temps/pressures
4819,CMA12-CRYO,LINA-CMA12-VI02:State,Cryo — cavity valves/temps/pressures
4819,CMA12-CRYO,PLC-CRYO-CMA12:IsAlive,Cryo — cavity valves/temps/pressures
4819,CMA12-CRYO,TRIG-ARCH-CRYO-CMA12:LinacEnable.RVAL,Cryo — cavity valves/temps/pressures
4819,CONCENTRATEUR,TRIG-ARCH-CRYO-CMACONC:LinacEnable.RVAL,Alarm/status concentrator
4819,CONCENTRATEUR,LIN-CRYO-ETAT:IndicState,Alarm/status concentrator
4819,CONCENTRATEUR,LIN-CRYO-PT230:PMes,Alarm/status concentrator
4819,CONCENTRATEUR,LIN-CRYO-PT240:PMes,Alarm/status concentrator
4819,CONCENTRATEUR,LIN-CRYO-PT250:PMes,Alarm/status concentrator
4819,CONCENTRATEUR,LIN-CRYO-PT260:PMes,Alarm/status concentrator
4819,CONCENTRATEUR,LIN-CRYO-TT230:ResMes,Alarm/status concentrator
4819,CONCENTRATEUR,LIN-CRYO-TT230:TempMes,Alarm/status concentrator
4819,CONCENTRATEUR,LIN-CRYO-TT240:ResMes,Alarm/status concentrator
4819,CONCENTRATEUR,LIN-CRYO-TT240:TempMes,Alarm/status concentrator
4819,CONCENTRATEUR,LIN-CRYO-TT250:ResMes,Alarm/status concentrator
4819,CONCENTRATEUR,LIN-CRYO-TT250:TempMes,Alarm/status concentrator
4819,CONCENTRATEUR,LIN-CRYO-TT260:ResMes,Alarm/status concentrator
4819,CONCENTRATEUR,LIN-CRYO-TT260:TempMes,Alarm/status concentrator
4819,CONCENTRATEUR,LINB-BOITRAC-PT020:PMainMes,Alarm/status concentrator
4819,CONCENTRATEUR,LINB-BOITRAC-PT020:PSecMes,Alarm/status concentrator
4819,CONCENTRATEUR,PLC-CRYO-CONC:IsAlive,Alarm/status concentrator
4819,CONCENTRATEUR,TRIG-ARCH-CRYO-CMACONC:LinacEnable.RVAL,Alarm/status concentrator
4819,Defaut,LINA-CMA01-FCV001:Defect,Alarm/status concentrator
4819,Defaut,LINA-CMA01-FCV002:Defect,Alarm/status concentrator
4819,Defaut,LINA-CMA01-FCV005:Defect,Alarm/status concentrator
4819,Defaut,LINA-CMA01-FCV010:Defect,Alarm/status concentrator
4819,Defaut,LINA-CMA01-LT200:Defect,Alarm/status concentrator
4819,Defaut,LINA-CMA01-PT001:Defect,Alarm/status concentrator
4819,Defaut,LINA-CMA01-PT010:Defect,Alarm/status concentrator
4819,Defaut,LINA-CMA01-PT120:Defect,Alarm/status concentrator
4819,Defaut,LINA-CMA01-TT005:Defect,Alarm/status concentrator
4819,Defaut,LINA-CMA01-TT011:Defect,Alarm/status concentrator
4819,Defaut,LINA-CMA01-TT103:Defect,Alarm/status concentrator
4819,Defaut,LINA-CMA02-FCV001:Defect,Alarm/status concentrator
4819,Defaut,LINA-CMA02-FCV002:Defect,Alarm/status concentrator
4819,Defaut,LINA-CMA02-FCV005:Defect,Alarm/status concentrator
4819,Defaut,LINA-CMA02-FCV010:Defect,Alarm/status concentrator
4819,Defaut,LINA-CMA02-LT200:Defect,Alarm/status concentrator
4819,Defaut,LINA-CMA02-PT001:Defect,Alarm/status concentrator
4819,Defaut,LINA-CMA02-PT010:Defect,Alarm/status concentrator
4819,Defaut,LINA-CMA02-PT120:Defect,Alarm/status concentrator
4819,Defaut,LINA-CMA02-TT005:Defect,Alarm/status concentrator
4819,Defaut,LINA-CMA02-TT011:Defect,Alarm/status concentrator
4819,Defaut,LINA-CMA02-TT103:Defect,Alarm/status concentrator
4819,Defaut,LINA-CMA03-FCV001:Defect,Alarm/status concentrator
4819,Defaut,LINA-CMA03-FCV002:Defect,Alarm/status concentrator
4819,Defaut,LINA-CMA03-FCV005:Defect,Alarm/status concentrator
4819,Defaut,LINA-CMA03-FCV010:Defect,Alarm/status concentrator
4819,Defaut,LINA-CMA03-LT200:Defect,Alarm/status concentrator
4819,Defaut,LINA-CMA03-PT001:Defect,Alarm/status concentrator
4819,Defaut,LINA-CMA03-PT010:Defect,Alarm/status concentrator
4819,Defaut,LINA-CMA03-PT020:Defect,Alarm/status concentrator
4819,Defaut,LINA-CMA03-PT120:Defect,Alarm/status concentrator
4819,Defaut,LINA-CMA03-TT005:Defect,Alarm/status concentrator
4819,Defaut,LINA-CMA03-TT011:Defect,Alarm/status concentrator
4819,Defaut,LINA-CMA03-TT103:Defect,Alarm/status concentrator
4819,Defaut,LINA-CMA04-FCV001:Defect,Alarm/status concentrator
4819,Defaut,LINA-CMA04-FCV002:Defect,Alarm/status concentrator
4819,Defaut,LINA-CMA04-FCV005:Defect,Alarm/status concentrator
4819,Defaut,LINA-CMA04-FCV010:Defect,Alarm/status concentrator
4819,Defaut,LINA-CMA04-LT200:Defect,Alarm/status concentrator
4819,Defaut,LINA-CMA04-PT001:Defect,Alarm/status concentrator
4819,Defaut,LINA-CMA04-PT010:Defect,Alarm/status concentrator
4819,Defaut,LINA-CMA04-PT120:Defect,Alarm/status concentrator
4819,Defaut,LINA-CMA04-TT005:Defect,Alarm/status concentrator
4819,Defaut,LINA-CMA04-TT011:Defect,Alarm/status concentrator
4819,Defaut,LINA-CMA04-TT103:Defect,Alarm/status concentrator
4819,Defaut,LINA-CMA05-FCV001:Defect,Alarm/status concentrator
4819,Defaut,LINA-CMA05-FCV002:Defect,Alarm/status concentrator
4819,Defaut,LINA-CMA05-FCV005:Defect,Alarm/status concentrator
4819,Defaut,LINA-CMA05-FCV010:Defect,Alarm/status concentrator
4819,Defaut,LINA-CMA05-LT200:Defect,Alarm/status concentrator
4819,Defaut,LINA-CMA05-PT001:Defect,Alarm/status concentrator
4819,Defaut,LINA-CMA05-PT010:Defect,Alarm/status concentrator
4819,Defaut,LINA-CMA05-PT120:Defect,Alarm/status concentrator
4819,Defaut,LINA-CMA05-TT005:Defect,Alarm/status concentrator
4819,Defaut,LINA-CMA05-TT011:Defect,Alarm/status concentrator
4819,Defaut,LINA-CMA05-TT103:Defect,Alarm/status concentrator
4819,Defaut,LINA-CMA06-FCV001:Defect,Alarm/status concentrator
4819,Defaut,LINA-CMA06-FCV002:Defect,Alarm/status concentrator
4819,Defaut,LINA-CMA06-FCV005:Defect,Alarm/status concentrator
4819,Defaut,LINA-CMA06-FCV010:Defect,Alarm/status concentrator
4819,Defaut,LINA-CMA06-LT200:Defect,Alarm/status concentrator
4819,Defaut,LINA-CMA06-PT001:Defect,Alarm/status concentrator
4819,Defaut,LINA-CMA06-PT010:Defect,Alarm/status concentrator
4819,Defaut,LINA-CMA06-PT120:Defect,Alarm/status concentrator
4819,Defaut,LINA-CMA06-TT005:Defect,Alarm/status concentrator
4819,Defaut,LINA-CMA06-TT011:Defect,Alarm/status concentrator
4819,Defaut,LINA-CMA06-TT103:Defect,Alarm/status concentrator
4819,Defaut,LINA-CMA07-FCV001:Defect,Alarm/status concentrator
4819,Defaut,LINA-CMA07-FCV002:Defect,Alarm/status concentrator
4819,Defaut,LINA-CMA07-FCV005:Defect,Alarm/status concentrator
4819,Defaut,LINA-CMA07-FCV010:Defect,Alarm/status concentrator
4819,Defaut,LINA-CMA07-LT200:Defect,Alarm/status concentrator
4819,Defaut,LINA-CMA07-PT001:Defect,Alarm/status concentrator
4819,Defaut,LINA-CMA07-PT010:Defect,Alarm/status concentrator
4819,Defaut,LINA-CMA07-PT020:Defect,Alarm/status concentrator
4819,Defaut,LINA-CMA07-PT120:Defect,Alarm/status concentrator
4819,Defaut,LINA-CMA07-TT005:Defect,Alarm/status concentrator
4819,Defaut,LINA-CMA07-TT011:Defect,Alarm/status concentrator
4819,Defaut,LINA-CMA07-TT103:Defect,Alarm/status concentrator
4819,Defaut,LINA-CMA08-FCV001:Defect,Alarm/status concentrator
4819,Defaut,LINA-CMA08-FCV002:Defect,Alarm/status concentrator
4819,Defaut,LINA-CMA08-FCV005:Defect,Alarm/status concentrator
4819,Defaut,LINA-CMA08-FCV010:Defect,Alarm/status concentrator
4819,Defaut,LINA-CMA08-LT200:Defect,Alarm/status concentrator
4819,Defaut,LINA-CMA08-PT001:Defect,Alarm/status concentrator
4819,Defaut,LINA-CMA08-PT010:Defect,Alarm/status concentrator
4819,Defaut,LINA-CMA08-PT120:Defect,Alarm/status concentrator
4819,Defaut,LINA-CMA08-TT005:Defect,Alarm/status concentrator
4819,Defaut,LINA-CMA08-TT011:Defect,Alarm/status concentrator
4819,Defaut,LINA-CMA08-TT103:Defect,Alarm/status concentrator
4819,Defaut,LINA-CMA09-FCV001:Defect,Alarm/status concentrator
4819,Defaut,LINA-CMA09-FCV002:Defect,Alarm/status concentrator
4819,Defaut,LINA-CMA09-FCV005:Defect,Alarm/status concentrator
4819,Defaut,LINA-CMA09-FCV010:Defect,Alarm/status concentrator
4819,Defaut,LINA-CMA09-LT200:Defect,Alarm/status concentrator
4819,Defaut,LINA-CMA09-PT001:Defect,Alarm/status concentrator
4819,Defaut,LINA-CMA09-PT010:Defect,Alarm/status concentrator
4819,Defaut,LINA-CMA09-PT120:Defect,Alarm/status concentrator
4819,Defaut,LINA-CMA09-TT005:Defect,Alarm/status concentrator
4819,Defaut,LINA-CMA09-TT011:Defect,Alarm/status concentrator
4819,Defaut,LINA-CMA09-TT103:Defect,Alarm/status concentrator
4819,Defaut,LINA-CMA10-FCV001:Defect,Alarm/status concentrator
4819,Defaut,LINA-CMA10-FCV002:Defect,Alarm/status concentrator
4819,Defaut,LINA-CMA10-FCV005:Defect,Alarm/status concentrator
4819,Defaut,LINA-CMA10-FCV010:Defect,Alarm/status concentrator
4819,Defaut,LINA-CMA10-LT200:Defect,Alarm/status concentrator
4819,Defaut,LINA-CMA10-PT001:Defect,Alarm/status concentrator
4819,Defaut,LINA-CMA10-PT010:Defect,Alarm/status concentrator
4819,Defaut,LINA-CMA10-PT020:Defect,Alarm/status concentrator
4819,Defaut,LINA-CMA10-PT120:Defect,Alarm/status concentrator
4819,Defaut,LINA-CMA10-TT005:Defect,Alarm/status concentrator
4819,Defaut,LINA-CMA10-TT011:Defect,Alarm/status concentrator
4819,Defaut,LINA-CMA10-TT103:Defect,Alarm/status concentrator
4819,Defaut,LINA-CMA11-FCV001:Defect,Alarm/status concentrator
4819,Defaut,LINA-CMA11-FCV002:Defect,Alarm/status concentrator
4819,Defaut,LINA-CMA11-FCV005:Defect,Alarm/status concentrator
4819,Defaut,LINA-CMA11-FCV010:Defect,Alarm/status concentrator
4819,Defaut,LINA-CMA11-LT200:Defect,Alarm/status concentrator
4819,Defaut,LINA-CMA11-PT001:Defect,Alarm/status concentrator
4819,Defaut,LINA-CMA11-PT010:Defect,Alarm/status concentrator
4819,Defaut,LINA-CMA11-PT120:Defect,Alarm/status concentrator
4819,Defaut,LINA-CMA11-TT005:Defect,Alarm/status concentrator
4819,Defaut,LINA-CMA11-TT011:Defect,Alarm/status concentrator
4819,Defaut,LINA-CMA11-TT103:Defect,Alarm/status concentrator
4819,Defaut,LINA-CMA12-FCV001:Defect,Alarm/status concentrator
4819,Defaut,LINA-CMA12-FCV002:Defect,Alarm/status concentrator
4819,Defaut,LINA-CMA12-FCV005:Defect,Alarm/status concentrator
4819,Defaut,LINA-CMA12-FCV010:Defect,Alarm/status concentrator
4819,Defaut,LINA-CMA12-LT200:Defect,Alarm/status concentrator
4819,Defaut,LINA-CMA12-PT001:Defect,Alarm/status concentrator
4819,Defaut,LINA-CMA12-PT010:Defect,Alarm/status concentrator
4819,Defaut,LINA-CMA12-PT120:Defect,Alarm/status concentrator
4819,Defaut,LINA-CMA12-TT005:Defect,Alarm/status concentrator
4819,Defaut,LINA-CMA12-TT011:Defect,Alarm/status concentrator
4819,Defaut,LINA-CMA12-TT103:Defect,Alarm/status concentrator
4819,LIN-CRYO-TACONIS,LIN-CRYO-TACONIS:Alrm,Cryo — Taconis oscillation monitoring
4819,LIN-CRYO-TACONIS,LIN-CRYO-TACONIS:Alrm,Cryo — Taconis oscillation monitoring
4819,LIN-CRYO-TACONIS,LIN-CRYO-TACONIS:AmplitudeFFT,Cryo — Taconis oscillation monitoring
4819,LIN-CRYO-TACONIS,LIN-CRYO-TACONIS:DeltaPression,Cryo — Taconis oscillation monitoring
4819,LIN-CRYO-TACONIS,LIN-CRYO-TACONIS:FreqFFT,Cryo — Taconis oscillation monitoring
4819,LIN-CRYO-TACONIS,LIN-CRYO-TACONIS:MaxPression,Cryo — Taconis oscillation monitoring
4819,LIN-CRYO-TACONIS,LIN-CRYO-TACONIS:MinPression,Cryo — Taconis oscillation monitoring
4819,LINA-CMA01-TACONIS,LINA-CMA01-TACONIS:Alrm,Cryo — Taconis oscillation monitoring
4819,LINA-CMA01-TACONIS,LINA-CMA01-TACONIS:Alrm,Cryo — Taconis oscillation monitoring
4819,LINA-CMA01-TACONIS,LINA-CMA01-TACONIS:AmplitudeFFT,Cryo — Taconis oscillation monitoring
4819,LINA-CMA01-TACONIS,LINA-CMA01-TACONIS:DeltaPression,Cryo — Taconis oscillation monitoring
4819,LINA-CMA01-TACONIS,LINA-CMA01-TACONIS:FreqFFT,Cryo — Taconis oscillation monitoring
4819,LINA-CMA01-TACONIS,LINA-CMA01-TACONIS:MaxPression,Cryo — Taconis oscillation monitoring
4819,LINA-CMA01-TACONIS,LINA-CMA01-TACONIS:MinPression,Cryo — Taconis oscillation monitoring
4819,LINA-CMA02-TACONIS,LINA-CMA02-TACONIS:Alrm,Cryo — Taconis oscillation monitoring
4819,LINA-CMA02-TACONIS,LINA-CMA02-TACONIS:Alrm,Cryo — Taconis oscillation monitoring
4819,LINA-CMA02-TACONIS,LINA-CMA02-TACONIS:AmplitudeFFT,Cryo — Taconis oscillation monitoring
4819,LINA-CMA02-TACONIS,LINA-CMA02-TACONIS:DeltaPression,Cryo — Taconis oscillation monitoring
4819,LINA-CMA02-TACONIS,LINA-CMA02-TACONIS:FreqFFT,Cryo — Taconis oscillation monitoring
4819,LINA-CMA02-TACONIS,LINA-CMA02-TACONIS:MaxPression,Cryo — Taconis oscillation monitoring
4819,LINA-CMA02-TACONIS,LINA-CMA02-TACONIS:MinPression,Cryo — Taconis oscillation monitoring
4819,LINA-CMA03-TACONIS,LINA-CMA03-TACONIS:Alrm,Cryo — Taconis oscillation monitoring
4819,LINA-CMA03-TACONIS,LINA-CMA03-TACONIS:Alrm,Cryo — Taconis oscillation monitoring
4819,LINA-CMA03-TACONIS,LINA-CMA03-TACONIS:AmplitudeFFT,Cryo — Taconis oscillation monitoring
4819,LINA-CMA03-TACONIS,LINA-CMA03-TACONIS:DeltaPression,Cryo — Taconis oscillation monitoring
4819,LINA-CMA03-TACONIS,LINA-CMA03-TACONIS:FreqFFT,Cryo — Taconis oscillation monitoring
4819,LINA-CMA03-TACONIS,LINA-CMA03-TACONIS:MaxPression,Cryo — Taconis oscillation monitoring
4819,LINA-CMA03-TACONIS,LINA-CMA03-TACONIS:MinPression,Cryo — Taconis oscillation monitoring
4819,LINA-CMA04-TACONIS,LINA-CMA04-TACONIS:Alrm,Cryo — Taconis oscillation monitoring
4819,LINA-CMA04-TACONIS,LINA-CMA04-TACONIS:Alrm,Cryo — Taconis oscillation monitoring
4819,LINA-CMA04-TACONIS,LINA-CMA04-TACONIS:AmplitudeFFT,Cryo — Taconis oscillation monitoring
4819,LINA-CMA04-TACONIS,LINA-CMA04-TACONIS:DeltaPression,Cryo — Taconis oscillation monitoring
4819,LINA-CMA04-TACONIS,LINA-CMA04-TACONIS:FreqFFT,Cryo — Taconis oscillation monitoring
4819,LINA-CMA04-TACONIS,LINA-CMA04-TACONIS:MaxPression,Cryo — Taconis oscillation monitoring
4819,LINA-CMA04-TACONIS,LINA-CMA04-TACONIS:MinPression,Cryo — Taconis oscillation monitoring
4819,LINA-CMA05-TACONIS,LINA-CMA05-TACONIS:Alrm,Cryo — Taconis oscillation monitoring
4819,LINA-CMA05-TACONIS,LINA-CMA05-TACONIS:Alrm,Cryo — Taconis oscillation monitoring
4819,LINA-CMA05-TACONIS,LINA-CMA05-TACONIS:AmplitudeFFT,Cryo — Taconis oscillation monitoring
4819,LINA-CMA05-TACONIS,LINA-CMA05-TACONIS:DeltaPression,Cryo — Taconis oscillation monitoring
4819,LINA-CMA05-TACONIS,LINA-CMA05-TACONIS:FreqFFT,Cryo — Taconis oscillation monitoring
4819,LINA-CMA05-TACONIS,LINA-CMA05-TACONIS:MaxPression,Cryo — Taconis oscillation monitoring
4819,LINA-CMA05-TACONIS,LINA-CMA05-TACONIS:MinPression,Cryo — Taconis oscillation monitoring
4819,LINA-CMA06-TACONIS,LINA-CMA06-TACONIS:Alrm,Cryo — Taconis oscillation monitoring
4819,LINA-CMA06-TACONIS,LINA-CMA06-TACONIS:Alrm,Cryo — Taconis oscillation monitoring
4819,LINA-CMA06-TACONIS,LINA-CMA06-TACONIS:AmplitudeFFT,Cryo — Taconis oscillation monitoring
4819,LINA-CMA06-TACONIS,LINA-CMA06-TACONIS:DeltaPression,Cryo — Taconis oscillation monitoring
4819,LINA-CMA06-TACONIS,LINA-CMA06-TACONIS:FreqFFT,Cryo — Taconis oscillation monitoring
4819,LINA-CMA06-TACONIS,LINA-CMA06-TACONIS:MaxPression,Cryo — Taconis oscillation monitoring
4819,LINA-CMA06-TACONIS,LINA-CMA06-TACONIS:MinPression,Cryo — Taconis oscillation monitoring
4819,LINA-CMA07-TACONIS,LINA-CMA07-TACONIS:Alrm,Cryo — Taconis oscillation monitoring
4819,LINA-CMA07-TACONIS,LINA-CMA07-TACONIS:Alrm,Cryo — Taconis oscillation monitoring
4819,LINA-CMA07-TACONIS,LINA-CMA07-TACONIS:AmplitudeFFT,Cryo — Taconis oscillation monitoring
4819,LINA-CMA07-TACONIS,LINA-CMA07-TACONIS:DeltaPression,Cryo — Taconis oscillation monitoring
4819,LINA-CMA07-TACONIS,LINA-CMA07-TACONIS:FreqFFT,Cryo — Taconis oscillation monitoring
4819,LINA-CMA07-TACONIS,LINA-CMA07-TACONIS:MaxPression,Cryo — Taconis oscillation monitoring
4819,LINA-CMA07-TACONIS,LINA-CMA07-TACONIS:MinPression,Cryo — Taconis oscillation monitoring
4819,LINA-CMA08-TACONIS,LINA-CMA08-TACONIS:Alrm,Cryo — Taconis oscillation monitoring
4819,LINA-CMA08-TACONIS,LINA-CMA08-TACONIS:Alrm,Cryo — Taconis oscillation monitoring
4819,LINA-CMA08-TACONIS,LINA-CMA08-TACONIS:AmplitudeFFT,Cryo — Taconis oscillation monitoring
4819,LINA-CMA08-TACONIS,LINA-CMA08-TACONIS:DeltaPression,Cryo — Taconis oscillation monitoring
4819,LINA-CMA08-TACONIS,LINA-CMA08-TACONIS:FreqFFT,Cryo — Taconis oscillation monitoring
4819,LINA-CMA08-TACONIS,LINA-CMA08-TACONIS:MaxPression,Cryo — Taconis oscillation monitoring
4819,LINA-CMA08-TACONIS,LINA-CMA08-TACONIS:MinPression,Cryo — Taconis oscillation monitoring
4819,LINA-CMA09-TACONIS,LINA-CMA09-TACONIS:Alrm,Cryo — Taconis oscillation monitoring
4819,LINA-CMA09-TACONIS,LINA-CMA09-TACONIS:Alrm,Cryo — Taconis oscillation monitoring
4819,LINA-CMA09-TACONIS,LINA-CMA09-TACONIS:AmplitudeFFT,Cryo — Taconis oscillation monitoring
4819,LINA-CMA09-TACONIS,LINA-CMA09-TACONIS:DeltaPression,Cryo — Taconis oscillation monitoring
4819,LINA-CMA09-TACONIS,LINA-CMA09-TACONIS:FreqFFT,Cryo — Taconis oscillation monitoring
4819,LINA-CMA09-TACONIS,LINA-CMA09-TACONIS:MaxPression,Cryo — Taconis oscillation monitoring
4819,LINA-CMA09-TACONIS,LINA-CMA09-TACONIS:MinPression,Cryo — Taconis oscillation monitoring
4819,LINA-CMA10-TACONIS,LINA-CMA10-TACONIS:Alrm,Cryo — Taconis oscillation monitoring
4819,LINA-CMA10-TACONIS,LINA-CMA10-TACONIS:Alrm,Cryo — Taconis oscillation monitoring
4819,LINA-CMA10-TACONIS,LINA-CMA10-TACONIS:AmplitudeFFT,Cryo — Taconis oscillation monitoring
4819,LINA-CMA10-TACONIS,LINA-CMA10-TACONIS:DeltaPression,Cryo — Taconis oscillation monitoring
4819,LINA-CMA10-TACONIS,LINA-CMA10-TACONIS:FreqFFT,Cryo — Taconis oscillation monitoring
4819,LINA-CMA10-TACONIS,LINA-CMA10-TACONIS:MaxPression,Cryo — Taconis oscillation monitoring
4819,LINA-CMA10-TACONIS,LINA-CMA10-TACONIS:MinPression,Cryo — Taconis oscillation monitoring
4819,LINA-CMA11-TACONIS,LINA-CMA11-TACONIS:Alrm,Cryo — Taconis oscillation monitoring
4819,LINA-CMA11-TACONIS,LINA-CMA11-TACONIS:Alrm,Cryo — Taconis oscillation monitoring
4819,LINA-CMA11-TACONIS,LINA-CMA11-TACONIS:AmplitudeFFT,Cryo — Taconis oscillation monitoring
4819,LINA-CMA11-TACONIS,LINA-CMA11-TACONIS:DeltaPression,Cryo — Taconis oscillation monitoring
4819,LINA-CMA11-TACONIS,LINA-CMA11-TACONIS:FreqFFT,Cryo — Taconis oscillation monitoring
4819,LINA-CMA11-TACONIS,LINA-CMA11-TACONIS:MaxPression,Cryo — Taconis oscillation monitoring
4819,LINA-CMA11-TACONIS,LINA-CMA11-TACONIS:MinPression,Cryo — Taconis oscillation monitoring
4819,LINA-CMA12-TACONIS,LINA-CMA12-TACONIS:Alrm,Cryo — Taconis oscillation monitoring
4819,LINA-CMA12-TACONIS,LINA-CMA12-TACONIS:Alrm,Cryo — Taconis oscillation monitoring
4819,LINA-CMA12-TACONIS,LINA-CMA12-TACONIS:AmplitudeFFT,Cryo — Taconis oscillation monitoring
4819,LINA-CMA12-TACONIS,LINA-CMA12-TACONIS:DeltaPression,Cryo — Taconis oscillation monitoring
4819,LINA-CMA12-TACONIS,LINA-CMA12-TACONIS:FreqFFT,Cryo — Taconis oscillation monitoring
4819,LINA-CMA12-TACONIS,LINA-CMA12-TACONIS:MaxPression,Cryo — Taconis oscillation monitoring
4819,LINA-CMA12-TACONIS,LINA-CMA12-TACONIS:MinPression,Cryo — Taconis oscillation monitoring
4819,TURBO,BVA-GT07:Pwd,Vacuum
4819,TURBO,BVA-GT07:Temp,Vacuum
4819,TURBO,BVB-GT09:Pwd,Vacuum
4819,TURBO,BVB-GT09:Temp,Vacuum
4819,TURBO,BVC-GT08:Pwd,Vacuum
4819,TURBO,BVC-GT08:Temp,Vacuum
4819,TURBO,CMA-GT01:Pwd,Vacuum
4819,TURBO,CMA-GT01:Temp,Vacuum
4819,TURBO,CMA-GT02:Pwd,Vacuum
4819,TURBO,CMA-GT02:Temp,Vacuum
4819,TURBO,CMA-GT03:Pwd,Vacuum
4819,TURBO,CMA-GT03:Temp,Vacuum
4819,TURBO,CMA-GT04:Pwd,Vacuum
4819,TURBO,CMA-GT04:Temp,Vacuum
4819,TURBO,CMB-GT05:Pwd,Vacuum
4819,TURBO,CMB-GT05:Temp,Vacuum
4819,TURBO,CMB-GT06:Pwd,Vacuum
4819,TURBO,CMB-GT06:Temp,Vacuum
4820,CMB-BAV,TRIG-ARCH-CRYO-CMBBAV:LinacEnable.RVAL,Cryo — cavity vacuum barrier
4820,CMB-BAV,LINB-CMB01-PT020:PMainMes,Cryo — cavity vacuum barrier
4820,CMB-BAV,LINB-CMB01-PT020:PSecMes,Cryo — cavity vacuum barrier
4820,CMB-BAV,LINB-CMB02-PT020:PMainMes,Cryo — cavity vacuum barrier
4820,CMB-BAV,LINB-CMB02-PT020:PSecMes,Cryo — cavity vacuum barrier
4820,CMB-BAV,LINB-CMB05-PT020:PMainMes,Cryo — cavity vacuum barrier
4820,CMB-BAV,LINB-CMB05-PT020:PSecMes,Cryo — cavity vacuum barrier
4820,CMB-BAV,LINB-CMB07-PT020:PMainMes,Cryo — cavity vacuum barrier
4820,CMB-BAV,LINB-CMB07-PT020:PSecMes,Cryo — cavity vacuum barrier
4820,CMB-BAV,TRIG-ARCH-CRYO-CMBBAV:LinacEnable.RVAL,Cryo — cavity vacuum barrier
4820,CMB01-CRYO,TRIG-ARCH-CRYO-CMB01:LinacEnable.RVAL,Cryo — cavity valves/temps/pressures
4820,CMB01-CRYO,LINB-CMB01-CH108:Cons,Cryo — cavity valves/temps/pressures
4820,CMB01-CRYO,LINB-CMB01-CH108:Val,Cryo — cavity valves/temps/pressures
4820,CMB01-CRYO,LINB-CMB01-CH109:Cons,Cryo — cavity valves/temps/pressures
4820,CMB01-CRYO,LINB-CMB01-CH109:Val,Cryo — cavity valves/temps/pressures
4820,CMB01-CRYO,LINB-CMB01-CH118:Cons,Cryo — cavity valves/temps/pressures
4820,CMB01-CRYO,LINB-CMB01-CH118:Val,Cryo — cavity valves/temps/pressures
4820,CMB01-CRYO,LINB-CMB01-CH119:Cons,Cryo — cavity valves/temps/pressures
4820,CMB01-CRYO,LINB-CMB01-CH119:Val,Cryo — cavity valves/temps/pressures
4820,CMB01-CRYO,LINB-CMB01-ETAT:IndicState,Cryo — cavity valves/temps/pressures
4820,CMB01-CRYO,LINB-CMB01-FCV001:ACons,Cryo — cavity valves/temps/pressures
4820,CMB01-CRYO,LINB-CMB01-FCV001:Cons,Cryo — cavity valves/temps/pressures
4820,CMB01-CRYO,LINB-CMB01-FCV001:CSlopeCons,Cryo — cavity valves/temps/pressures
4820,CMB01-CRYO,LINB-CMB01-FCV001:OpenAct,Cryo — cavity valves/temps/pressures
4820,CMB01-CRYO,LINB-CMB01-FCV001:OSlopeCons,Cryo — cavity valves/temps/pressures
4820,CMB01-CRYO,LINB-CMB01-FCV002:ACons,Cryo — cavity valves/temps/pressures
4820,CMB01-CRYO,LINB-CMB01-FCV002:Cons,Cryo — cavity valves/temps/pressures
4820,CMB01-CRYO,LINB-CMB01-FCV002:CSlopeCons,Cryo — cavity valves/temps/pressures
4820,CMB01-CRYO,LINB-CMB01-FCV002:DCons,Cryo — cavity valves/temps/pressures
4820,CMB01-CRYO,LINB-CMB01-FCV002:ICons,Cryo — cavity valves/temps/pressures
4820,CMB01-CRYO,LINB-CMB01-FCV002:OpenAct,Cryo — cavity valves/temps/pressures
4820,CMB01-CRYO,LINB-CMB01-FCV002:OSlopeCons,Cryo — cavity valves/temps/pressures
4820,CMB01-CRYO,LINB-CMB01-FCV002:PCons,Cryo — cavity valves/temps/pressures
4820,CMB01-CRYO,LINB-CMB01-FCV005:ACons,Cryo — cavity valves/temps/pressures
4820,CMB01-CRYO,LINB-CMB01-FCV005:Cons,Cryo — cavity valves/temps/pressures
4820,CMB01-CRYO,LINB-CMB01-FCV005:CSlopeCons,Cryo — cavity valves/temps/pressures
4820,CMB01-CRYO,LINB-CMB01-FCV005:DCons,Cryo — cavity valves/temps/pressures
4820,CMB01-CRYO,LINB-CMB01-FCV005:ICons,Cryo — cavity valves/temps/pressures
4820,CMB01-CRYO,LINB-CMB01-FCV005:OpenAct,Cryo — cavity valves/temps/pressures
4820,CMB01-CRYO,LINB-CMB01-FCV005:OSlopeCons,Cryo — cavity valves/temps/pressures
4820,CMB01-CRYO,LINB-CMB01-FCV005:PCons,Cryo — cavity valves/temps/pressures
4820,CMB01-CRYO,LINB-CMB01-FCV010:ACons,Cryo — cavity valves/temps/pressures
4820,CMB01-CRYO,LINB-CMB01-FCV010:Cons,Cryo — cavity valves/temps/pressures
4820,CMB01-CRYO,LINB-CMB01-FCV010:CSlopeCons,Cryo — cavity valves/temps/pressures
4820,CMB01-CRYO,LINB-CMB01-FCV010:DCons,Cryo — cavity valves/temps/pressures
4820,CMB01-CRYO,LINB-CMB01-FCV010:ICons,Cryo — cavity valves/temps/pressures
4820,CMB01-CRYO,LINB-CMB01-FCV010:OpenAct,Cryo — cavity valves/temps/pressures
4820,CMB01-CRYO,LINB-CMB01-FCV010:OSlopeCons,Cryo — cavity valves/temps/pressures
4820,CMB01-CRYO,LINB-CMB01-FCV010:PCons,Cryo — cavity valves/temps/pressures
4820,CMB01-CRYO,LINB-CMB01-FV005:ClosingCmd,Cryo — cavity valves/temps/pressures
4820,CMB01-CRYO,LINB-CMB01-FV005:Defect,Cryo — cavity valves/temps/pressures
4820,CMB01-CRYO,LINB-CMB01-FV005:OpeningCmd,Cryo — cavity valves/temps/pressures
4820,CMB01-CRYO,LINB-CMB01-FV005:State,Cryo — cavity valves/temps/pressures
4820,CMB01-CRYO,LINB-CMB01-FV010:ClosingCmd,Cryo — cavity valves/temps/pressures
4820,CMB01-CRYO,LINB-CMB01-FV010:Defect,Cryo — cavity valves/temps/pressures
4820,CMB01-CRYO,LINB-CMB01-FV010:OpeningCmd,Cryo — cavity valves/temps/pressures
4820,CMB01-CRYO,LINB-CMB01-FV010:State,Cryo — cavity valves/temps/pressures
4820,CMB01-CRYO,LINB-CMB01-FV011:ClosingCmd,Cryo — cavity valves/temps/pressures
4820,CMB01-CRYO,LINB-CMB01-FV011:Defect,Cryo — cavity valves/temps/pressures
4820,CMB01-CRYO,LINB-CMB01-FV011:OpeningCmd,Cryo — cavity valves/temps/pressures
4820,CMB01-CRYO,LINB-CMB01-FV011:State,Cryo — cavity valves/temps/pressures
4820,CMB01-CRYO,LINB-CMB01-FV020:ClosingCmd,Cryo — cavity valves/temps/pressures
4820,CMB01-CRYO,LINB-CMB01-FV020:Defect,Cryo — cavity valves/temps/pressures
4820,CMB01-CRYO,LINB-CMB01-FV020:OpeningCmd,Cryo — cavity valves/temps/pressures
4820,CMB01-CRYO,LINB-CMB01-FV020:State,Cryo — cavity valves/temps/pressures
4820,CMB01-CRYO,LINB-CMB01-FV120V:ClosingCmd,Cryo — cavity valves/temps/pressures
4820,CMB01-CRYO,LINB-CMB01-FV120V:Defect,Cryo — cavity valves/temps/pressures
4820,CMB01-CRYO,LINB-CMB01-FV120V:OpeningCmd,Cryo — cavity valves/temps/pressures
4820,CMB01-CRYO,LINB-CMB01-FV120V:State,Cryo — cavity valves/temps/pressures
4820,CMB01-CRYO,LINB-CMB01-LQ:Num,Cryo — cavity valves/temps/pressures
4820,CMB01-CRYO,LINB-CMB01-LT200:LevelMes,Cryo — cavity valves/temps/pressures
4820,CMB01-CRYO,LINB-CMB01-OBSCHARGE01:ChargeEstime,Cryo — cavity valves/temps/pressures
4820,CMB01-CRYO,LINB-CMB01-OBSCHARGE01:DebitEntree,Cryo — cavity valves/temps/pressures
4820,CMB01-CRYO,LINB-CMB01-OBSCHARGE01:DebitSortie,Cryo — cavity valves/temps/pressures
4820,CMB01-CRYO,LINB-CMB01-OBSCHARGE01:Densite,Cryo — cavity valves/temps/pressures
4820,CMB01-CRYO,LINB-CMB01-OBSCHARGE01:EnergieInterne,Cryo — cavity valves/temps/pressures
4820,CMB01-CRYO,LINB-CMB01-OBSCHARGE01:NumeroMatrice,Cryo — cavity valves/temps/pressures
4820,CMB01-CRYO,LINB-CMB01-OBSCHARGE02:ChargeEstime,Cryo — cavity valves/temps/pressures
4820,CMB01-CRYO,LINB-CMB01-OBSCHARGE02:DebitEntree,Cryo — cavity valves/temps/pressures
4820,CMB01-CRYO,LINB-CMB01-OBSCHARGE02:DebitSortie,Cryo — cavity valves/temps/pressures
4820,CMB01-CRYO,LINB-CMB01-OBSCHARGE02:Densite,Cryo — cavity valves/temps/pressures
4820,CMB01-CRYO,LINB-CMB01-OBSCHARGE02:EnergieInterne,Cryo — cavity valves/temps/pressures
4820,CMB01-CRYO,LINB-CMB01-OBSCHARGE02:NumeroMatrice,Cryo — cavity valves/temps/pressures
4820,CMB01-CRYO,LINB-CMB01-PLC:Qd_count_Cavite1,Cryo — cavity valves/temps/pressures
4820,CMB01-CRYO,LINB-CMB01-PLC:Qd_count_Cavite2,Cryo — cavity valves/temps/pressures
4820,CMB01-CRYO,LINB-CMB01-PT001:PMes,Cryo — cavity valves/temps/pressures
4820,CMB01-CRYO,LINB-CMB01-PT010:PMes,Cryo — cavity valves/temps/pressures
4820,CMB01-CRYO,LINB-CMB01-PT120:PMes,Cryo — cavity valves/temps/pressures
4820,CMB01-CRYO,LINB-CMB01-PTRES001:PTempMes,Cryo — cavity valves/temps/pressures
4820,CMB01-CRYO,LINB-CMB01-TT001:ResMes,Cryo — cavity valves/temps/pressures
4820,CMB01-CRYO,LINB-CMB01-TT001:TempMes,Cryo — cavity valves/temps/pressures
4820,CMB01-CRYO,LINB-CMB01-TT005:ResMes,Cryo — cavity valves/temps/pressures
4820,CMB01-CRYO,LINB-CMB01-TT005:TempMes,Cryo — cavity valves/temps/pressures
4820,CMB01-CRYO,LINB-CMB01-TT010:ResMes,Cryo — cavity valves/temps/pressures
4820,CMB01-CRYO,LINB-CMB01-TT010:TempMes,Cryo — cavity valves/temps/pressures
4820,CMB01-CRYO,LINB-CMB01-TT011:ResMes,Cryo — cavity valves/temps/pressures
4820,CMB01-CRYO,LINB-CMB01-TT011:TempMes,Cryo — cavity valves/temps/pressures
4820,CMB01-CRYO,LINB-CMB01-TT015:ResMes,Cryo — cavity valves/temps/pressures
4820,CMB01-CRYO,LINB-CMB01-TT015:TempMes,Cryo — cavity valves/temps/pressures
4820,CMB01-CRYO,LINB-CMB01-TT100:ResMes,Cryo — cavity valves/temps/pressures
4820,CMB01-CRYO,LINB-CMB01-TT100:TempMes,Cryo — cavity valves/temps/pressures
4820,CMB01-CRYO,LINB-CMB01-TT101:ResMes,Cryo — cavity valves/temps/pressures
4820,CMB01-CRYO,LINB-CMB01-TT101:TempMes,Cryo — cavity valves/temps/pressures
4820,CMB01-CRYO,LINB-CMB01-TT102:ResMes,Cryo — cavity valves/temps/pressures
4820,CMB01-CRYO,LINB-CMB01-TT102:TempMes,Cryo — cavity valves/temps/pressures
4820,CMB01-CRYO,LINB-CMB01-TT103:ResMes,Cryo — cavity valves/temps/pressures
4820,CMB01-CRYO,LINB-CMB01-TT103:TempMes,Cryo — cavity valves/temps/pressures
4820,CMB01-CRYO,LINB-CMB01-TT104:ResMes,Cryo — cavity valves/temps/pressures
4820,CMB01-CRYO,LINB-CMB01-TT104:TempMes,Cryo — cavity valves/temps/pressures
4820,CMB01-CRYO,LINB-CMB01-TT105:ResMes,Cryo — cavity valves/temps/pressures
4820,CMB01-CRYO,LINB-CMB01-TT105:TempMes,Cryo — cavity valves/temps/pressures
4820,CMB01-CRYO,LINB-CMB01-TT106:ResMes,Cryo — cavity valves/temps/pressures
4820,CMB01-CRYO,LINB-CMB01-TT106:TempMes,Cryo — cavity valves/temps/pressures
4820,CMB01-CRYO,LINB-CMB01-TT108:Defect,Cryo — cavity valves/temps/pressures
4820,CMB01-CRYO,LINB-CMB01-TT108:ResMes,Cryo — cavity valves/temps/pressures
4820,CMB01-CRYO,LINB-CMB01-TT108:TempMes,Cryo — cavity valves/temps/pressures
4820,CMB01-CRYO,LINB-CMB01-TT109N:Defect,Cryo — cavity valves/temps/pressures
4820,CMB01-CRYO,LINB-CMB01-TT109N:ResMes,Cryo — cavity valves/temps/pressures
4820,CMB01-CRYO,LINB-CMB01-TT109N:TempMes,Cryo — cavity valves/temps/pressures
4820,CMB01-CRYO,LINB-CMB01-TT109S:Defect,Cryo — cavity valves/temps/pressures
4820,CMB01-CRYO,LINB-CMB01-TT109S:ResMes,Cryo — cavity valves/temps/pressures
4820,CMB01-CRYO,LINB-CMB01-TT109S:TempMes,Cryo — cavity valves/temps/pressures
4820,CMB01-CRYO,LINB-CMB01-TT111:ResMes,Cryo — cavity valves/temps/pressures
4820,CMB01-CRYO,LINB-CMB01-TT111:TempMes,Cryo — cavity valves/temps/pressures
4820,CMB01-CRYO,LINB-CMB01-TT112:ResMes,Cryo — cavity valves/temps/pressures
4820,CMB01-CRYO,LINB-CMB01-TT112:TempMes,Cryo — cavity valves/temps/pressures
4820,CMB01-CRYO,LINB-CMB01-TT113:ResMes,Cryo — cavity valves/temps/pressures
4820,CMB01-CRYO,LINB-CMB01-TT113:TempMes,Cryo — cavity valves/temps/pressures
4820,CMB01-CRYO,LINB-CMB01-TT115:ResMes,Cryo — cavity valves/temps/pressures
4820,CMB01-CRYO,LINB-CMB01-TT115:TempMes,Cryo — cavity valves/temps/pressures
4820,CMB01-CRYO,LINB-CMB01-TT116:ResMes,Cryo — cavity valves/temps/pressures
4820,CMB01-CRYO,LINB-CMB01-TT116:TempMes,Cryo — cavity valves/temps/pressures
4820,CMB01-CRYO,LINB-CMB01-TT118:Defect,Cryo — cavity valves/temps/pressures
4820,CMB01-CRYO,LINB-CMB01-TT118:ResMes,Cryo — cavity valves/temps/pressures
4820,CMB01-CRYO,LINB-CMB01-TT118:TempMes,Cryo — cavity valves/temps/pressures
4820,CMB01-CRYO,LINB-CMB01-TT119N:Defect,Cryo — cavity valves/temps/pressures
4820,CMB01-CRYO,LINB-CMB01-TT119N:ResMes,Cryo — cavity valves/temps/pressures
4820,CMB01-CRYO,LINB-CMB01-TT119N:TempMes,Cryo — cavity valves/temps/pressures
4820,CMB01-CRYO,LINB-CMB01-TT119S:Defect,Cryo — cavity valves/temps/pressures
4820,CMB01-CRYO,LINB-CMB01-TT119S:ResMes,Cryo — cavity valves/temps/pressures
4820,CMB01-CRYO,LINB-CMB01-TT119S:TempMes,Cryo — cavity valves/temps/pressures
4820,CMB01-CRYO,LINB-CMB01-TT200:ResMes,Cryo — cavity valves/temps/pressures
4820,CMB01-CRYO,LINB-CMB01-TT200:TempMes,Cryo — cavity valves/temps/pressures
4820,CMB01-CRYO,LINB-CMB01-TT201:ResMes,Cryo — cavity valves/temps/pressures
4820,CMB01-CRYO,LINB-CMB01-TT201:TempMes,Cryo — cavity valves/temps/pressures
4820,CMB01-CRYO,LINB-CMB01-TT202:ResMes,Cryo — cavity valves/temps/pressures
4820,CMB01-CRYO,LINB-CMB01-TT202:TempMes,Cryo — cavity valves/temps/pressures
4820,CMB01-CRYO,LINB-CMB01-TT203:ResMes,Cryo — cavity valves/temps/pressures
4820,CMB01-CRYO,LINB-CMB01-TT203:TempMes,Cryo — cavity valves/temps/pressures
4820,CMB01-CRYO,LINB-CMB01-TT204:ResMes,Cryo — cavity valves/temps/pressures
4820,CMB01-CRYO,LINB-CMB01-TT204:TempMes,Cryo — cavity valves/temps/pressures
4820,CMB01-CRYO,LINB-CMB01-TT205:ResMes,Cryo — cavity valves/temps/pressures
4820,CMB01-CRYO,LINB-CMB01-TT205:TempMes,Cryo — cavity valves/temps/pressures
4820,CMB01-CRYO,LINB-CMB01-TT212:ResMes,Cryo — cavity valves/temps/pressures
4820,CMB01-CRYO,LINB-CMB01-TT212:TempMes,Cryo — cavity valves/temps/pressures
4820,CMB01-CRYO,LINB-CMB01-TT213:ResMes,Cryo — cavity valves/temps/pressures
4820,CMB01-CRYO,LINB-CMB01-TT213:TempMes,Cryo — cavity valves/temps/pressures
4820,CMB01-CRYO,LINB-CMB01-TT214:ResMes,Cryo — cavity valves/temps/pressures
4820,CMB01-CRYO,LINB-CMB01-TT214:TempMes,Cryo — cavity valves/temps/pressures
4820,CMB01-CRYO,LINB-CMB01-TT215:ResMes,Cryo — cavity valves/temps/pressures
4820,CMB01-CRYO,LINB-CMB01-TT215:TempMes,Cryo — cavity valves/temps/pressures
4820,CMB01-CRYO,LINB-CMB01-TTCAV:ConsGlissante,Cryo — cavity valves/temps/pressures
4820,CMB01-CRYO,LINB-CMB01-VI01:State,Cryo — cavity valves/temps/pressures
4820,CMB01-CRYO,LINB-CMB01-VI02:State,Cryo — cavity valves/temps/pressures
4820,CMB01-CRYO,PLC-CRYO-CMB01:IsAlive,Cryo — cavity valves/temps/pressures
4820,CMB01-CRYO,TRIG-ARCH-CRYO-CMB01:LinacEnable.RVAL,Cryo — cavity valves/temps/pressures
4820,CMB02-CRYO,TRIG-ARCH-CRYO-CMB02:LinacEnable.RVAL,Cryo — cavity valves/temps/pressures
4820,CMB02-CRYO,LINB-CMB02-CH108:Cons,Cryo — cavity valves/temps/pressures
4820,CMB02-CRYO,LINB-CMB02-CH108:Val,Cryo — cavity valves/temps/pressures
4820,CMB02-CRYO,LINB-CMB02-CH109:Cons,Cryo — cavity valves/temps/pressures
4820,CMB02-CRYO,LINB-CMB02-CH109:Val,Cryo — cavity valves/temps/pressures
4820,CMB02-CRYO,LINB-CMB02-CH118:Cons,Cryo — cavity valves/temps/pressures
4820,CMB02-CRYO,LINB-CMB02-CH118:Val,Cryo — cavity valves/temps/pressures
4820,CMB02-CRYO,LINB-CMB02-CH119:Cons,Cryo — cavity valves/temps/pressures
4820,CMB02-CRYO,LINB-CMB02-CH119:Val,Cryo — cavity valves/temps/pressures
4820,CMB02-CRYO,LINB-CMB02-ETAT:IndicState,Cryo — cavity valves/temps/pressures
4820,CMB02-CRYO,LINB-CMB02-FCV001:ACons,Cryo — cavity valves/temps/pressures
4820,CMB02-CRYO,LINB-CMB02-FCV001:Cons,Cryo — cavity valves/temps/pressures
4820,CMB02-CRYO,LINB-CMB02-FCV001:CSlopeCons,Cryo — cavity valves/temps/pressures
4820,CMB02-CRYO,LINB-CMB02-FCV001:OpenAct,Cryo — cavity valves/temps/pressures
4820,CMB02-CRYO,LINB-CMB02-FCV001:OSlopeCons,Cryo — cavity valves/temps/pressures
4820,CMB02-CRYO,LINB-CMB02-FCV002:ACons,Cryo — cavity valves/temps/pressures
4820,CMB02-CRYO,LINB-CMB02-FCV002:Cons,Cryo — cavity valves/temps/pressures
4820,CMB02-CRYO,LINB-CMB02-FCV002:CSlopeCons,Cryo — cavity valves/temps/pressures
4820,CMB02-CRYO,LINB-CMB02-FCV002:DCons,Cryo — cavity valves/temps/pressures
4820,CMB02-CRYO,LINB-CMB02-FCV002:ICons,Cryo — cavity valves/temps/pressures
4820,CMB02-CRYO,LINB-CMB02-FCV002:OpenAct,Cryo — cavity valves/temps/pressures
4820,CMB02-CRYO,LINB-CMB02-FCV002:OSlopeCons,Cryo — cavity valves/temps/pressures
4820,CMB02-CRYO,LINB-CMB02-FCV002:PCons,Cryo — cavity valves/temps/pressures
4820,CMB02-CRYO,LINB-CMB02-FCV005:ACons,Cryo — cavity valves/temps/pressures
4820,CMB02-CRYO,LINB-CMB02-FCV005:Cons,Cryo — cavity valves/temps/pressures
4820,CMB02-CRYO,LINB-CMB02-FCV005:CSlopeCons,Cryo — cavity valves/temps/pressures
4820,CMB02-CRYO,LINB-CMB02-FCV005:DCons,Cryo — cavity valves/temps/pressures
4820,CMB02-CRYO,LINB-CMB02-FCV005:ICons,Cryo — cavity valves/temps/pressures
4820,CMB02-CRYO,LINB-CMB02-FCV005:OpenAct,Cryo — cavity valves/temps/pressures
4820,CMB02-CRYO,LINB-CMB02-FCV005:OSlopeCons,Cryo — cavity valves/temps/pressures
4820,CMB02-CRYO,LINB-CMB02-FCV005:PCons,Cryo — cavity valves/temps/pressures
4820,CMB02-CRYO,LINB-CMB02-FCV010:ACons,Cryo — cavity valves/temps/pressures
4820,CMB02-CRYO,LINB-CMB02-FCV010:Cons,Cryo — cavity valves/temps/pressures
4820,CMB02-CRYO,LINB-CMB02-FCV010:CSlopeCons,Cryo — cavity valves/temps/pressures
4820,CMB02-CRYO,LINB-CMB02-FCV010:DCons,Cryo — cavity valves/temps/pressures
4820,CMB02-CRYO,LINB-CMB02-FCV010:ICons,Cryo — cavity valves/temps/pressures
4820,CMB02-CRYO,LINB-CMB02-FCV010:OpenAct,Cryo — cavity valves/temps/pressures
4820,CMB02-CRYO,LINB-CMB02-FCV010:OSlopeCons,Cryo — cavity valves/temps/pressures
4820,CMB02-CRYO,LINB-CMB02-FCV010:PCons,Cryo — cavity valves/temps/pressures
4820,CMB02-CRYO,LINB-CMB02-FV005:ClosingCmd,Cryo — cavity valves/temps/pressures
4820,CMB02-CRYO,LINB-CMB02-FV005:Defect,Cryo — cavity valves/temps/pressures
4820,CMB02-CRYO,LINB-CMB02-FV005:OpeningCmd,Cryo — cavity valves/temps/pressures
4820,CMB02-CRYO,LINB-CMB02-FV005:State,Cryo — cavity valves/temps/pressures
4820,CMB02-CRYO,LINB-CMB02-FV010:ClosingCmd,Cryo — cavity valves/temps/pressures
4820,CMB02-CRYO,LINB-CMB02-FV010:Defect,Cryo — cavity valves/temps/pressures
4820,CMB02-CRYO,LINB-CMB02-FV010:OpeningCmd,Cryo — cavity valves/temps/pressures
4820,CMB02-CRYO,LINB-CMB02-FV010:State,Cryo — cavity valves/temps/pressures
4820,CMB02-CRYO,LINB-CMB02-FV011:ClosingCmd,Cryo — cavity valves/temps/pressures
4820,CMB02-CRYO,LINB-CMB02-FV011:Defect,Cryo — cavity valves/temps/pressures
4820,CMB02-CRYO,LINB-CMB02-FV011:OpeningCmd,Cryo — cavity valves/temps/pressures
4820,CMB02-CRYO,LINB-CMB02-FV011:State,Cryo — cavity valves/temps/pressures
4820,CMB02-CRYO,LINB-CMB02-FV020:ClosingCmd,Cryo — cavity valves/temps/pressures
4820,CMB02-CRYO,LINB-CMB02-FV020:Defect,Cryo — cavity valves/temps/pressures
4820,CMB02-CRYO,LINB-CMB02-FV020:OpeningCmd,Cryo — cavity valves/temps/pressures
4820,CMB02-CRYO,LINB-CMB02-FV020:State,Cryo — cavity valves/temps/pressures
4820,CMB02-CRYO,LINB-CMB02-FV120V:ClosingCmd,Cryo — cavity valves/temps/pressures
4820,CMB02-CRYO,LINB-CMB02-FV120V:Defect,Cryo — cavity valves/temps/pressures
4820,CMB02-CRYO,LINB-CMB02-FV120V:OpeningCmd,Cryo — cavity valves/temps/pressures
4820,CMB02-CRYO,LINB-CMB02-FV120V:State,Cryo — cavity valves/temps/pressures
4820,CMB02-CRYO,LINB-CMB02-LQ:Num,Cryo — cavity valves/temps/pressures
4820,CMB02-CRYO,LINB-CMB02-LT200:LevelMes,Cryo — cavity valves/temps/pressures
4820,CMB02-CRYO,LINB-CMB02-OBSCHARGE01:ChargeEstime,Cryo — cavity valves/temps/pressures
4820,CMB02-CRYO,LINB-CMB02-OBSCHARGE01:DebitEntree,Cryo — cavity valves/temps/pressures
4820,CMB02-CRYO,LINB-CMB02-OBSCHARGE01:DebitSortie,Cryo — cavity valves/temps/pressures
4820,CMB02-CRYO,LINB-CMB02-OBSCHARGE01:Densite,Cryo — cavity valves/temps/pressures
4820,CMB02-CRYO,LINB-CMB02-OBSCHARGE01:EnergieInterne,Cryo — cavity valves/temps/pressures
4820,CMB02-CRYO,LINB-CMB02-OBSCHARGE01:NumeroMatrice,Cryo — cavity valves/temps/pressures
4820,CMB02-CRYO,LINB-CMB02-OBSCHARGE02:ChargeEstime,Cryo — cavity valves/temps/pressures
4820,CMB02-CRYO,LINB-CMB02-OBSCHARGE02:DebitEntree,Cryo — cavity valves/temps/pressures
4820,CMB02-CRYO,LINB-CMB02-OBSCHARGE02:DebitSortie,Cryo — cavity valves/temps/pressures
4820,CMB02-CRYO,LINB-CMB02-OBSCHARGE02:Densite,Cryo — cavity valves/temps/pressures
4820,CMB02-CRYO,LINB-CMB02-OBSCHARGE02:EnergieInterne,Cryo — cavity valves/temps/pressures
4820,CMB02-CRYO,LINB-CMB02-OBSCHARGE02:NumeroMatrice,Cryo — cavity valves/temps/pressures
4820,CMB02-CRYO,LINB-CMB02-PLC:Qd_count_Cavite1,Cryo — cavity valves/temps/pressures
4820,CMB02-CRYO,LINB-CMB02-PLC:Qd_count_Cavite2,Cryo — cavity valves/temps/pressures
4820,CMB02-CRYO,LINB-CMB02-PT001:PMes,Cryo — cavity valves/temps/pressures
4820,CMB02-CRYO,LINB-CMB02-PT010:PMes,Cryo — cavity valves/temps/pressures
4820,CMB02-CRYO,LINB-CMB02-PT120:PMes,Cryo — cavity valves/temps/pressures
4820,CMB02-CRYO,LINB-CMB02-PTRES001:PTempMes,Cryo — cavity valves/temps/pressures
4820,CMB02-CRYO,LINB-CMB02-TT001:ResMes,Cryo — cavity valves/temps/pressures
4820,CMB02-CRYO,LINB-CMB02-TT001:TempMes,Cryo — cavity valves/temps/pressures
4820,CMB02-CRYO,LINB-CMB02-TT005:ResMes,Cryo — cavity valves/temps/pressures
4820,CMB02-CRYO,LINB-CMB02-TT005:TempMes,Cryo — cavity valves/temps/pressures
4820,CMB02-CRYO,LINB-CMB02-TT010:ResMes,Cryo — cavity valves/temps/pressures
4820,CMB02-CRYO,LINB-CMB02-TT010:TempMes,Cryo — cavity valves/temps/pressures
4820,CMB02-CRYO,LINB-CMB02-TT011:ResMes,Cryo — cavity valves/temps/pressures
4820,CMB02-CRYO,LINB-CMB02-TT011:TempMes,Cryo — cavity valves/temps/pressures
4820,CMB02-CRYO,LINB-CMB02-TT015:ResMes,Cryo — cavity valves/temps/pressures
4820,CMB02-CRYO,LINB-CMB02-TT015:TempMes,Cryo — cavity valves/temps/pressures
4820,CMB02-CRYO,LINB-CMB02-TT100:ResMes,Cryo — cavity valves/temps/pressures
4820,CMB02-CRYO,LINB-CMB02-TT100:TempMes,Cryo — cavity valves/temps/pressures
4820,CMB02-CRYO,LINB-CMB02-TT101:ResMes,Cryo — cavity valves/temps/pressures
4820,CMB02-CRYO,LINB-CMB02-TT101:TempMes,Cryo — cavity valves/temps/pressures
4820,CMB02-CRYO,LINB-CMB02-TT102:ResMes,Cryo — cavity valves/temps/pressures
4820,CMB02-CRYO,LINB-CMB02-TT102:TempMes,Cryo — cavity valves/temps/pressures
4820,CMB02-CRYO,LINB-CMB02-TT103:ResMes,Cryo — cavity valves/temps/pressures
4820,CMB02-CRYO,LINB-CMB02-TT103:TempMes,Cryo — cavity valves/temps/pressures
4820,CMB02-CRYO,LINB-CMB02-TT104:ResMes,Cryo — cavity valves/temps/pressures
4820,CMB02-CRYO,LINB-CMB02-TT104:TempMes,Cryo — cavity valves/temps/pressures
4820,CMB02-CRYO,LINB-CMB02-TT105:ResMes,Cryo — cavity valves/temps/pressures
4820,CMB02-CRYO,LINB-CMB02-TT105:TempMes,Cryo — cavity valves/temps/pressures
4820,CMB02-CRYO,LINB-CMB02-TT106:ResMes,Cryo — cavity valves/temps/pressures
4820,CMB02-CRYO,LINB-CMB02-TT106:TempMes,Cryo — cavity valves/temps/pressures
4820,CMB02-CRYO,LINB-CMB02-TT108:Defect,Cryo — cavity valves/temps/pressures
4820,CMB02-CRYO,LINB-CMB02-TT108:ResMes,Cryo — cavity valves/temps/pressures
4820,CMB02-CRYO,LINB-CMB02-TT108:TempMes,Cryo — cavity valves/temps/pressures
4820,CMB02-CRYO,LINB-CMB02-TT109N:Defect,Cryo — cavity valves/temps/pressures
4820,CMB02-CRYO,LINB-CMB02-TT109N:ResMes,Cryo — cavity valves/temps/pressures
4820,CMB02-CRYO,LINB-CMB02-TT109N:TempMes,Cryo — cavity valves/temps/pressures
4820,CMB02-CRYO,LINB-CMB02-TT109S:Defect,Cryo — cavity valves/temps/pressures
4820,CMB02-CRYO,LINB-CMB02-TT109S:ResMes,Cryo — cavity valves/temps/pressures
4820,CMB02-CRYO,LINB-CMB02-TT109S:TempMes,Cryo — cavity valves/temps/pressures
4820,CMB02-CRYO,LINB-CMB02-TT111:ResMes,Cryo — cavity valves/temps/pressures
4820,CMB02-CRYO,LINB-CMB02-TT111:TempMes,Cryo — cavity valves/temps/pressures
4820,CMB02-CRYO,LINB-CMB02-TT112:ResMes,Cryo — cavity valves/temps/pressures
4820,CMB02-CRYO,LINB-CMB02-TT112:TempMes,Cryo — cavity valves/temps/pressures
4820,CMB02-CRYO,LINB-CMB02-TT113:ResMes,Cryo — cavity valves/temps/pressures
4820,CMB02-CRYO,LINB-CMB02-TT113:TempMes,Cryo — cavity valves/temps/pressures
4820,CMB02-CRYO,LINB-CMB02-TT115:ResMes,Cryo — cavity valves/temps/pressures
4820,CMB02-CRYO,LINB-CMB02-TT115:TempMes,Cryo — cavity valves/temps/pressures
4820,CMB02-CRYO,LINB-CMB02-TT116:ResMes,Cryo — cavity valves/temps/pressures
4820,CMB02-CRYO,LINB-CMB02-TT116:TempMes,Cryo — cavity valves/temps/pressures
4820,CMB02-CRYO,LINB-CMB02-TT118:Defect,Cryo — cavity valves/temps/pressures
4820,CMB02-CRYO,LINB-CMB02-TT118:ResMes,Cryo — cavity valves/temps/pressures
4820,CMB02-CRYO,LINB-CMB02-TT118:TempMes,Cryo — cavity valves/temps/pressures
4820,CMB02-CRYO,LINB-CMB02-TT119N:Defect,Cryo — cavity valves/temps/pressures
4820,CMB02-CRYO,LINB-CMB02-TT119N:ResMes,Cryo — cavity valves/temps/pressures
4820,CMB02-CRYO,LINB-CMB02-TT119N:TempMes,Cryo — cavity valves/temps/pressures
4820,CMB02-CRYO,LINB-CMB02-TT119S:Defect,Cryo — cavity valves/temps/pressures
4820,CMB02-CRYO,LINB-CMB02-TT119S:ResMes,Cryo — cavity valves/temps/pressures
4820,CMB02-CRYO,LINB-CMB02-TT119S:TempMes,Cryo — cavity valves/temps/pressures
4820,CMB02-CRYO,LINB-CMB02-TT200:ResMes,Cryo — cavity valves/temps/pressures
4820,CMB02-CRYO,LINB-CMB02-TT200:TempMes,Cryo — cavity valves/temps/pressures
4820,CMB02-CRYO,LINB-CMB02-TT201:ResMes,Cryo — cavity valves/temps/pressures
4820,CMB02-CRYO,LINB-CMB02-TT201:TempMes,Cryo — cavity valves/temps/pressures
4820,CMB02-CRYO,LINB-CMB02-TT202:ResMes,Cryo — cavity valves/temps/pressures
4820,CMB02-CRYO,LINB-CMB02-TT202:TempMes,Cryo — cavity valves/temps/pressures
4820,CMB02-CRYO,LINB-CMB02-TT203:ResMes,Cryo — cavity valves/temps/pressures
4820,CMB02-CRYO,LINB-CMB02-TT203:TempMes,Cryo — cavity valves/temps/pressures
4820,CMB02-CRYO,LINB-CMB02-TT204:ResMes,Cryo — cavity valves/temps/pressures
4820,CMB02-CRYO,LINB-CMB02-TT204:TempMes,Cryo — cavity valves/temps/pressures
4820,CMB02-CRYO,LINB-CMB02-TT205:ResMes,Cryo — cavity valves/temps/pressures
4820,CMB02-CRYO,LINB-CMB02-TT205:TempMes,Cryo — cavity valves/temps/pressures
4820,CMB02-CRYO,LINB-CMB02-TT212:ResMes,Cryo — cavity valves/temps/pressures
4820,CMB02-CRYO,LINB-CMB02-TT212:TempMes,Cryo — cavity valves/temps/pressures
4820,CMB02-CRYO,LINB-CMB02-TT213:ResMes,Cryo — cavity valves/temps/pressures
4820,CMB02-CRYO,LINB-CMB02-TT213:TempMes,Cryo — cavity valves/temps/pressures
4820,CMB02-CRYO,LINB-CMB02-TT214:ResMes,Cryo — cavity valves/temps/pressures
4820,CMB02-CRYO,LINB-CMB02-TT214:TempMes,Cryo — cavity valves/temps/pressures
4820,CMB02-CRYO,LINB-CMB02-TT215:ResMes,Cryo — cavity valves/temps/pressures
4820,CMB02-CRYO,LINB-CMB02-TT215:TempMes,Cryo — cavity valves/temps/pressures
4820,CMB02-CRYO,LINB-CMB02-TTCAV:ConsGlissante,Cryo — cavity valves/temps/pressures
4820,CMB02-CRYO,LINB-CMB02-VI01:State,Cryo — cavity valves/temps/pressures
4820,CMB02-CRYO,LINB-CMB02-VI02:State,Cryo — cavity valves/temps/pressures
4820,CMB02-CRYO,PLC-CRYO-CMB02:IsAlive,Cryo — cavity valves/temps/pressures
4820,CMB02-CRYO,TRIG-ARCH-CRYO-CMB02:LinacEnable.RVAL,Cryo — cavity valves/temps/pressures
4820,CMB03-CRYO,TRIG-ARCH-CRYO-CMB03:LinacEnable.RVAL,Cryo — cavity valves/temps/pressures
4820,CMB03-CRYO,LINB-CMB03-CH108:Cons,Cryo — cavity valves/temps/pressures
4820,CMB03-CRYO,LINB-CMB03-CH108:Val,Cryo — cavity valves/temps/pressures
4820,CMB03-CRYO,LINB-CMB03-CH109:Cons,Cryo — cavity valves/temps/pressures
4820,CMB03-CRYO,LINB-CMB03-CH109:Val,Cryo — cavity valves/temps/pressures
4820,CMB03-CRYO,LINB-CMB03-CH118:Cons,Cryo — cavity valves/temps/pressures
4820,CMB03-CRYO,LINB-CMB03-CH118:Val,Cryo — cavity valves/temps/pressures
4820,CMB03-CRYO,LINB-CMB03-CH119:Cons,Cryo — cavity valves/temps/pressures
4820,CMB03-CRYO,LINB-CMB03-CH119:Val,Cryo — cavity valves/temps/pressures
4820,CMB03-CRYO,LINB-CMB03-ETAT:IndicState,Cryo — cavity valves/temps/pressures
4820,CMB03-CRYO,LINB-CMB03-FCV001:ACons,Cryo — cavity valves/temps/pressures
4820,CMB03-CRYO,LINB-CMB03-FCV001:Cons,Cryo — cavity valves/temps/pressures
4820,CMB03-CRYO,LINB-CMB03-FCV001:CSlopeCons,Cryo — cavity valves/temps/pressures
4820,CMB03-CRYO,LINB-CMB03-FCV001:OpenAct,Cryo — cavity valves/temps/pressures
4820,CMB03-CRYO,LINB-CMB03-FCV001:OSlopeCons,Cryo — cavity valves/temps/pressures
4820,CMB03-CRYO,LINB-CMB03-FCV002:ACons,Cryo — cavity valves/temps/pressures
4820,CMB03-CRYO,LINB-CMB03-FCV002:Cons,Cryo — cavity valves/temps/pressures
4820,CMB03-CRYO,LINB-CMB03-FCV002:CSlopeCons,Cryo — cavity valves/temps/pressures
4820,CMB03-CRYO,LINB-CMB03-FCV002:DCons,Cryo — cavity valves/temps/pressures
4820,CMB03-CRYO,LINB-CMB03-FCV002:ICons,Cryo — cavity valves/temps/pressures
4820,CMB03-CRYO,LINB-CMB03-FCV002:OpenAct,Cryo — cavity valves/temps/pressures
4820,CMB03-CRYO,LINB-CMB03-FCV002:OSlopeCons,Cryo — cavity valves/temps/pressures
4820,CMB03-CRYO,LINB-CMB03-FCV002:PCons,Cryo — cavity valves/temps/pressures
4820,CMB03-CRYO,LINB-CMB03-FCV005:ACons,Cryo — cavity valves/temps/pressures
4820,CMB03-CRYO,LINB-CMB03-FCV005:Cons,Cryo — cavity valves/temps/pressures
4820,CMB03-CRYO,LINB-CMB03-FCV005:CSlopeCons,Cryo — cavity valves/temps/pressures
4820,CMB03-CRYO,LINB-CMB03-FCV005:DCons,Cryo — cavity valves/temps/pressures
4820,CMB03-CRYO,LINB-CMB03-FCV005:ICons,Cryo — cavity valves/temps/pressures
4820,CMB03-CRYO,LINB-CMB03-FCV005:OpenAct,Cryo — cavity valves/temps/pressures
4820,CMB03-CRYO,LINB-CMB03-FCV005:OSlopeCons,Cryo — cavity valves/temps/pressures
4820,CMB03-CRYO,LINB-CMB03-FCV005:PCons,Cryo — cavity valves/temps/pressures
4820,CMB03-CRYO,LINB-CMB03-FCV010:ACons,Cryo — cavity valves/temps/pressures
4820,CMB03-CRYO,LINB-CMB03-FCV010:Cons,Cryo — cavity valves/temps/pressures
4820,CMB03-CRYO,LINB-CMB03-FCV010:CSlopeCons,Cryo — cavity valves/temps/pressures
4820,CMB03-CRYO,LINB-CMB03-FCV010:DCons,Cryo — cavity valves/temps/pressures
4820,CMB03-CRYO,LINB-CMB03-FCV010:ICons,Cryo — cavity valves/temps/pressures
4820,CMB03-CRYO,LINB-CMB03-FCV010:OpenAct,Cryo — cavity valves/temps/pressures
4820,CMB03-CRYO,LINB-CMB03-FCV010:OSlopeCons,Cryo — cavity valves/temps/pressures
4820,CMB03-CRYO,LINB-CMB03-FCV010:PCons,Cryo — cavity valves/temps/pressures
4820,CMB03-CRYO,LINB-CMB03-FV005:ClosingCmd,Cryo — cavity valves/temps/pressures
4820,CMB03-CRYO,LINB-CMB03-FV005:Defect,Cryo — cavity valves/temps/pressures
4820,CMB03-CRYO,LINB-CMB03-FV005:OpeningCmd,Cryo — cavity valves/temps/pressures
4820,CMB03-CRYO,LINB-CMB03-FV005:State,Cryo — cavity valves/temps/pressures
4820,CMB03-CRYO,LINB-CMB03-FV010:ClosingCmd,Cryo — cavity valves/temps/pressures
4820,CMB03-CRYO,LINB-CMB03-FV010:Defect,Cryo — cavity valves/temps/pressures
4820,CMB03-CRYO,LINB-CMB03-FV010:OpeningCmd,Cryo — cavity valves/temps/pressures
4820,CMB03-CRYO,LINB-CMB03-FV010:State,Cryo — cavity valves/temps/pressures
4820,CMB03-CRYO,LINB-CMB03-FV011:ClosingCmd,Cryo — cavity valves/temps/pressures
4820,CMB03-CRYO,LINB-CMB03-FV011:Defect,Cryo — cavity valves/temps/pressures
4820,CMB03-CRYO,LINB-CMB03-FV011:OpeningCmd,Cryo — cavity valves/temps/pressures
4820,CMB03-CRYO,LINB-CMB03-FV011:State,Cryo — cavity valves/temps/pressures
4820,CMB03-CRYO,LINB-CMB03-FV020:ClosingCmd,Cryo — cavity valves/temps/pressures
4820,CMB03-CRYO,LINB-CMB03-FV020:Defect,Cryo — cavity valves/temps/pressures
4820,CMB03-CRYO,LINB-CMB03-FV020:OpeningCmd,Cryo — cavity valves/temps/pressures
4820,CMB03-CRYO,LINB-CMB03-FV020:State,Cryo — cavity valves/temps/pressures
4820,CMB03-CRYO,LINB-CMB03-FV120V:ClosingCmd,Cryo — cavity valves/temps/pressures
4820,CMB03-CRYO,LINB-CMB03-FV120V:Defect,Cryo — cavity valves/temps/pressures
4820,CMB03-CRYO,LINB-CMB03-FV120V:OpeningCmd,Cryo — cavity valves/temps/pressures
4820,CMB03-CRYO,LINB-CMB03-FV120V:State,Cryo — cavity valves/temps/pressures
4820,CMB03-CRYO,LINB-CMB03-LQ:Num,Cryo — cavity valves/temps/pressures
4820,CMB03-CRYO,LINB-CMB03-LT200:LevelMes,Cryo — cavity valves/temps/pressures
4820,CMB03-CRYO,LINB-CMB03-OBSCHARGE01:ChargeEstime,Cryo — cavity valves/temps/pressures
4820,CMB03-CRYO,LINB-CMB03-OBSCHARGE01:DebitEntree,Cryo — cavity valves/temps/pressures
4820,CMB03-CRYO,LINB-CMB03-OBSCHARGE01:DebitSortie,Cryo — cavity valves/temps/pressures
4820,CMB03-CRYO,LINB-CMB03-OBSCHARGE01:Densite,Cryo — cavity valves/temps/pressures
4820,CMB03-CRYO,LINB-CMB03-OBSCHARGE01:EnergieInterne,Cryo — cavity valves/temps/pressures
4820,CMB03-CRYO,LINB-CMB03-OBSCHARGE01:NumeroMatrice,Cryo — cavity valves/temps/pressures
4820,CMB03-CRYO,LINB-CMB03-OBSCHARGE02:ChargeEstime,Cryo — cavity valves/temps/pressures
4820,CMB03-CRYO,LINB-CMB03-OBSCHARGE02:DebitEntree,Cryo — cavity valves/temps/pressures
4820,CMB03-CRYO,LINB-CMB03-OBSCHARGE02:DebitSortie,Cryo — cavity valves/temps/pressures
4820,CMB03-CRYO,LINB-CMB03-OBSCHARGE02:Densite,Cryo — cavity valves/temps/pressures
4820,CMB03-CRYO,LINB-CMB03-OBSCHARGE02:EnergieInterne,Cryo — cavity valves/temps/pressures
4820,CMB03-CRYO,LINB-CMB03-OBSCHARGE02:NumeroMatrice,Cryo — cavity valves/temps/pressures
4820,CMB03-CRYO,LINB-CMB03-PLC:Qd_count_Cavite1,Cryo — cavity valves/temps/pressures
4820,CMB03-CRYO,LINB-CMB03-PLC:Qd_count_Cavite2,Cryo — cavity valves/temps/pressures
4820,CMB03-CRYO,LINB-CMB03-PT001:PMes,Cryo — cavity valves/temps/pressures
4820,CMB03-CRYO,LINB-CMB03-PT010:PMes,Cryo — cavity valves/temps/pressures
4820,CMB03-CRYO,LINB-CMB03-PT120:PMes,Cryo — cavity valves/temps/pressures
4820,CMB03-CRYO,LINB-CMB03-PTRES001:PTempMes,Cryo — cavity valves/temps/pressures
4820,CMB03-CRYO,LINB-CMB03-TT001:ResMes,Cryo — cavity valves/temps/pressures
4820,CMB03-CRYO,LINB-CMB03-TT001:TempMes,Cryo — cavity valves/temps/pressures
4820,CMB03-CRYO,LINB-CMB03-TT005:ResMes,Cryo — cavity valves/temps/pressures
4820,CMB03-CRYO,LINB-CMB03-TT005:TempMes,Cryo — cavity valves/temps/pressures
4820,CMB03-CRYO,LINB-CMB03-TT010:ResMes,Cryo — cavity valves/temps/pressures
4820,CMB03-CRYO,LINB-CMB03-TT010:TempMes,Cryo — cavity valves/temps/pressures
4820,CMB03-CRYO,LINB-CMB03-TT011:ResMes,Cryo — cavity valves/temps/pressures
4820,CMB03-CRYO,LINB-CMB03-TT011:TempMes,Cryo — cavity valves/temps/pressures
4820,CMB03-CRYO,LINB-CMB03-TT015:ResMes,Cryo — cavity valves/temps/pressures
4820,CMB03-CRYO,LINB-CMB03-TT015:TempMes,Cryo — cavity valves/temps/pressures
4820,CMB03-CRYO,LINB-CMB03-TT100:ResMes,Cryo — cavity valves/temps/pressures
4820,CMB03-CRYO,LINB-CMB03-TT100:TempMes,Cryo — cavity valves/temps/pressures
4820,CMB03-CRYO,LINB-CMB03-TT101:ResMes,Cryo — cavity valves/temps/pressures
4820,CMB03-CRYO,LINB-CMB03-TT101:TempMes,Cryo — cavity valves/temps/pressures
4820,CMB03-CRYO,LINB-CMB03-TT102:ResMes,Cryo — cavity valves/temps/pressures
4820,CMB03-CRYO,LINB-CMB03-TT102:TempMes,Cryo — cavity valves/temps/pressures
4820,CMB03-CRYO,LINB-CMB03-TT103:ResMes,Cryo — cavity valves/temps/pressures
4820,CMB03-CRYO,LINB-CMB03-TT103:TempMes,Cryo — cavity valves/temps/pressures
4820,CMB03-CRYO,LINB-CMB03-TT104:ResMes,Cryo — cavity valves/temps/pressures
4820,CMB03-CRYO,LINB-CMB03-TT104:TempMes,Cryo — cavity valves/temps/pressures
4820,CMB03-CRYO,LINB-CMB03-TT105:ResMes,Cryo — cavity valves/temps/pressures
4820,CMB03-CRYO,LINB-CMB03-TT105:TempMes,Cryo — cavity valves/temps/pressures
4820,CMB03-CRYO,LINB-CMB03-TT106:ResMes,Cryo — cavity valves/temps/pressures
4820,CMB03-CRYO,LINB-CMB03-TT106:TempMes,Cryo — cavity valves/temps/pressures
4820,CMB03-CRYO,LINB-CMB03-TT108:Defect,Cryo — cavity valves/temps/pressures
4820,CMB03-CRYO,LINB-CMB03-TT108:ResMes,Cryo — cavity valves/temps/pressures
4820,CMB03-CRYO,LINB-CMB03-TT108:TempMes,Cryo — cavity valves/temps/pressures
4820,CMB03-CRYO,LINB-CMB03-TT109N:Defect,Cryo — cavity valves/temps/pressures
4820,CMB03-CRYO,LINB-CMB03-TT109N:ResMes,Cryo — cavity valves/temps/pressures
4820,CMB03-CRYO,LINB-CMB03-TT109N:TempMes,Cryo — cavity valves/temps/pressures
4820,CMB03-CRYO,LINB-CMB03-TT109S:Defect,Cryo — cavity valves/temps/pressures
4820,CMB03-CRYO,LINB-CMB03-TT109S:ResMes,Cryo — cavity valves/temps/pressures
4820,CMB03-CRYO,LINB-CMB03-TT109S:TempMes,Cryo — cavity valves/temps/pressures
4820,CMB03-CRYO,LINB-CMB03-TT111:ResMes,Cryo — cavity valves/temps/pressures
4820,CMB03-CRYO,LINB-CMB03-TT111:TempMes,Cryo — cavity valves/temps/pressures
4820,CMB03-CRYO,LINB-CMB03-TT112:ResMes,Cryo — cavity valves/temps/pressures
4820,CMB03-CRYO,LINB-CMB03-TT112:TempMes,Cryo — cavity valves/temps/pressures
4820,CMB03-CRYO,LINB-CMB03-TT113:ResMes,Cryo — cavity valves/temps/pressures
4820,CMB03-CRYO,LINB-CMB03-TT113:TempMes,Cryo — cavity valves/temps/pressures
4820,CMB03-CRYO,LINB-CMB03-TT115:ResMes,Cryo — cavity valves/temps/pressures
4820,CMB03-CRYO,LINB-CMB03-TT115:TempMes,Cryo — cavity valves/temps/pressures
4820,CMB03-CRYO,LINB-CMB03-TT116:ResMes,Cryo — cavity valves/temps/pressures
4820,CMB03-CRYO,LINB-CMB03-TT116:TempMes,Cryo — cavity valves/temps/pressures
4820,CMB03-CRYO,LINB-CMB03-TT118:Defect,Cryo — cavity valves/temps/pressures
4820,CMB03-CRYO,LINB-CMB03-TT118:ResMes,Cryo — cavity valves/temps/pressures
4820,CMB03-CRYO,LINB-CMB03-TT118:TempMes,Cryo — cavity valves/temps/pressures
4820,CMB03-CRYO,LINB-CMB03-TT119N:Defect,Cryo — cavity valves/temps/pressures
4820,CMB03-CRYO,LINB-CMB03-TT119N:ResMes,Cryo — cavity valves/temps/pressures
4820,CMB03-CRYO,LINB-CMB03-TT119N:TempMes,Cryo — cavity valves/temps/pressures
4820,CMB03-CRYO,LINB-CMB03-TT119S:Defect,Cryo — cavity valves/temps/pressures
4820,CMB03-CRYO,LINB-CMB03-TT119S:ResMes,Cryo — cavity valves/temps/pressures
4820,CMB03-CRYO,LINB-CMB03-TT119S:TempMes,Cryo — cavity valves/temps/pressures
4820,CMB03-CRYO,LINB-CMB03-TT200:ResMes,Cryo — cavity valves/temps/pressures
4820,CMB03-CRYO,LINB-CMB03-TT200:TempMes,Cryo — cavity valves/temps/pressures
4820,CMB03-CRYO,LINB-CMB03-TT201:ResMes,Cryo — cavity valves/temps/pressures
4820,CMB03-CRYO,LINB-CMB03-TT201:TempMes,Cryo — cavity valves/temps/pressures
4820,CMB03-CRYO,LINB-CMB03-TT202:ResMes,Cryo — cavity valves/temps/pressures
4820,CMB03-CRYO,LINB-CMB03-TT202:TempMes,Cryo — cavity valves/temps/pressures
4820,CMB03-CRYO,LINB-CMB03-TT203:ResMes,Cryo — cavity valves/temps/pressures
4820,CMB03-CRYO,LINB-CMB03-TT203:TempMes,Cryo — cavity valves/temps/pressures
4820,CMB03-CRYO,LINB-CMB03-TT204:ResMes,Cryo — cavity valves/temps/pressures
4820,CMB03-CRYO,LINB-CMB03-TT204:TempMes,Cryo — cavity valves/temps/pressures
4820,CMB03-CRYO,LINB-CMB03-TT205:ResMes,Cryo — cavity valves/temps/pressures
4820,CMB03-CRYO,LINB-CMB03-TT205:TempMes,Cryo — cavity valves/temps/pressures
4820,CMB03-CRYO,LINB-CMB03-TT212:ResMes,Cryo — cavity valves/temps/pressures
4820,CMB03-CRYO,LINB-CMB03-TT212:TempMes,Cryo — cavity valves/temps/pressures
4820,CMB03-CRYO,LINB-CMB03-TT213:ResMes,Cryo — cavity valves/temps/pressures
4820,CMB03-CRYO,LINB-CMB03-TT213:TempMes,Cryo — cavity valves/temps/pressures
4820,CMB03-CRYO,LINB-CMB03-TT214:ResMes,Cryo — cavity valves/temps/pressures
4820,CMB03-CRYO,LINB-CMB03-TT214:TempMes,Cryo — cavity valves/temps/pressures
4820,CMB03-CRYO,LINB-CMB03-TT215:ResMes,Cryo — cavity valves/temps/pressures
4820,CMB03-CRYO,LINB-CMB03-TT215:TempMes,Cryo — cavity valves/temps/pressures
4820,CMB03-CRYO,LINB-CMB03-TTCAV:ConsGlissante,Cryo — cavity valves/temps/pressures
4820,CMB03-CRYO,LINB-CMB03-VI01:State,Cryo — cavity valves/temps/pressures
4820,CMB03-CRYO,LINB-CMB03-VI02:State,Cryo — cavity valves/temps/pressures
4820,CMB03-CRYO,PLC-CRYO-CMB03:IsAlive,Cryo — cavity valves/temps/pressures
4820,CMB03-CRYO,TRIG-ARCH-CRYO-CMB03:LinacEnable.RVAL,Cryo — cavity valves/temps/pressures
4820,CMB04-CRYO,TRIG-ARCH-CRYO-CMB04:LinacEnable.RVAL,Cryo — cavity valves/temps/pressures
4820,CMB04-CRYO,LINB-CMB04-CH108:Cons,Cryo — cavity valves/temps/pressures
4820,CMB04-CRYO,LINB-CMB04-CH108:Val,Cryo — cavity valves/temps/pressures
4820,CMB04-CRYO,LINB-CMB04-CH109:Cons,Cryo — cavity valves/temps/pressures
4820,CMB04-CRYO,LINB-CMB04-CH109:Val,Cryo — cavity valves/temps/pressures
4820,CMB04-CRYO,LINB-CMB04-CH118:Cons,Cryo — cavity valves/temps/pressures
4820,CMB04-CRYO,LINB-CMB04-CH118:Val,Cryo — cavity valves/temps/pressures
4820,CMB04-CRYO,LINB-CMB04-CH119:Cons,Cryo — cavity valves/temps/pressures
4820,CMB04-CRYO,LINB-CMB04-CH119:Val,Cryo — cavity valves/temps/pressures
4820,CMB04-CRYO,LINB-CMB04-ETAT:IndicState,Cryo — cavity valves/temps/pressures
4820,CMB04-CRYO,LINB-CMB04-FCV001:ACons,Cryo — cavity valves/temps/pressures
4820,CMB04-CRYO,LINB-CMB04-FCV001:Cons,Cryo — cavity valves/temps/pressures
4820,CMB04-CRYO,LINB-CMB04-FCV001:CSlopeCons,Cryo — cavity valves/temps/pressures
4820,CMB04-CRYO,LINB-CMB04-FCV001:OpenAct,Cryo — cavity valves/temps/pressures
4820,CMB04-CRYO,LINB-CMB04-FCV001:OSlopeCons,Cryo — cavity valves/temps/pressures
4820,CMB04-CRYO,LINB-CMB04-FCV002:ACons,Cryo — cavity valves/temps/pressures
4820,CMB04-CRYO,LINB-CMB04-FCV002:Cons,Cryo — cavity valves/temps/pressures
4820,CMB04-CRYO,LINB-CMB04-FCV002:CSlopeCons,Cryo — cavity valves/temps/pressures
4820,CMB04-CRYO,LINB-CMB04-FCV002:DCons,Cryo — cavity valves/temps/pressures
4820,CMB04-CRYO,LINB-CMB04-FCV002:ICons,Cryo — cavity valves/temps/pressures
4820,CMB04-CRYO,LINB-CMB04-FCV002:OpenAct,Cryo — cavity valves/temps/pressures
4820,CMB04-CRYO,LINB-CMB04-FCV002:OSlopeCons,Cryo — cavity valves/temps/pressures
4820,CMB04-CRYO,LINB-CMB04-FCV002:PCons,Cryo — cavity valves/temps/pressures
4820,CMB04-CRYO,LINB-CMB04-FCV005:ACons,Cryo — cavity valves/temps/pressures
4820,CMB04-CRYO,LINB-CMB04-FCV005:Cons,Cryo — cavity valves/temps/pressures
4820,CMB04-CRYO,LINB-CMB04-FCV005:CSlopeCons,Cryo — cavity valves/temps/pressures
4820,CMB04-CRYO,LINB-CMB04-FCV005:DCons,Cryo — cavity valves/temps/pressures
4820,CMB04-CRYO,LINB-CMB04-FCV005:ICons,Cryo — cavity valves/temps/pressures
4820,CMB04-CRYO,LINB-CMB04-FCV005:OpenAct,Cryo — cavity valves/temps/pressures
4820,CMB04-CRYO,LINB-CMB04-FCV005:OSlopeCons,Cryo — cavity valves/temps/pressures
4820,CMB04-CRYO,LINB-CMB04-FCV005:PCons,Cryo — cavity valves/temps/pressures
4820,CMB04-CRYO,LINB-CMB04-FCV010:ACons,Cryo — cavity valves/temps/pressures
4820,CMB04-CRYO,LINB-CMB04-FCV010:Cons,Cryo — cavity valves/temps/pressures
4820,CMB04-CRYO,LINB-CMB04-FCV010:CSlopeCons,Cryo — cavity valves/temps/pressures
4820,CMB04-CRYO,LINB-CMB04-FCV010:DCons,Cryo — cavity valves/temps/pressures
4820,CMB04-CRYO,LINB-CMB04-FCV010:ICons,Cryo — cavity valves/temps/pressures
4820,CMB04-CRYO,LINB-CMB04-FCV010:OpenAct,Cryo — cavity valves/temps/pressures
4820,CMB04-CRYO,LINB-CMB04-FCV010:OSlopeCons,Cryo — cavity valves/temps/pressures
4820,CMB04-CRYO,LINB-CMB04-FCV010:PCons,Cryo — cavity valves/temps/pressures
4820,CMB04-CRYO,LINB-CMB04-FV005:ClosingCmd,Cryo — cavity valves/temps/pressures
4820,CMB04-CRYO,LINB-CMB04-FV005:Defect,Cryo — cavity valves/temps/pressures
4820,CMB04-CRYO,LINB-CMB04-FV005:OpeningCmd,Cryo — cavity valves/temps/pressures
4820,CMB04-CRYO,LINB-CMB04-FV005:State,Cryo — cavity valves/temps/pressures
4820,CMB04-CRYO,LINB-CMB04-FV010:ClosingCmd,Cryo — cavity valves/temps/pressures
4820,CMB04-CRYO,LINB-CMB04-FV010:Defect,Cryo — cavity valves/temps/pressures
4820,CMB04-CRYO,LINB-CMB04-FV010:OpeningCmd,Cryo — cavity valves/temps/pressures
4820,CMB04-CRYO,LINB-CMB04-FV010:State,Cryo — cavity valves/temps/pressures
4820,CMB04-CRYO,LINB-CMB04-FV011:ClosingCmd,Cryo — cavity valves/temps/pressures
4820,CMB04-CRYO,LINB-CMB04-FV011:Defect,Cryo — cavity valves/temps/pressures
4820,CMB04-CRYO,LINB-CMB04-FV011:OpeningCmd,Cryo — cavity valves/temps/pressures
4820,CMB04-CRYO,LINB-CMB04-FV011:State,Cryo — cavity valves/temps/pressures
4820,CMB04-CRYO,LINB-CMB04-FV020:ClosingCmd,Cryo — cavity valves/temps/pressures
4820,CMB04-CRYO,LINB-CMB04-FV020:Defect,Cryo — cavity valves/temps/pressures
4820,CMB04-CRYO,LINB-CMB04-FV020:OpeningCmd,Cryo — cavity valves/temps/pressures
4820,CMB04-CRYO,LINB-CMB04-FV020:State,Cryo — cavity valves/temps/pressures
4820,CMB04-CRYO,LINB-CMB04-FV120V:ClosingCmd,Cryo — cavity valves/temps/pressures
4820,CMB04-CRYO,LINB-CMB04-FV120V:Defect,Cryo — cavity valves/temps/pressures
4820,CMB04-CRYO,LINB-CMB04-FV120V:OpeningCmd,Cryo — cavity valves/temps/pressures
4820,CMB04-CRYO,LINB-CMB04-FV120V:State,Cryo — cavity valves/temps/pressures
4820,CMB04-CRYO,LINB-CMB04-LQ:Num,Cryo — cavity valves/temps/pressures
4820,CMB04-CRYO,LINB-CMB04-LT200:LevelMes,Cryo — cavity valves/temps/pressures
4820,CMB04-CRYO,LINB-CMB04-OBSCHARGE01:ChargeEstime,Cryo — cavity valves/temps/pressures
4820,CMB04-CRYO,LINB-CMB04-OBSCHARGE01:DebitEntree,Cryo — cavity valves/temps/pressures
4820,CMB04-CRYO,LINB-CMB04-OBSCHARGE01:DebitSortie,Cryo — cavity valves/temps/pressures
4820,CMB04-CRYO,LINB-CMB04-OBSCHARGE01:Densite,Cryo — cavity valves/temps/pressures
4820,CMB04-CRYO,LINB-CMB04-OBSCHARGE01:EnergieInterne,Cryo — cavity valves/temps/pressures
4820,CMB04-CRYO,LINB-CMB04-OBSCHARGE01:NumeroMatrice,Cryo — cavity valves/temps/pressures
4820,CMB04-CRYO,LINB-CMB04-OBSCHARGE02:ChargeEstime,Cryo — cavity valves/temps/pressures
4820,CMB04-CRYO,LINB-CMB04-OBSCHARGE02:DebitEntree,Cryo — cavity valves/temps/pressures
4820,CMB04-CRYO,LINB-CMB04-OBSCHARGE02:DebitSortie,Cryo — cavity valves/temps/pressures
4820,CMB04-CRYO,LINB-CMB04-OBSCHARGE02:Densite,Cryo — cavity valves/temps/pressures
4820,CMB04-CRYO,LINB-CMB04-OBSCHARGE02:EnergieInterne,Cryo — cavity valves/temps/pressures
4820,CMB04-CRYO,LINB-CMB04-OBSCHARGE02:NumeroMatrice,Cryo — cavity valves/temps/pressures
4820,CMB04-CRYO,LINB-CMB04-PLC:Qd_count_Cavite1,Cryo — cavity valves/temps/pressures
4820,CMB04-CRYO,LINB-CMB04-PLC:Qd_count_Cavite2,Cryo — cavity valves/temps/pressures
4820,CMB04-CRYO,LINB-CMB04-PT001:PMes,Cryo — cavity valves/temps/pressures
4820,CMB04-CRYO,LINB-CMB04-PT010:PMes,Cryo — cavity valves/temps/pressures
4820,CMB04-CRYO,LINB-CMB04-PT120:PMes,Cryo — cavity valves/temps/pressures
4820,CMB04-CRYO,LINB-CMB04-PTRES001:PTempMes,Cryo — cavity valves/temps/pressures
4820,CMB04-CRYO,LINB-CMB04-TT001:ResMes,Cryo — cavity valves/temps/pressures
4820,CMB04-CRYO,LINB-CMB04-TT001:TempMes,Cryo — cavity valves/temps/pressures
4820,CMB04-CRYO,LINB-CMB04-TT005:ResMes,Cryo — cavity valves/temps/pressures
4820,CMB04-CRYO,LINB-CMB04-TT005:TempMes,Cryo — cavity valves/temps/pressures
4820,CMB04-CRYO,LINB-CMB04-TT010:ResMes,Cryo — cavity valves/temps/pressures
4820,CMB04-CRYO,LINB-CMB04-TT010:TempMes,Cryo — cavity valves/temps/pressures
4820,CMB04-CRYO,LINB-CMB04-TT011:ResMes,Cryo — cavity valves/temps/pressures
4820,CMB04-CRYO,LINB-CMB04-TT011:TempMes,Cryo — cavity valves/temps/pressures
4820,CMB04-CRYO,LINB-CMB04-TT015:ResMes,Cryo — cavity valves/temps/pressures
4820,CMB04-CRYO,LINB-CMB04-TT015:TempMes,Cryo — cavity valves/temps/pressures
4820,CMB04-CRYO,LINB-CMB04-TT100:ResMes,Cryo — cavity valves/temps/pressures
4820,CMB04-CRYO,LINB-CMB04-TT100:TempMes,Cryo — cavity valves/temps/pressures
4820,CMB04-CRYO,LINB-CMB04-TT101:ResMes,Cryo — cavity valves/temps/pressures
4820,CMB04-CRYO,LINB-CMB04-TT101:TempMes,Cryo — cavity valves/temps/pressures
4820,CMB04-CRYO,LINB-CMB04-TT102:ResMes,Cryo — cavity valves/temps/pressures
4820,CMB04-CRYO,LINB-CMB04-TT102:TempMes,Cryo — cavity valves/temps/pressures
4820,CMB04-CRYO,LINB-CMB04-TT103:ResMes,Cryo — cavity valves/temps/pressures
4820,CMB04-CRYO,LINB-CMB04-TT103:TempMes,Cryo — cavity valves/temps/pressures
4820,CMB04-CRYO,LINB-CMB04-TT104:ResMes,Cryo — cavity valves/temps/pressures
4820,CMB04-CRYO,LINB-CMB04-TT104:TempMes,Cryo — cavity valves/temps/pressures
4820,CMB04-CRYO,LINB-CMB04-TT105:ResMes,Cryo — cavity valves/temps/pressures
4820,CMB04-CRYO,LINB-CMB04-TT105:TempMes,Cryo — cavity valves/temps/pressures
4820,CMB04-CRYO,LINB-CMB04-TT106:ResMes,Cryo — cavity valves/temps/pressures
4820,CMB04-CRYO,LINB-CMB04-TT106:TempMes,Cryo — cavity valves/temps/pressures
4820,CMB04-CRYO,LINB-CMB04-TT108:Defect,Cryo — cavity valves/temps/pressures
4820,CMB04-CRYO,LINB-CMB04-TT108:ResMes,Cryo — cavity valves/temps/pressures
4820,CMB04-CRYO,LINB-CMB04-TT108:TempMes,Cryo — cavity valves/temps/pressures
4820,CMB04-CRYO,LINB-CMB04-TT109N:Defect,Cryo — cavity valves/temps/pressures
4820,CMB04-CRYO,LINB-CMB04-TT109N:ResMes,Cryo — cavity valves/temps/pressures
4820,CMB04-CRYO,LINB-CMB04-TT109N:TempMes,Cryo — cavity valves/temps/pressures
4820,CMB04-CRYO,LINB-CMB04-TT109S:Defect,Cryo — cavity valves/temps/pressures
4820,CMB04-CRYO,LINB-CMB04-TT109S:ResMes,Cryo — cavity valves/temps/pressures
4820,CMB04-CRYO,LINB-CMB04-TT109S:TempMes,Cryo — cavity valves/temps/pressures
4820,CMB04-CRYO,LINB-CMB04-TT111:ResMes,Cryo — cavity valves/temps/pressures
4820,CMB04-CRYO,LINB-CMB04-TT111:TempMes,Cryo — cavity valves/temps/pressures
4820,CMB04-CRYO,LINB-CMB04-TT112:ResMes,Cryo — cavity valves/temps/pressures
4820,CMB04-CRYO,LINB-CMB04-TT112:TempMes,Cryo — cavity valves/temps/pressures
4820,CMB04-CRYO,LINB-CMB04-TT113:ResMes,Cryo — cavity valves/temps/pressures
4820,CMB04-CRYO,LINB-CMB04-TT113:TempMes,Cryo — cavity valves/temps/pressures
4820,CMB04-CRYO,LINB-CMB04-TT115:ResMes,Cryo — cavity valves/temps/pressures
4820,CMB04-CRYO,LINB-CMB04-TT115:TempMes,Cryo — cavity valves/temps/pressures
4820,CMB04-CRYO,LINB-CMB04-TT116:ResMes,Cryo — cavity valves/temps/pressures
4820,CMB04-CRYO,LINB-CMB04-TT116:TempMes,Cryo — cavity valves/temps/pressures
4820,CMB04-CRYO,LINB-CMB04-TT118:Defect,Cryo — cavity valves/temps/pressures
4820,CMB04-CRYO,LINB-CMB04-TT118:ResMes,Cryo — cavity valves/temps/pressures
4820,CMB04-CRYO,LINB-CMB04-TT118:TempMes,Cryo — cavity valves/temps/pressures
4820,CMB04-CRYO,LINB-CMB04-TT119N:Defect,Cryo — cavity valves/temps/pressures
4820,CMB04-CRYO,LINB-CMB04-TT119N:ResMes,Cryo — cavity valves/temps/pressures
4820,CMB04-CRYO,LINB-CMB04-TT119N:TempMes,Cryo — cavity valves/temps/pressures
4820,CMB04-CRYO,LINB-CMB04-TT119S:Defect,Cryo — cavity valves/temps/pressures
4820,CMB04-CRYO,LINB-CMB04-TT119S:ResMes,Cryo — cavity valves/temps/pressures
4820,CMB04-CRYO,LINB-CMB04-TT119S:TempMes,Cryo — cavity valves/temps/pressures
4820,CMB04-CRYO,LINB-CMB04-TT200:ResMes,Cryo — cavity valves/temps/pressures
4820,CMB04-CRYO,LINB-CMB04-TT200:TempMes,Cryo — cavity valves/temps/pressures
4820,CMB04-CRYO,LINB-CMB04-TT201:ResMes,Cryo — cavity valves/temps/pressures
4820,CMB04-CRYO,LINB-CMB04-TT201:TempMes,Cryo — cavity valves/temps/pressures
4820,CMB04-CRYO,LINB-CMB04-TT202:ResMes,Cryo — cavity valves/temps/pressures
4820,CMB04-CRYO,LINB-CMB04-TT202:TempMes,Cryo — cavity valves/temps/pressures
4820,CMB04-CRYO,LINB-CMB04-TT203:ResMes,Cryo — cavity valves/temps/pressures
4820,CMB04-CRYO,LINB-CMB04-TT203:TempMes,Cryo — cavity valves/temps/pressures
4820,CMB04-CRYO,LINB-CMB04-TT204:ResMes,Cryo — cavity valves/temps/pressures
4820,CMB04-CRYO,LINB-CMB04-TT204:TempMes,Cryo — cavity valves/temps/pressures
4820,CMB04-CRYO,LINB-CMB04-TT205:ResMes,Cryo — cavity valves/temps/pressures
4820,CMB04-CRYO,LINB-CMB04-TT205:TempMes,Cryo — cavity valves/temps/pressures
4820,CMB04-CRYO,LINB-CMB04-TT212:ResMes,Cryo — cavity valves/temps/pressures
4820,CMB04-CRYO,LINB-CMB04-TT212:TempMes,Cryo — cavity valves/temps/pressures
4820,CMB04-CRYO,LINB-CMB04-TT213:ResMes,Cryo — cavity valves/temps/pressures
4820,CMB04-CRYO,LINB-CMB04-TT213:TempMes,Cryo — cavity valves/temps/pressures
4820,CMB04-CRYO,LINB-CMB04-TT214:ResMes,Cryo — cavity valves/temps/pressures
4820,CMB04-CRYO,LINB-CMB04-TT214:TempMes,Cryo — cavity valves/temps/pressures
4820,CMB04-CRYO,LINB-CMB04-TT215:ResMes,Cryo — cavity valves/temps/pressures
4820,CMB04-CRYO,LINB-CMB04-TT215:TempMes,Cryo — cavity valves/temps/pressures
4820,CMB04-CRYO,LINB-CMB04-TTCAV:ConsGlissante,Cryo — cavity valves/temps/pressures
4820,CMB04-CRYO,LINB-CMB04-VI01:State,Cryo — cavity valves/temps/pressures
4820,CMB04-CRYO,LINB-CMB04-VI02:State,Cryo — cavity valves/temps/pressures
4820,CMB04-CRYO,PLC-CRYO-CMB04:IsAlive,Cryo — cavity valves/temps/pressures
4820,CMB04-CRYO,TRIG-ARCH-CRYO-CMB04:LinacEnable.RVAL,Cryo — cavity valves/temps/pressures
4820,CMB05-CRYO,TRIG-ARCH-CRYO-CMB05:LinacEnable.RVAL,Cryo — cavity valves/temps/pressures
4820,CMB05-CRYO,LINB-CMB05-CH108:Cons,Cryo — cavity valves/temps/pressures
4820,CMB05-CRYO,LINB-CMB05-CH108:Val,Cryo — cavity valves/temps/pressures
4820,CMB05-CRYO,LINB-CMB05-CH109:Cons,Cryo — cavity valves/temps/pressures
4820,CMB05-CRYO,LINB-CMB05-CH109:Val,Cryo — cavity valves/temps/pressures
4820,CMB05-CRYO,LINB-CMB05-CH118:Cons,Cryo — cavity valves/temps/pressures
4820,CMB05-CRYO,LINB-CMB05-CH118:Val,Cryo — cavity valves/temps/pressures
4820,CMB05-CRYO,LINB-CMB05-CH119:Cons,Cryo — cavity valves/temps/pressures
4820,CMB05-CRYO,LINB-CMB05-CH119:Val,Cryo — cavity valves/temps/pressures
4820,CMB05-CRYO,LINB-CMB05-ETAT:IndicState,Cryo — cavity valves/temps/pressures
4820,CMB05-CRYO,LINB-CMB05-FCV001:ACons,Cryo — cavity valves/temps/pressures
4820,CMB05-CRYO,LINB-CMB05-FCV001:Cons,Cryo — cavity valves/temps/pressures
4820,CMB05-CRYO,LINB-CMB05-FCV001:CSlopeCons,Cryo — cavity valves/temps/pressures
4820,CMB05-CRYO,LINB-CMB05-FCV001:OpenAct,Cryo — cavity valves/temps/pressures
4820,CMB05-CRYO,LINB-CMB05-FCV001:OSlopeCons,Cryo — cavity valves/temps/pressures
4820,CMB05-CRYO,LINB-CMB05-FCV002:ACons,Cryo — cavity valves/temps/pressures
4820,CMB05-CRYO,LINB-CMB05-FCV002:Cons,Cryo — cavity valves/temps/pressures
4820,CMB05-CRYO,LINB-CMB05-FCV002:CSlopeCons,Cryo — cavity valves/temps/pressures
4820,CMB05-CRYO,LINB-CMB05-FCV002:DCons,Cryo — cavity valves/temps/pressures
4820,CMB05-CRYO,LINB-CMB05-FCV002:ICons,Cryo — cavity valves/temps/pressures
4820,CMB05-CRYO,LINB-CMB05-FCV002:OpenAct,Cryo — cavity valves/temps/pressures
4820,CMB05-CRYO,LINB-CMB05-FCV002:OSlopeCons,Cryo — cavity valves/temps/pressures
4820,CMB05-CRYO,LINB-CMB05-FCV002:PCons,Cryo — cavity valves/temps/pressures
4820,CMB05-CRYO,LINB-CMB05-FCV005:ACons,Cryo — cavity valves/temps/pressures
4820,CMB05-CRYO,LINB-CMB05-FCV005:Cons,Cryo — cavity valves/temps/pressures
4820,CMB05-CRYO,LINB-CMB05-FCV005:CSlopeCons,Cryo — cavity valves/temps/pressures
4820,CMB05-CRYO,LINB-CMB05-FCV005:DCons,Cryo — cavity valves/temps/pressures
4820,CMB05-CRYO,LINB-CMB05-FCV005:ICons,Cryo — cavity valves/temps/pressures
4820,CMB05-CRYO,LINB-CMB05-FCV005:OpenAct,Cryo — cavity valves/temps/pressures
4820,CMB05-CRYO,LINB-CMB05-FCV005:OSlopeCons,Cryo — cavity valves/temps/pressures
4820,CMB05-CRYO,LINB-CMB05-FCV005:PCons,Cryo — cavity valves/temps/pressures
4820,CMB05-CRYO,LINB-CMB05-FCV010:ACons,Cryo — cavity valves/temps/pressures
4820,CMB05-CRYO,LINB-CMB05-FCV010:Cons,Cryo — cavity valves/temps/pressures
4820,CMB05-CRYO,LINB-CMB05-FCV010:CSlopeCons,Cryo — cavity valves/temps/pressures
4820,CMB05-CRYO,LINB-CMB05-FCV010:DCons,Cryo — cavity valves/temps/pressures
4820,CMB05-CRYO,LINB-CMB05-FCV010:ICons,Cryo — cavity valves/temps/pressures
4820,CMB05-CRYO,LINB-CMB05-FCV010:OpenAct,Cryo — cavity valves/temps/pressures
4820,CMB05-CRYO,LINB-CMB05-FCV010:OSlopeCons,Cryo — cavity valves/temps/pressures
4820,CMB05-CRYO,LINB-CMB05-FCV010:PCons,Cryo — cavity valves/temps/pressures
4820,CMB05-CRYO,LINB-CMB05-FV005:ClosingCmd,Cryo — cavity valves/temps/pressures
4820,CMB05-CRYO,LINB-CMB05-FV005:Defect,Cryo — cavity valves/temps/pressures
4820,CMB05-CRYO,LINB-CMB05-FV005:OpeningCmd,Cryo — cavity valves/temps/pressures
4820,CMB05-CRYO,LINB-CMB05-FV005:State,Cryo — cavity valves/temps/pressures
4820,CMB05-CRYO,LINB-CMB05-FV010:ClosingCmd,Cryo — cavity valves/temps/pressures
4820,CMB05-CRYO,LINB-CMB05-FV010:Defect,Cryo — cavity valves/temps/pressures
4820,CMB05-CRYO,LINB-CMB05-FV010:OpeningCmd,Cryo — cavity valves/temps/pressures
4820,CMB05-CRYO,LINB-CMB05-FV010:State,Cryo — cavity valves/temps/pressures
4820,CMB05-CRYO,LINB-CMB05-FV011:ClosingCmd,Cryo — cavity valves/temps/pressures
4820,CMB05-CRYO,LINB-CMB05-FV011:Defect,Cryo — cavity valves/temps/pressures
4820,CMB05-CRYO,LINB-CMB05-FV011:OpeningCmd,Cryo — cavity valves/temps/pressures
4820,CMB05-CRYO,LINB-CMB05-FV011:State,Cryo — cavity valves/temps/pressures
4820,CMB05-CRYO,LINB-CMB05-FV020:ClosingCmd,Cryo — cavity valves/temps/pressures
4820,CMB05-CRYO,LINB-CMB05-FV020:Defect,Cryo — cavity valves/temps/pressures
4820,CMB05-CRYO,LINB-CMB05-FV020:OpeningCmd,Cryo — cavity valves/temps/pressures
4820,CMB05-CRYO,LINB-CMB05-FV020:State,Cryo — cavity valves/temps/pressures
4820,CMB05-CRYO,LINB-CMB05-FV120V:ClosingCmd,Cryo — cavity valves/temps/pressures
4820,CMB05-CRYO,LINB-CMB05-FV120V:Defect,Cryo — cavity valves/temps/pressures
4820,CMB05-CRYO,LINB-CMB05-FV120V:OpeningCmd,Cryo — cavity valves/temps/pressures
4820,CMB05-CRYO,LINB-CMB05-FV120V:State,Cryo — cavity valves/temps/pressures
4820,CMB05-CRYO,LINB-CMB05-LQ:Num,Cryo — cavity valves/temps/pressures
4820,CMB05-CRYO,LINB-CMB05-LT200:LevelMes,Cryo — cavity valves/temps/pressures
4820,CMB05-CRYO,LINB-CMB05-OBSCHARGE01:ChargeEstime,Cryo — cavity valves/temps/pressures
4820,CMB05-CRYO,LINB-CMB05-OBSCHARGE01:DebitEntree,Cryo — cavity valves/temps/pressures
4820,CMB05-CRYO,LINB-CMB05-OBSCHARGE01:DebitSortie,Cryo — cavity valves/temps/pressures
4820,CMB05-CRYO,LINB-CMB05-OBSCHARGE01:Densite,Cryo — cavity valves/temps/pressures
4820,CMB05-CRYO,LINB-CMB05-OBSCHARGE01:EnergieInterne,Cryo — cavity valves/temps/pressures
4820,CMB05-CRYO,LINB-CMB05-OBSCHARGE01:NumeroMatrice,Cryo — cavity valves/temps/pressures
4820,CMB05-CRYO,LINB-CMB05-OBSCHARGE02:ChargeEstime,Cryo — cavity valves/temps/pressures
4820,CMB05-CRYO,LINB-CMB05-OBSCHARGE02:DebitEntree,Cryo — cavity valves/temps/pressures
4820,CMB05-CRYO,LINB-CMB05-OBSCHARGE02:DebitSortie,Cryo — cavity valves/temps/pressures
4820,CMB05-CRYO,LINB-CMB05-OBSCHARGE02:Densite,Cryo — cavity valves/temps/pressures
4820,CMB05-CRYO,LINB-CMB05-OBSCHARGE02:EnergieInterne,Cryo — cavity valves/temps/pressures
4820,CMB05-CRYO,LINB-CMB05-OBSCHARGE02:NumeroMatrice,Cryo — cavity valves/temps/pressures
4820,CMB05-CRYO,LINB-CMB05-PLC:Qd_count_Cavite1,Cryo — cavity valves/temps/pressures
4820,CMB05-CRYO,LINB-CMB05-PLC:Qd_count_Cavite2,Cryo — cavity valves/temps/pressures
4820,CMB05-CRYO,LINB-CMB05-PT001:PMes,Cryo — cavity valves/temps/pressures
4820,CMB05-CRYO,LINB-CMB05-PT010:PMes,Cryo — cavity valves/temps/pressures
4820,CMB05-CRYO,LINB-CMB05-PT120:PMes,Cryo — cavity valves/temps/pressures
4820,CMB05-CRYO,LINB-CMB05-PTRES001:PTempMes,Cryo — cavity valves/temps/pressures
4820,CMB05-CRYO,LINB-CMB05-TT001:ResMes,Cryo — cavity valves/temps/pressures
4820,CMB05-CRYO,LINB-CMB05-TT001:TempMes,Cryo — cavity valves/temps/pressures
4820,CMB05-CRYO,LINB-CMB05-TT005:ResMes,Cryo — cavity valves/temps/pressures
4820,CMB05-CRYO,LINB-CMB05-TT005:TempMes,Cryo — cavity valves/temps/pressures
4820,CMB05-CRYO,LINB-CMB05-TT010:ResMes,Cryo — cavity valves/temps/pressures
4820,CMB05-CRYO,LINB-CMB05-TT010:TempMes,Cryo — cavity valves/temps/pressures
4820,CMB05-CRYO,LINB-CMB05-TT011:ResMes,Cryo — cavity valves/temps/pressures
4820,CMB05-CRYO,LINB-CMB05-TT011:TempMes,Cryo — cavity valves/temps/pressures
4820,CMB05-CRYO,LINB-CMB05-TT015:ResMes,Cryo — cavity valves/temps/pressures
4820,CMB05-CRYO,LINB-CMB05-TT015:TempMes,Cryo — cavity valves/temps/pressures
4820,CMB05-CRYO,LINB-CMB05-TT100:ResMes,Cryo — cavity valves/temps/pressures
4820,CMB05-CRYO,LINB-CMB05-TT100:TempMes,Cryo — cavity valves/temps/pressures
4820,CMB05-CRYO,LINB-CMB05-TT101:ResMes,Cryo — cavity valves/temps/pressures
4820,CMB05-CRYO,LINB-CMB05-TT101:TempMes,Cryo — cavity valves/temps/pressures
4820,CMB05-CRYO,LINB-CMB05-TT102:ResMes,Cryo — cavity valves/temps/pressures
4820,CMB05-CRYO,LINB-CMB05-TT102:TempMes,Cryo — cavity valves/temps/pressures
4820,CMB05-CRYO,LINB-CMB05-TT103:ResMes,Cryo — cavity valves/temps/pressures
4820,CMB05-CRYO,LINB-CMB05-TT103:TempMes,Cryo — cavity valves/temps/pressures
4820,CMB05-CRYO,LINB-CMB05-TT104:ResMes,Cryo — cavity valves/temps/pressures
4820,CMB05-CRYO,LINB-CMB05-TT104:TempMes,Cryo — cavity valves/temps/pressures
4820,CMB05-CRYO,LINB-CMB05-TT105:ResMes,Cryo — cavity valves/temps/pressures
4820,CMB05-CRYO,LINB-CMB05-TT105:TempMes,Cryo — cavity valves/temps/pressures
4820,CMB05-CRYO,LINB-CMB05-TT106:ResMes,Cryo — cavity valves/temps/pressures
4820,CMB05-CRYO,LINB-CMB05-TT106:TempMes,Cryo — cavity valves/temps/pressures
4820,CMB05-CRYO,LINB-CMB05-TT108:Defect,Cryo — cavity valves/temps/pressures
4820,CMB05-CRYO,LINB-CMB05-TT108:ResMes,Cryo — cavity valves/temps/pressures
4820,CMB05-CRYO,LINB-CMB05-TT108:TempMes,Cryo — cavity valves/temps/pressures
4820,CMB05-CRYO,LINB-CMB05-TT109N:Defect,Cryo — cavity valves/temps/pressures
4820,CMB05-CRYO,LINB-CMB05-TT109N:ResMes,Cryo — cavity valves/temps/pressures
4820,CMB05-CRYO,LINB-CMB05-TT109N:TempMes,Cryo — cavity valves/temps/pressures
4820,CMB05-CRYO,LINB-CMB05-TT109S:Defect,Cryo — cavity valves/temps/pressures
4820,CMB05-CRYO,LINB-CMB05-TT109S:ResMes,Cryo — cavity valves/temps/pressures
4820,CMB05-CRYO,LINB-CMB05-TT109S:TempMes,Cryo — cavity valves/temps/pressures
4820,CMB05-CRYO,LINB-CMB05-TT111:ResMes,Cryo — cavity valves/temps/pressures
4820,CMB05-CRYO,LINB-CMB05-TT111:TempMes,Cryo — cavity valves/temps/pressures
4820,CMB05-CRYO,LINB-CMB05-TT112:ResMes,Cryo — cavity valves/temps/pressures
4820,CMB05-CRYO,LINB-CMB05-TT112:TempMes,Cryo — cavity valves/temps/pressures
4820,CMB05-CRYO,LINB-CMB05-TT113:ResMes,Cryo — cavity valves/temps/pressures
4820,CMB05-CRYO,LINB-CMB05-TT113:TempMes,Cryo — cavity valves/temps/pressures
4820,CMB05-CRYO,LINB-CMB05-TT115:ResMes,Cryo — cavity valves/temps/pressures
4820,CMB05-CRYO,LINB-CMB05-TT115:TempMes,Cryo — cavity valves/temps/pressures
4820,CMB05-CRYO,LINB-CMB05-TT116:ResMes,Cryo — cavity valves/temps/pressures
4820,CMB05-CRYO,LINB-CMB05-TT116:TempMes,Cryo — cavity valves/temps/pressures
4820,CMB05-CRYO,LINB-CMB05-TT118:Defect,Cryo — cavity valves/temps/pressures
4820,CMB05-CRYO,LINB-CMB05-TT118:ResMes,Cryo — cavity valves/temps/pressures
4820,CMB05-CRYO,LINB-CMB05-TT118:TempMes,Cryo — cavity valves/temps/pressures
4820,CMB05-CRYO,LINB-CMB05-TT119N:Defect,Cryo — cavity valves/temps/pressures
4820,CMB05-CRYO,LINB-CMB05-TT119N:ResMes,Cryo — cavity valves/temps/pressures
4820,CMB05-CRYO,LINB-CMB05-TT119N:TempMes,Cryo — cavity valves/temps/pressures
4820,CMB05-CRYO,LINB-CMB05-TT119S:Defect,Cryo — cavity valves/temps/pressures
4820,CMB05-CRYO,LINB-CMB05-TT119S:ResMes,Cryo — cavity valves/temps/pressures
4820,CMB05-CRYO,LINB-CMB05-TT119S:TempMes,Cryo — cavity valves/temps/pressures
4820,CMB05-CRYO,LINB-CMB05-TT200:ResMes,Cryo — cavity valves/temps/pressures
4820,CMB05-CRYO,LINB-CMB05-TT200:TempMes,Cryo — cavity valves/temps/pressures
4820,CMB05-CRYO,LINB-CMB05-TT201:ResMes,Cryo — cavity valves/temps/pressures
4820,CMB05-CRYO,LINB-CMB05-TT201:TempMes,Cryo — cavity valves/temps/pressures
4820,CMB05-CRYO,LINB-CMB05-TT202:ResMes,Cryo — cavity valves/temps/pressures
4820,CMB05-CRYO,LINB-CMB05-TT202:TempMes,Cryo — cavity valves/temps/pressures
4820,CMB05-CRYO,LINB-CMB05-TT203:ResMes,Cryo — cavity valves/temps/pressures
4820,CMB05-CRYO,LINB-CMB05-TT203:TempMes,Cryo — cavity valves/temps/pressures
4820,CMB05-CRYO,LINB-CMB05-TT204:ResMes,Cryo — cavity valves/temps/pressures
4820,CMB05-CRYO,LINB-CMB05-TT204:TempMes,Cryo — cavity valves/temps/pressures
4820,CMB05-CRYO,LINB-CMB05-TT205:ResMes,Cryo — cavity valves/temps/pressures
4820,CMB05-CRYO,LINB-CMB05-TT205:TempMes,Cryo — cavity valves/temps/pressures
4820,CMB05-CRYO,LINB-CMB05-TT212:ResMes,Cryo — cavity valves/temps/pressures
4820,CMB05-CRYO,LINB-CMB05-TT212:TempMes,Cryo — cavity valves/temps/pressures
4820,CMB05-CRYO,LINB-CMB05-TT213:ResMes,Cryo — cavity valves/temps/pressures
4820,CMB05-CRYO,LINB-CMB05-TT213:TempMes,Cryo — cavity valves/temps/pressures
4820,CMB05-CRYO,LINB-CMB05-TT214:ResMes,Cryo — cavity valves/temps/pressures
4820,CMB05-CRYO,LINB-CMB05-TT214:TempMes,Cryo — cavity valves/temps/pressures
4820,CMB05-CRYO,LINB-CMB05-TT215:ResMes,Cryo — cavity valves/temps/pressures
4820,CMB05-CRYO,LINB-CMB05-TT215:TempMes,Cryo — cavity valves/temps/pressures
4820,CMB05-CRYO,LINB-CMB05-TTCAV:ConsGlissante,Cryo — cavity valves/temps/pressures
4820,CMB05-CRYO,LINB-CMB05-VI01:State,Cryo — cavity valves/temps/pressures
4820,CMB05-CRYO,LINB-CMB05-VI02:State,Cryo — cavity valves/temps/pressures
4820,CMB05-CRYO,PLC-CRYO-CMB05:IsAlive,Cryo — cavity valves/temps/pressures
4820,CMB05-CRYO,TRIG-ARCH-CRYO-CMB05:LinacEnable.RVAL,Cryo — cavity valves/temps/pressures
4820,CMB06-CRYO,TRIG-ARCH-CRYO-CMB06:LinacEnable.RVAL,Cryo — cavity valves/temps/pressures
4820,CMB06-CRYO,LINB-CMB06-CH108:Cons,Cryo — cavity valves/temps/pressures
4820,CMB06-CRYO,LINB-CMB06-CH108:Val,Cryo — cavity valves/temps/pressures
4820,CMB06-CRYO,LINB-CMB06-CH109:Cons,Cryo — cavity valves/temps/pressures
4820,CMB06-CRYO,LINB-CMB06-CH109:Val,Cryo — cavity valves/temps/pressures
4820,CMB06-CRYO,LINB-CMB06-CH118:Cons,Cryo — cavity valves/temps/pressures
4820,CMB06-CRYO,LINB-CMB06-CH118:Val,Cryo — cavity valves/temps/pressures
4820,CMB06-CRYO,LINB-CMB06-CH119:Cons,Cryo — cavity valves/temps/pressures
4820,CMB06-CRYO,LINB-CMB06-CH119:Val,Cryo — cavity valves/temps/pressures
4820,CMB06-CRYO,LINB-CMB06-ETAT:IndicState,Cryo — cavity valves/temps/pressures
4820,CMB06-CRYO,LINB-CMB06-FCV001:ACons,Cryo — cavity valves/temps/pressures
4820,CMB06-CRYO,LINB-CMB06-FCV001:Cons,Cryo — cavity valves/temps/pressures
4820,CMB06-CRYO,LINB-CMB06-FCV001:CSlopeCons,Cryo — cavity valves/temps/pressures
4820,CMB06-CRYO,LINB-CMB06-FCV001:OpenAct,Cryo — cavity valves/temps/pressures
4820,CMB06-CRYO,LINB-CMB06-FCV001:OSlopeCons,Cryo — cavity valves/temps/pressures
4820,CMB06-CRYO,LINB-CMB06-FCV002:ACons,Cryo — cavity valves/temps/pressures
4820,CMB06-CRYO,LINB-CMB06-FCV002:Cons,Cryo — cavity valves/temps/pressures
4820,CMB06-CRYO,LINB-CMB06-FCV002:CSlopeCons,Cryo — cavity valves/temps/pressures
4820,CMB06-CRYO,LINB-CMB06-FCV002:DCons,Cryo — cavity valves/temps/pressures
4820,CMB06-CRYO,LINB-CMB06-FCV002:ICons,Cryo — cavity valves/temps/pressures
4820,CMB06-CRYO,LINB-CMB06-FCV002:OpenAct,Cryo — cavity valves/temps/pressures
4820,CMB06-CRYO,LINB-CMB06-FCV002:OSlopeCons,Cryo — cavity valves/temps/pressures
4820,CMB06-CRYO,LINB-CMB06-FCV002:PCons,Cryo — cavity valves/temps/pressures
4820,CMB06-CRYO,LINB-CMB06-FCV005:ACons,Cryo — cavity valves/temps/pressures
4820,CMB06-CRYO,LINB-CMB06-FCV005:Cons,Cryo — cavity valves/temps/pressures
4820,CMB06-CRYO,LINB-CMB06-FCV005:CSlopeCons,Cryo — cavity valves/temps/pressures
4820,CMB06-CRYO,LINB-CMB06-FCV005:DCons,Cryo — cavity valves/temps/pressures
4820,CMB06-CRYO,LINB-CMB06-FCV005:ICons,Cryo — cavity valves/temps/pressures
4820,CMB06-CRYO,LINB-CMB06-FCV005:OpenAct,Cryo — cavity valves/temps/pressures
4820,CMB06-CRYO,LINB-CMB06-FCV005:OSlopeCons,Cryo — cavity valves/temps/pressures
4820,CMB06-CRYO,LINB-CMB06-FCV005:PCons,Cryo — cavity valves/temps/pressures
4820,CMB06-CRYO,LINB-CMB06-FCV010:ACons,Cryo — cavity valves/temps/pressures
4820,CMB06-CRYO,LINB-CMB06-FCV010:Cons,Cryo — cavity valves/temps/pressures
4820,CMB06-CRYO,LINB-CMB06-FCV010:CSlopeCons,Cryo — cavity valves/temps/pressures
4820,CMB06-CRYO,LINB-CMB06-FCV010:DCons,Cryo — cavity valves/temps/pressures
4820,CMB06-CRYO,LINB-CMB06-FCV010:ICons,Cryo — cavity valves/temps/pressures
4820,CMB06-CRYO,LINB-CMB06-FCV010:OpenAct,Cryo — cavity valves/temps/pressures
4820,CMB06-CRYO,LINB-CMB06-FCV010:OSlopeCons,Cryo — cavity valves/temps/pressures
4820,CMB06-CRYO,LINB-CMB06-FCV010:PCons,Cryo — cavity valves/temps/pressures
4820,CMB06-CRYO,LINB-CMB06-FV005:ClosingCmd,Cryo — cavity valves/temps/pressures
4820,CMB06-CRYO,LINB-CMB06-FV005:Defect,Cryo — cavity valves/temps/pressures
4820,CMB06-CRYO,LINB-CMB06-FV005:OpeningCmd,Cryo — cavity valves/temps/pressures
4820,CMB06-CRYO,LINB-CMB06-FV005:State,Cryo — cavity valves/temps/pressures
4820,CMB06-CRYO,LINB-CMB06-FV010:ClosingCmd,Cryo — cavity valves/temps/pressures
4820,CMB06-CRYO,LINB-CMB06-FV010:Defect,Cryo — cavity valves/temps/pressures
4820,CMB06-CRYO,LINB-CMB06-FV010:OpeningCmd,Cryo — cavity valves/temps/pressures
4820,CMB06-CRYO,LINB-CMB06-FV010:State,Cryo — cavity valves/temps/pressures
4820,CMB06-CRYO,LINB-CMB06-FV011:ClosingCmd,Cryo — cavity valves/temps/pressures
4820,CMB06-CRYO,LINB-CMB06-FV011:Defect,Cryo — cavity valves/temps/pressures
4820,CMB06-CRYO,LINB-CMB06-FV011:OpeningCmd,Cryo — cavity valves/temps/pressures
4820,CMB06-CRYO,LINB-CMB06-FV011:State,Cryo — cavity valves/temps/pressures
4820,CMB06-CRYO,LINB-CMB06-FV020:ClosingCmd,Cryo — cavity valves/temps/pressures
4820,CMB06-CRYO,LINB-CMB06-FV020:Defect,Cryo — cavity valves/temps/pressures
4820,CMB06-CRYO,LINB-CMB06-FV020:OpeningCmd,Cryo — cavity valves/temps/pressures
4820,CMB06-CRYO,LINB-CMB06-FV020:State,Cryo — cavity valves/temps/pressures
4820,CMB06-CRYO,LINB-CMB06-FV120V:ClosingCmd,Cryo — cavity valves/temps/pressures
4820,CMB06-CRYO,LINB-CMB06-FV120V:Defect,Cryo — cavity valves/temps/pressures
4820,CMB06-CRYO,LINB-CMB06-FV120V:OpeningCmd,Cryo — cavity valves/temps/pressures
4820,CMB06-CRYO,LINB-CMB06-FV120V:State,Cryo — cavity valves/temps/pressures
4820,CMB06-CRYO,LINB-CMB06-LQ:Num,Cryo — cavity valves/temps/pressures
4820,CMB06-CRYO,LINB-CMB06-LT200:LevelMes,Cryo — cavity valves/temps/pressures
4820,CMB06-CRYO,LINB-CMB06-OBSCHARGE01:ChargeEstime,Cryo — cavity valves/temps/pressures
4820,CMB06-CRYO,LINB-CMB06-OBSCHARGE01:DebitEntree,Cryo — cavity valves/temps/pressures
4820,CMB06-CRYO,LINB-CMB06-OBSCHARGE01:DebitSortie,Cryo — cavity valves/temps/pressures
4820,CMB06-CRYO,LINB-CMB06-OBSCHARGE01:Densite,Cryo — cavity valves/temps/pressures
4820,CMB06-CRYO,LINB-CMB06-OBSCHARGE01:EnergieInterne,Cryo — cavity valves/temps/pressures
4820,CMB06-CRYO,LINB-CMB06-OBSCHARGE01:NumeroMatrice,Cryo — cavity valves/temps/pressures
4820,CMB06-CRYO,LINB-CMB06-OBSCHARGE02:ChargeEstime,Cryo — cavity valves/temps/pressures
4820,CMB06-CRYO,LINB-CMB06-OBSCHARGE02:DebitEntree,Cryo — cavity valves/temps/pressures
4820,CMB06-CRYO,LINB-CMB06-OBSCHARGE02:DebitSortie,Cryo — cavity valves/temps/pressures
4820,CMB06-CRYO,LINB-CMB06-OBSCHARGE02:Densite,Cryo — cavity valves/temps/pressures
4820,CMB06-CRYO,LINB-CMB06-OBSCHARGE02:EnergieInterne,Cryo — cavity valves/temps/pressures
4820,CMB06-CRYO,LINB-CMB06-OBSCHARGE02:NumeroMatrice,Cryo — cavity valves/temps/pressures
4820,CMB06-CRYO,LINB-CMB06-PLC:Qd_count_Cavite1,Cryo — cavity valves/temps/pressures
4820,CMB06-CRYO,LINB-CMB06-PLC:Qd_count_Cavite2,Cryo — cavity valves/temps/pressures
4820,CMB06-CRYO,LINB-CMB06-PT001:PMes,Cryo — cavity valves/temps/pressures
4820,CMB06-CRYO,LINB-CMB06-PT010:PMes,Cryo — cavity valves/temps/pressures
4820,CMB06-CRYO,LINB-CMB06-PT120:PMes,Cryo — cavity valves/temps/pressures
4820,CMB06-CRYO,LINB-CMB06-PTRES001:PTempMes,Cryo — cavity valves/temps/pressures
4820,CMB06-CRYO,LINB-CMB06-TT001:ResMes,Cryo — cavity valves/temps/pressures
4820,CMB06-CRYO,LINB-CMB06-TT001:TempMes,Cryo — cavity valves/temps/pressures
4820,CMB06-CRYO,LINB-CMB06-TT005:ResMes,Cryo — cavity valves/temps/pressures
4820,CMB06-CRYO,LINB-CMB06-TT005:TempMes,Cryo — cavity valves/temps/pressures
4820,CMB06-CRYO,LINB-CMB06-TT010:ResMes,Cryo — cavity valves/temps/pressures
4820,CMB06-CRYO,LINB-CMB06-TT010:TempMes,Cryo — cavity valves/temps/pressures
4820,CMB06-CRYO,LINB-CMB06-TT011:ResMes,Cryo — cavity valves/temps/pressures
4820,CMB06-CRYO,LINB-CMB06-TT011:TempMes,Cryo — cavity valves/temps/pressures
4820,CMB06-CRYO,LINB-CMB06-TT015:ResMes,Cryo — cavity valves/temps/pressures
4820,CMB06-CRYO,LINB-CMB06-TT015:TempMes,Cryo — cavity valves/temps/pressures
4820,CMB06-CRYO,LINB-CMB06-TT100:ResMes,Cryo — cavity valves/temps/pressures
4820,CMB06-CRYO,LINB-CMB06-TT100:TempMes,Cryo — cavity valves/temps/pressures
4820,CMB06-CRYO,LINB-CMB06-TT101:ResMes,Cryo — cavity valves/temps/pressures
4820,CMB06-CRYO,LINB-CMB06-TT101:TempMes,Cryo — cavity valves/temps/pressures
4820,CMB06-CRYO,LINB-CMB06-TT102:ResMes,Cryo — cavity valves/temps/pressures
4820,CMB06-CRYO,LINB-CMB06-TT102:TempMes,Cryo — cavity valves/temps/pressures
4820,CMB06-CRYO,LINB-CMB06-TT103:ResMes,Cryo — cavity valves/temps/pressures
4820,CMB06-CRYO,LINB-CMB06-TT103:TempMes,Cryo — cavity valves/temps/pressures
4820,CMB06-CRYO,LINB-CMB06-TT104:ResMes,Cryo — cavity valves/temps/pressures
4820,CMB06-CRYO,LINB-CMB06-TT104:TempMes,Cryo — cavity valves/temps/pressures
4820,CMB06-CRYO,LINB-CMB06-TT105:ResMes,Cryo — cavity valves/temps/pressures
4820,CMB06-CRYO,LINB-CMB06-TT105:TempMes,Cryo — cavity valves/temps/pressures
4820,CMB06-CRYO,LINB-CMB06-TT106:ResMes,Cryo — cavity valves/temps/pressures
4820,CMB06-CRYO,LINB-CMB06-TT106:TempMes,Cryo — cavity valves/temps/pressures
4820,CMB06-CRYO,LINB-CMB06-TT108:Defect,Cryo — cavity valves/temps/pressures
4820,CMB06-CRYO,LINB-CMB06-TT108:ResMes,Cryo — cavity valves/temps/pressures
4820,CMB06-CRYO,LINB-CMB06-TT108:TempMes,Cryo — cavity valves/temps/pressures
4820,CMB06-CRYO,LINB-CMB06-TT109N:Defect,Cryo — cavity valves/temps/pressures
4820,CMB06-CRYO,LINB-CMB06-TT109N:ResMes,Cryo — cavity valves/temps/pressures
4820,CMB06-CRYO,LINB-CMB06-TT109N:TempMes,Cryo — cavity valves/temps/pressures
4820,CMB06-CRYO,LINB-CMB06-TT109S:Defect,Cryo — cavity valves/temps/pressures
4820,CMB06-CRYO,LINB-CMB06-TT109S:ResMes,Cryo — cavity valves/temps/pressures
4820,CMB06-CRYO,LINB-CMB06-TT109S:TempMes,Cryo — cavity valves/temps/pressures
4820,CMB06-CRYO,LINB-CMB06-TT111:ResMes,Cryo — cavity valves/temps/pressures
4820,CMB06-CRYO,LINB-CMB06-TT111:TempMes,Cryo — cavity valves/temps/pressures
4820,CMB06-CRYO,LINB-CMB06-TT112:ResMes,Cryo — cavity valves/temps/pressures
4820,CMB06-CRYO,LINB-CMB06-TT112:TempMes,Cryo — cavity valves/temps/pressures
4820,CMB06-CRYO,LINB-CMB06-TT113:ResMes,Cryo — cavity valves/temps/pressures
4820,CMB06-CRYO,LINB-CMB06-TT113:TempMes,Cryo — cavity valves/temps/pressures
4820,CMB06-CRYO,LINB-CMB06-TT115:ResMes,Cryo — cavity valves/temps/pressures
4820,CMB06-CRYO,LINB-CMB06-TT115:TempMes,Cryo — cavity valves/temps/pressures
4820,CMB06-CRYO,LINB-CMB06-TT116:ResMes,Cryo — cavity valves/temps/pressures
4820,CMB06-CRYO,LINB-CMB06-TT116:TempMes,Cryo — cavity valves/temps/pressures
4820,CMB06-CRYO,LINB-CMB06-TT118:Defect,Cryo — cavity valves/temps/pressures
4820,CMB06-CRYO,LINB-CMB06-TT118:ResMes,Cryo — cavity valves/temps/pressures
4820,CMB06-CRYO,LINB-CMB06-TT118:TempMes,Cryo — cavity valves/temps/pressures
4820,CMB06-CRYO,LINB-CMB06-TT119N:Defect,Cryo — cavity valves/temps/pressures
4820,CMB06-CRYO,LINB-CMB06-TT119N:ResMes,Cryo — cavity valves/temps/pressures
4820,CMB06-CRYO,LINB-CMB06-TT119N:TempMes,Cryo — cavity valves/temps/pressures
4820,CMB06-CRYO,LINB-CMB06-TT119S:Defect,Cryo — cavity valves/temps/pressures
4820,CMB06-CRYO,LINB-CMB06-TT119S:ResMes,Cryo — cavity valves/temps/pressures
4820,CMB06-CRYO,LINB-CMB06-TT119S:TempMes,Cryo — cavity valves/temps/pressures
4820,CMB06-CRYO,LINB-CMB06-TT200:ResMes,Cryo — cavity valves/temps/pressures
4820,CMB06-CRYO,LINB-CMB06-TT200:TempMes,Cryo — cavity valves/temps/pressures
4820,CMB06-CRYO,LINB-CMB06-TT201:ResMes,Cryo — cavity valves/temps/pressures
4820,CMB06-CRYO,LINB-CMB06-TT201:TempMes,Cryo — cavity valves/temps/pressures
4820,CMB06-CRYO,LINB-CMB06-TT202:ResMes,Cryo — cavity valves/temps/pressures
4820,CMB06-CRYO,LINB-CMB06-TT202:TempMes,Cryo — cavity valves/temps/pressures
4820,CMB06-CRYO,LINB-CMB06-TT203:ResMes,Cryo — cavity valves/temps/pressures
4820,CMB06-CRYO,LINB-CMB06-TT203:TempMes,Cryo — cavity valves/temps/pressures
4820,CMB06-CRYO,LINB-CMB06-TT204:ResMes,Cryo — cavity valves/temps/pressures
4820,CMB06-CRYO,LINB-CMB06-TT204:TempMes,Cryo — cavity valves/temps/pressures
4820,CMB06-CRYO,LINB-CMB06-TT205:ResMes,Cryo — cavity valves/temps/pressures
4820,CMB06-CRYO,LINB-CMB06-TT205:TempMes,Cryo — cavity valves/temps/pressures
4820,CMB06-CRYO,LINB-CMB06-TT212:ResMes,Cryo — cavity valves/temps/pressures
4820,CMB06-CRYO,LINB-CMB06-TT212:TempMes,Cryo — cavity valves/temps/pressures
4820,CMB06-CRYO,LINB-CMB06-TT213:ResMes,Cryo — cavity valves/temps/pressures
4820,CMB06-CRYO,LINB-CMB06-TT213:TempMes,Cryo — cavity valves/temps/pressures
4820,CMB06-CRYO,LINB-CMB06-TT214:ResMes,Cryo — cavity valves/temps/pressures
4820,CMB06-CRYO,LINB-CMB06-TT214:TempMes,Cryo — cavity valves/temps/pressures
4820,CMB06-CRYO,LINB-CMB06-TT215:ResMes,Cryo — cavity valves/temps/pressures
4820,CMB06-CRYO,LINB-CMB06-TT215:TempMes,Cryo — cavity valves/temps/pressures
4820,CMB06-CRYO,LINB-CMB06-TTCAV:ConsGlissante,Cryo — cavity valves/temps/pressures
4820,CMB06-CRYO,LINB-CMB06-VI01:State,Cryo — cavity valves/temps/pressures
4820,CMB06-CRYO,LINB-CMB06-VI02:State,Cryo — cavity valves/temps/pressures
4820,CMB06-CRYO,PLC-CRYO-CMB06:IsAlive,Cryo — cavity valves/temps/pressures
4820,CMB06-CRYO,TRIG-ARCH-CRYO-CMB06:LinacEnable.RVAL,Cryo — cavity valves/temps/pressures
4820,CMB07-CRYO,TRIG-ARCH-CRYO-CMB07:LinacEnable.RVAL,Cryo — cavity valves/temps/pressures
4820,CMB07-CRYO,LINB-CMB07-CH108:Cons,Cryo — cavity valves/temps/pressures
4820,CMB07-CRYO,LINB-CMB07-CH108:Val,Cryo — cavity valves/temps/pressures
4820,CMB07-CRYO,LINB-CMB07-CH109:Cons,Cryo — cavity valves/temps/pressures
4820,CMB07-CRYO,LINB-CMB07-CH109:Val,Cryo — cavity valves/temps/pressures
4820,CMB07-CRYO,LINB-CMB07-CH118:Cons,Cryo — cavity valves/temps/pressures
4820,CMB07-CRYO,LINB-CMB07-CH118:Val,Cryo — cavity valves/temps/pressures
4820,CMB07-CRYO,LINB-CMB07-CH119:Cons,Cryo — cavity valves/temps/pressures
4820,CMB07-CRYO,LINB-CMB07-CH119:Val,Cryo — cavity valves/temps/pressures
4820,CMB07-CRYO,LINB-CMB07-ETAT:IndicState,Cryo — cavity valves/temps/pressures
4820,CMB07-CRYO,LINB-CMB07-FCV001:ACons,Cryo — cavity valves/temps/pressures
4820,CMB07-CRYO,LINB-CMB07-FCV001:Cons,Cryo — cavity valves/temps/pressures
4820,CMB07-CRYO,LINB-CMB07-FCV001:CSlopeCons,Cryo — cavity valves/temps/pressures
4820,CMB07-CRYO,LINB-CMB07-FCV001:OpenAct,Cryo — cavity valves/temps/pressures
4820,CMB07-CRYO,LINB-CMB07-FCV001:OSlopeCons,Cryo — cavity valves/temps/pressures
4820,CMB07-CRYO,LINB-CMB07-FCV002:ACons,Cryo — cavity valves/temps/pressures
4820,CMB07-CRYO,LINB-CMB07-FCV002:Cons,Cryo — cavity valves/temps/pressures
4820,CMB07-CRYO,LINB-CMB07-FCV002:CSlopeCons,Cryo — cavity valves/temps/pressures
4820,CMB07-CRYO,LINB-CMB07-FCV002:DCons,Cryo — cavity valves/temps/pressures
4820,CMB07-CRYO,LINB-CMB07-FCV002:ICons,Cryo — cavity valves/temps/pressures
4820,CMB07-CRYO,LINB-CMB07-FCV002:OpenAct,Cryo — cavity valves/temps/pressures
4820,CMB07-CRYO,LINB-CMB07-FCV002:OSlopeCons,Cryo — cavity valves/temps/pressures
4820,CMB07-CRYO,LINB-CMB07-FCV002:PCons,Cryo — cavity valves/temps/pressures
4820,CMB07-CRYO,LINB-CMB07-FCV005:ACons,Cryo — cavity valves/temps/pressures
4820,CMB07-CRYO,LINB-CMB07-FCV005:Cons,Cryo — cavity valves/temps/pressures
4820,CMB07-CRYO,LINB-CMB07-FCV005:CSlopeCons,Cryo — cavity valves/temps/pressures
4820,CMB07-CRYO,LINB-CMB07-FCV005:DCons,Cryo — cavity valves/temps/pressures
4820,CMB07-CRYO,LINB-CMB07-FCV005:ICons,Cryo — cavity valves/temps/pressures
4820,CMB07-CRYO,LINB-CMB07-FCV005:OpenAct,Cryo — cavity valves/temps/pressures
4820,CMB07-CRYO,LINB-CMB07-FCV005:OSlopeCons,Cryo — cavity valves/temps/pressures
4820,CMB07-CRYO,LINB-CMB07-FCV005:PCons,Cryo — cavity valves/temps/pressures
4820,CMB07-CRYO,LINB-CMB07-FCV010:ACons,Cryo — cavity valves/temps/pressures
4820,CMB07-CRYO,LINB-CMB07-FCV010:Cons,Cryo — cavity valves/temps/pressures
4820,CMB07-CRYO,LINB-CMB07-FCV010:CSlopeCons,Cryo — cavity valves/temps/pressures
4820,CMB07-CRYO,LINB-CMB07-FCV010:DCons,Cryo — cavity valves/temps/pressures
4820,CMB07-CRYO,LINB-CMB07-FCV010:ICons,Cryo — cavity valves/temps/pressures
4820,CMB07-CRYO,LINB-CMB07-FCV010:OpenAct,Cryo — cavity valves/temps/pressures
4820,CMB07-CRYO,LINB-CMB07-FCV010:OSlopeCons,Cryo — cavity valves/temps/pressures
4820,CMB07-CRYO,LINB-CMB07-FCV010:PCons,Cryo — cavity valves/temps/pressures
4820,CMB07-CRYO,LINB-CMB07-FV005:ClosingCmd,Cryo — cavity valves/temps/pressures
4820,CMB07-CRYO,LINB-CMB07-FV005:Defect,Cryo — cavity valves/temps/pressures
4820,CMB07-CRYO,LINB-CMB07-FV005:OpeningCmd,Cryo — cavity valves/temps/pressures
4820,CMB07-CRYO,LINB-CMB07-FV005:State,Cryo — cavity valves/temps/pressures
4820,CMB07-CRYO,LINB-CMB07-FV010:ClosingCmd,Cryo — cavity valves/temps/pressures
4820,CMB07-CRYO,LINB-CMB07-FV010:Defect,Cryo — cavity valves/temps/pressures
4820,CMB07-CRYO,LINB-CMB07-FV010:OpeningCmd,Cryo — cavity valves/temps/pressures
4820,CMB07-CRYO,LINB-CMB07-FV010:State,Cryo — cavity valves/temps/pressures
4820,CMB07-CRYO,LINB-CMB07-FV011:ClosingCmd,Cryo — cavity valves/temps/pressures
4820,CMB07-CRYO,LINB-CMB07-FV011:Defect,Cryo — cavity valves/temps/pressures
4820,CMB07-CRYO,LINB-CMB07-FV011:OpeningCmd,Cryo — cavity valves/temps/pressures
4820,CMB07-CRYO,LINB-CMB07-FV011:State,Cryo — cavity valves/temps/pressures
4820,CMB07-CRYO,LINB-CMB07-FV020:ClosingCmd,Cryo — cavity valves/temps/pressures
4820,CMB07-CRYO,LINB-CMB07-FV020:Defect,Cryo — cavity valves/temps/pressures
4820,CMB07-CRYO,LINB-CMB07-FV020:OpeningCmd,Cryo — cavity valves/temps/pressures
4820,CMB07-CRYO,LINB-CMB07-FV020:State,Cryo — cavity valves/temps/pressures
4820,CMB07-CRYO,LINB-CMB07-FV120V:ClosingCmd,Cryo — cavity valves/temps/pressures
4820,CMB07-CRYO,LINB-CMB07-FV120V:Defect,Cryo — cavity valves/temps/pressures
4820,CMB07-CRYO,LINB-CMB07-FV120V:OpeningCmd,Cryo — cavity valves/temps/pressures
4820,CMB07-CRYO,LINB-CMB07-FV120V:State,Cryo — cavity valves/temps/pressures
4820,CMB07-CRYO,LINB-CMB07-LQ:Num,Cryo — cavity valves/temps/pressures
4820,CMB07-CRYO,LINB-CMB07-LT200:LevelMes,Cryo — cavity valves/temps/pressures
4820,CMB07-CRYO,LINB-CMB07-OBSCHARGE01:ChargeEstime,Cryo — cavity valves/temps/pressures
4820,CMB07-CRYO,LINB-CMB07-OBSCHARGE01:DebitEntree,Cryo — cavity valves/temps/pressures
4820,CMB07-CRYO,LINB-CMB07-OBSCHARGE01:DebitSortie,Cryo — cavity valves/temps/pressures
4820,CMB07-CRYO,LINB-CMB07-OBSCHARGE01:Densite,Cryo — cavity valves/temps/pressures
4820,CMB07-CRYO,LINB-CMB07-OBSCHARGE01:EnergieInterne,Cryo — cavity valves/temps/pressures
4820,CMB07-CRYO,LINB-CMB07-OBSCHARGE01:NumeroMatrice,Cryo — cavity valves/temps/pressures
4820,CMB07-CRYO,LINB-CMB07-OBSCHARGE02:ChargeEstime,Cryo — cavity valves/temps/pressures
4820,CMB07-CRYO,LINB-CMB07-OBSCHARGE02:DebitEntree,Cryo — cavity valves/temps/pressures
4820,CMB07-CRYO,LINB-CMB07-OBSCHARGE02:DebitSortie,Cryo — cavity valves/temps/pressures
4820,CMB07-CRYO,LINB-CMB07-OBSCHARGE02:Densite,Cryo — cavity valves/temps/pressures
4820,CMB07-CRYO,LINB-CMB07-OBSCHARGE02:EnergieInterne,Cryo — cavity valves/temps/pressures
4820,CMB07-CRYO,LINB-CMB07-OBSCHARGE02:NumeroMatrice,Cryo — cavity valves/temps/pressures
4820,CMB07-CRYO,LINB-CMB07-PLC:Qd_count_Cavite1,Cryo — cavity valves/temps/pressures
4820,CMB07-CRYO,LINB-CMB07-PLC:Qd_count_Cavite2,Cryo — cavity valves/temps/pressures
4820,CMB07-CRYO,LINB-CMB07-PT001:PMes,Cryo — cavity valves/temps/pressures
4820,CMB07-CRYO,LINB-CMB07-PT010:PMes,Cryo — cavity valves/temps/pressures
4820,CMB07-CRYO,LINB-CMB07-PT120:PMes,Cryo — cavity valves/temps/pressures
4820,CMB07-CRYO,LINB-CMB07-PTRES001:PTempMes,Cryo — cavity valves/temps/pressures
4820,CMB07-CRYO,LINB-CMB07-TT001:ResMes,Cryo — cavity valves/temps/pressures
4820,CMB07-CRYO,LINB-CMB07-TT001:TempMes,Cryo — cavity valves/temps/pressures
4820,CMB07-CRYO,LINB-CMB07-TT005:ResMes,Cryo — cavity valves/temps/pressures
4820,CMB07-CRYO,LINB-CMB07-TT005:TempMes,Cryo — cavity valves/temps/pressures
4820,CMB07-CRYO,LINB-CMB07-TT010:ResMes,Cryo — cavity valves/temps/pressures
4820,CMB07-CRYO,LINB-CMB07-TT010:TempMes,Cryo — cavity valves/temps/pressures
4820,CMB07-CRYO,LINB-CMB07-TT011:ResMes,Cryo — cavity valves/temps/pressures
4820,CMB07-CRYO,LINB-CMB07-TT011:TempMes,Cryo — cavity valves/temps/pressures
4820,CMB07-CRYO,LINB-CMB07-TT015:ResMes,Cryo — cavity valves/temps/pressures
4820,CMB07-CRYO,LINB-CMB07-TT015:TempMes,Cryo — cavity valves/temps/pressures
4820,CMB07-CRYO,LINB-CMB07-TT100:ResMes,Cryo — cavity valves/temps/pressures
4820,CMB07-CRYO,LINB-CMB07-TT100:TempMes,Cryo — cavity valves/temps/pressures
4820,CMB07-CRYO,LINB-CMB07-TT101:ResMes,Cryo — cavity valves/temps/pressures
4820,CMB07-CRYO,LINB-CMB07-TT101:TempMes,Cryo — cavity valves/temps/pressures
4820,CMB07-CRYO,LINB-CMB07-TT102:ResMes,Cryo — cavity valves/temps/pressures
4820,CMB07-CRYO,LINB-CMB07-TT102:TempMes,Cryo — cavity valves/temps/pressures
4820,CMB07-CRYO,LINB-CMB07-TT103:ResMes,Cryo — cavity valves/temps/pressures
4820,CMB07-CRYO,LINB-CMB07-TT103:TempMes,Cryo — cavity valves/temps/pressures
4820,CMB07-CRYO,LINB-CMB07-TT104:ResMes,Cryo — cavity valves/temps/pressures
4820,CMB07-CRYO,LINB-CMB07-TT104:TempMes,Cryo — cavity valves/temps/pressures
4820,CMB07-CRYO,LINB-CMB07-TT105:ResMes,Cryo — cavity valves/temps/pressures
4820,CMB07-CRYO,LINB-CMB07-TT105:TempMes,Cryo — cavity valves/temps/pressures
4820,CMB07-CRYO,LINB-CMB07-TT106:ResMes,Cryo — cavity valves/temps/pressures
4820,CMB07-CRYO,LINB-CMB07-TT106:TempMes,Cryo — cavity valves/temps/pressures
4820,CMB07-CRYO,LINB-CMB07-TT108:Defect,Cryo — cavity valves/temps/pressures
4820,CMB07-CRYO,LINB-CMB07-TT108:ResMes,Cryo — cavity valves/temps/pressures
4820,CMB07-CRYO,LINB-CMB07-TT108:TempMes,Cryo — cavity valves/temps/pressures
4820,CMB07-CRYO,LINB-CMB07-TT109N:Defect,Cryo — cavity valves/temps/pressures
4820,CMB07-CRYO,LINB-CMB07-TT109N:ResMes,Cryo — cavity valves/temps/pressures
4820,CMB07-CRYO,LINB-CMB07-TT109N:TempMes,Cryo — cavity valves/temps/pressures
4820,CMB07-CRYO,LINB-CMB07-TT109S:Defect,Cryo — cavity valves/temps/pressures
4820,CMB07-CRYO,LINB-CMB07-TT109S:ResMes,Cryo — cavity valves/temps/pressures
4820,CMB07-CRYO,LINB-CMB07-TT109S:TempMes,Cryo — cavity valves/temps/pressures
4820,CMB07-CRYO,LINB-CMB07-TT111:ResMes,Cryo — cavity valves/temps/pressures
4820,CMB07-CRYO,LINB-CMB07-TT111:TempMes,Cryo — cavity valves/temps/pressures
4820,CMB07-CRYO,LINB-CMB07-TT112:ResMes,Cryo — cavity valves/temps/pressures
4820,CMB07-CRYO,LINB-CMB07-TT112:TempMes,Cryo — cavity valves/temps/pressures
4820,CMB07-CRYO,LINB-CMB07-TT113:ResMes,Cryo — cavity valves/temps/pressures
4820,CMB07-CRYO,LINB-CMB07-TT113:TempMes,Cryo — cavity valves/temps/pressures
4820,CMB07-CRYO,LINB-CMB07-TT115:ResMes,Cryo — cavity valves/temps/pressures
4820,CMB07-CRYO,LINB-CMB07-TT115:TempMes,Cryo — cavity valves/temps/pressures
4820,CMB07-CRYO,LINB-CMB07-TT116:ResMes,Cryo — cavity valves/temps/pressures
4820,CMB07-CRYO,LINB-CMB07-TT116:TempMes,Cryo — cavity valves/temps/pressures
4820,CMB07-CRYO,LINB-CMB07-TT118:Defect,Cryo — cavity valves/temps/pressures
4820,CMB07-CRYO,LINB-CMB07-TT118:ResMes,Cryo — cavity valves/temps/pressures
4820,CMB07-CRYO,LINB-CMB07-TT118:TempMes,Cryo — cavity valves/temps/pressures
4820,CMB07-CRYO,LINB-CMB07-TT119N:Defect,Cryo — cavity valves/temps/pressures
4820,CMB07-CRYO,LINB-CMB07-TT119N:ResMes,Cryo — cavity valves/temps/pressures
4820,CMB07-CRYO,LINB-CMB07-TT119N:TempMes,Cryo — cavity valves/temps/pressures
4820,CMB07-CRYO,LINB-CMB07-TT119S:Defect,Cryo — cavity valves/temps/pressures
4820,CMB07-CRYO,LINB-CMB07-TT119S:ResMes,Cryo — cavity valves/temps/pressures
4820,CMB07-CRYO,LINB-CMB07-TT119S:TempMes,Cryo — cavity valves/temps/pressures
4820,CMB07-CRYO,LINB-CMB07-TT200:ResMes,Cryo — cavity valves/temps/pressures
4820,CMB07-CRYO,LINB-CMB07-TT200:TempMes,Cryo — cavity valves/temps/pressures
4820,CMB07-CRYO,LINB-CMB07-TT201:ResMes,Cryo — cavity valves/temps/pressures
4820,CMB07-CRYO,LINB-CMB07-TT201:TempMes,Cryo — cavity valves/temps/pressures
4820,CMB07-CRYO,LINB-CMB07-TT202:ResMes,Cryo — cavity valves/temps/pressures
4820,CMB07-CRYO,LINB-CMB07-TT202:TempMes,Cryo — cavity valves/temps/pressures
4820,CMB07-CRYO,LINB-CMB07-TT203:ResMes,Cryo — cavity valves/temps/pressures
4820,CMB07-CRYO,LINB-CMB07-TT203:TempMes,Cryo — cavity valves/temps/pressures
4820,CMB07-CRYO,LINB-CMB07-TT204:ResMes,Cryo — cavity valves/temps/pressures
4820,CMB07-CRYO,LINB-CMB07-TT204:TempMes,Cryo — cavity valves/temps/pressures
4820,CMB07-CRYO,LINB-CMB07-TT205:ResMes,Cryo — cavity valves/temps/pressures
4820,CMB07-CRYO,LINB-CMB07-TT205:TempMes,Cryo — cavity valves/temps/pressures
4820,CMB07-CRYO,LINB-CMB07-TT212:ResMes,Cryo — cavity valves/temps/pressures
4820,CMB07-CRYO,LINB-CMB07-TT212:TempMes,Cryo — cavity valves/temps/pressures
4820,CMB07-CRYO,LINB-CMB07-TT213:ResMes,Cryo — cavity valves/temps/pressures
4820,CMB07-CRYO,LINB-CMB07-TT213:TempMes,Cryo — cavity valves/temps/pressures
4820,CMB07-CRYO,LINB-CMB07-TT214:ResMes,Cryo — cavity valves/temps/pressures
4820,CMB07-CRYO,LINB-CMB07-TT214:TempMes,Cryo — cavity valves/temps/pressures
4820,CMB07-CRYO,LINB-CMB07-TT215:ResMes,Cryo — cavity valves/temps/pressures
4820,CMB07-CRYO,LINB-CMB07-TT215:TempMes,Cryo — cavity valves/temps/pressures
4820,CMB07-CRYO,LINB-CMB07-TTCAV:ConsGlissante,Cryo — cavity valves/temps/pressures
4820,CMB07-CRYO,LINB-CMB07-VI01:State,Cryo — cavity valves/temps/pressures
4820,CMB07-CRYO,LINB-CMB07-VI02:State,Cryo — cavity valves/temps/pressures
4820,CMB07-CRYO,PLC-CRYO-CMB07:IsAlive,Cryo — cavity valves/temps/pressures
4820,CMB07-CRYO,TRIG-ARCH-CRYO-CMB07:LinacEnable.RVAL,Cryo — cavity valves/temps/pressures
4820,Defaut,LINB-CMB01-FCV001:Defect,Alarm/status concentrator
4820,Defaut,LINB-CMB01-FCV002:Defect,Alarm/status concentrator
4820,Defaut,LINB-CMB01-FCV005:Defect,Alarm/status concentrator
4820,Defaut,LINB-CMB01-FCV010:Defect,Alarm/status concentrator
4820,Defaut,LINB-CMB01-LT200:Defect,Alarm/status concentrator
4820,Defaut,LINB-CMB01-PT001:Defect,Alarm/status concentrator
4820,Defaut,LINB-CMB01-PT010:Defect,Alarm/status concentrator
4820,Defaut,LINB-CMB01-PT020:Defect,Alarm/status concentrator
4820,Defaut,LINB-CMB01-PT120:Defect,Alarm/status concentrator
4820,Defaut,LINB-CMB01-TT005:Defect,Alarm/status concentrator
4820,Defaut,LINB-CMB01-TT011:Defect,Alarm/status concentrator
4820,Defaut,LINB-CMB01-TT105:Defect,Alarm/status concentrator
4820,Defaut,LINB-CMB01-TT115:Defect,Alarm/status concentrator
4820,Defaut,LINB-CMB02-FCV001:Defect,Alarm/status concentrator
4820,Defaut,LINB-CMB02-FCV002:Defect,Alarm/status concentrator
4820,Defaut,LINB-CMB02-FCV005:Defect,Alarm/status concentrator
4820,Defaut,LINB-CMB02-FCV010:Defect,Alarm/status concentrator
4820,Defaut,LINB-CMB02-LT200:Defect,Alarm/status concentrator
4820,Defaut,LINB-CMB02-PT001:Defect,Alarm/status concentrator
4820,Defaut,LINB-CMB02-PT010:Defect,Alarm/status concentrator
4820,Defaut,LINB-CMB02-PT020:Defect,Alarm/status concentrator
4820,Defaut,LINB-CMB02-PT120:Defect,Alarm/status concentrator
4820,Defaut,LINB-CMB02-TT005:Defect,Alarm/status concentrator
4820,Defaut,LINB-CMB02-TT011:Defect,Alarm/status concentrator
4820,Defaut,LINB-CMB02-TT105:Defect,Alarm/status concentrator
4820,Defaut,LINB-CMB02-TT115:Defect,Alarm/status concentrator
4820,Defaut,LINB-CMB03-FCV001:Defect,Alarm/status concentrator
4820,Defaut,LINB-CMB03-FCV002:Defect,Alarm/status concentrator
4820,Defaut,LINB-CMB03-FCV005:Defect,Alarm/status concentrator
4820,Defaut,LINB-CMB03-FCV010:Defect,Alarm/status concentrator
4820,Defaut,LINB-CMB03-LT200:Defect,Alarm/status concentrator
4820,Defaut,LINB-CMB03-PT001:Defect,Alarm/status concentrator
4820,Defaut,LINB-CMB03-PT010:Defect,Alarm/status concentrator
4820,Defaut,LINB-CMB03-PT120:Defect,Alarm/status concentrator
4820,Defaut,LINB-CMB03-TT005:Defect,Alarm/status concentrator
4820,Defaut,LINB-CMB03-TT011:Defect,Alarm/status concentrator
4820,Defaut,LINB-CMB03-TT105:Defect,Alarm/status concentrator
4820,Defaut,LINB-CMB03-TT115:Defect,Alarm/status concentrator
4820,Defaut,LINB-CMB04-FCV001:Defect,Alarm/status concentrator
4820,Defaut,LINB-CMB04-FCV002:Defect,Alarm/status concentrator
4820,Defaut,LINB-CMB04-FCV005:Defect,Alarm/status concentrator
4820,Defaut,LINB-CMB04-FCV010:Defect,Alarm/status concentrator
4820,Defaut,LINB-CMB04-LT200:Defect,Alarm/status concentrator
4820,Defaut,LINB-CMB04-PT001:Defect,Alarm/status concentrator
4820,Defaut,LINB-CMB04-PT010:Defect,Alarm/status concentrator
4820,Defaut,LINB-CMB04-PT120:Defect,Alarm/status concentrator
4820,Defaut,LINB-CMB04-TT005:Defect,Alarm/status concentrator
4820,Defaut,LINB-CMB04-TT011:Defect,Alarm/status concentrator
4820,Defaut,LINB-CMB04-TT105:Defect,Alarm/status concentrator
4820,Defaut,LINB-CMB04-TT115:Defect,Alarm/status concentrator
4820,Defaut,LINB-CMB05-FCV001:Defect,Alarm/status concentrator
4820,Defaut,LINB-CMB05-FCV002:Defect,Alarm/status concentrator
4820,Defaut,LINB-CMB05-FCV005:Defect,Alarm/status concentrator
4820,Defaut,LINB-CMB05-FCV010:Defect,Alarm/status concentrator
4820,Defaut,LINB-CMB05-LT200:Defect,Alarm/status concentrator
4820,Defaut,LINB-CMB05-PT001:Defect,Alarm/status concentrator
4820,Defaut,LINB-CMB05-PT010:Defect,Alarm/status concentrator
4820,Defaut,LINB-CMB05-PT020:Defect,Alarm/status concentrator
4820,Defaut,LINB-CMB05-PT120:Defect,Alarm/status concentrator
4820,Defaut,LINB-CMB05-TT005:Defect,Alarm/status concentrator
4820,Defaut,LINB-CMB05-TT011:Defect,Alarm/status concentrator
4820,Defaut,LINB-CMB05-TT105:Defect,Alarm/status concentrator
4820,Defaut,LINB-CMB05-TT115:Defect,Alarm/status concentrator
4820,Defaut,LINB-CMB06-FCV001:Defect,Alarm/status concentrator
4820,Defaut,LINB-CMB06-FCV002:Defect,Alarm/status concentrator
4820,Defaut,LINB-CMB06-FCV005:Defect,Alarm/status concentrator
4820,Defaut,LINB-CMB06-FCV010:Defect,Alarm/status concentrator
4820,Defaut,LINB-CMB06-LT200:Defect,Alarm/status concentrator
4820,Defaut,LINB-CMB06-PT001:Defect,Alarm/status concentrator
4820,Defaut,LINB-CMB06-PT010:Defect,Alarm/status concentrator
4820,Defaut,LINB-CMB06-PT120:Defect,Alarm/status concentrator
4820,Defaut,LINB-CMB06-TT005:Defect,Alarm/status concentrator
4820,Defaut,LINB-CMB06-TT011:Defect,Alarm/status concentrator
4820,Defaut,LINB-CMB06-TT105:Defect,Alarm/status concentrator
4820,Defaut,LINB-CMB06-TT115:Defect,Alarm/status concentrator
4820,Defaut,LINB-CMB07-FCV001:Defect,Alarm/status concentrator
4820,Defaut,LINB-CMB07-FCV002:Defect,Alarm/status concentrator
4820,Defaut,LINB-CMB07-FCV005:Defect,Alarm/status concentrator
4820,Defaut,LINB-CMB07-FCV010:Defect,Alarm/status concentrator
4820,Defaut,LINB-CMB07-LT200:Defect,Alarm/status concentrator
4820,Defaut,LINB-CMB07-PT001:Defect,Alarm/status concentrator
4820,Defaut,LINB-CMB07-PT010:Defect,Alarm/status concentrator
4820,Defaut,LINB-CMB07-PT020:Defect,Alarm/status concentrator
4820,Defaut,LINB-CMB07-PT120:Defect,Alarm/status concentrator
4820,Defaut,LINB-CMB07-TT005:Defect,Alarm/status concentrator
4820,Defaut,LINB-CMB07-TT011:Defect,Alarm/status concentrator
4820,Defaut,LINB-CMB07-TT105:Defect,Alarm/status concentrator
4820,Defaut,LINB-CMB07-TT115:Defect,Alarm/status concentrator
4820,LINB-CMB01-TACONIS,LINB-CMB01-TACONIS:Alrm,Cryo — Taconis oscillation monitoring
4820,LINB-CMB01-TACONIS,LINB-CMB01-TACONIS:Alrm,Cryo — Taconis oscillation monitoring
4820,LINB-CMB01-TACONIS,LINB-CMB01-TACONIS:AmplitudeFFT,Cryo — Taconis oscillation monitoring
4820,LINB-CMB01-TACONIS,LINB-CMB01-TACONIS:DeltaPression,Cryo — Taconis oscillation monitoring
4820,LINB-CMB01-TACONIS,LINB-CMB01-TACONIS:FreqFFT,Cryo — Taconis oscillation monitoring
4820,LINB-CMB01-TACONIS,LINB-CMB01-TACONIS:MaxPression,Cryo — Taconis oscillation monitoring
4820,LINB-CMB01-TACONIS,LINB-CMB01-TACONIS:MinPression,Cryo — Taconis oscillation monitoring
4820,LINB-CMB02-TACONIS,LINB-CMB02-TACONIS:Alrm,Cryo — Taconis oscillation monitoring
4820,LINB-CMB02-TACONIS,LINB-CMB02-TACONIS:Alrm,Cryo — Taconis oscillation monitoring
4820,LINB-CMB02-TACONIS,LINB-CMB02-TACONIS:AmplitudeFFT,Cryo — Taconis oscillation monitoring
4820,LINB-CMB02-TACONIS,LINB-CMB02-TACONIS:DeltaPression,Cryo — Taconis oscillation monitoring
4820,LINB-CMB02-TACONIS,LINB-CMB02-TACONIS:FreqFFT,Cryo — Taconis oscillation monitoring
4820,LINB-CMB02-TACONIS,LINB-CMB02-TACONIS:MaxPression,Cryo — Taconis oscillation monitoring
4820,LINB-CMB02-TACONIS,LINB-CMB02-TACONIS:MinPression,Cryo — Taconis oscillation monitoring
4820,LINB-CMB03-TACONIS,LINB-CMB03-TACONIS:Alrm,Cryo — Taconis oscillation monitoring
4820,LINB-CMB03-TACONIS,LINB-CMB03-TACONIS:Alrm,Cryo — Taconis oscillation monitoring
4820,LINB-CMB03-TACONIS,LINB-CMB03-TACONIS:AmplitudeFFT,Cryo — Taconis oscillation monitoring
4820,LINB-CMB03-TACONIS,LINB-CMB03-TACONIS:DeltaPression,Cryo — Taconis oscillation monitoring
4820,LINB-CMB03-TACONIS,LINB-CMB03-TACONIS:FreqFFT,Cryo — Taconis oscillation monitoring
4820,LINB-CMB03-TACONIS,LINB-CMB03-TACONIS:MaxPression,Cryo — Taconis oscillation monitoring
4820,LINB-CMB03-TACONIS,LINB-CMB03-TACONIS:MinPression,Cryo — Taconis oscillation monitoring
4820,LINB-CMB04-TACONIS,LINB-CMB04-TACONIS:Alrm,Cryo — Taconis oscillation monitoring
4820,LINB-CMB04-TACONIS,LINB-CMB04-TACONIS:Alrm,Cryo — Taconis oscillation monitoring
4820,LINB-CMB04-TACONIS,LINB-CMB04-TACONIS:AmplitudeFFT,Cryo — Taconis oscillation monitoring
4820,LINB-CMB04-TACONIS,LINB-CMB04-TACONIS:DeltaPression,Cryo — Taconis oscillation monitoring
4820,LINB-CMB04-TACONIS,LINB-CMB04-TACONIS:FreqFFT,Cryo — Taconis oscillation monitoring
4820,LINB-CMB04-TACONIS,LINB-CMB04-TACONIS:MaxPression,Cryo — Taconis oscillation monitoring
4820,LINB-CMB04-TACONIS,LINB-CMB04-TACONIS:MinPression,Cryo — Taconis oscillation monitoring
4820,LINB-CMB05-TACONIS,LINB-CMB05-TACONIS:Alrm,Cryo — Taconis oscillation monitoring
4820,LINB-CMB05-TACONIS,LINB-CMB05-TACONIS:Alrm,Cryo — Taconis oscillation monitoring
4820,LINB-CMB05-TACONIS,LINB-CMB05-TACONIS:AmplitudeFFT,Cryo — Taconis oscillation monitoring
4820,LINB-CMB05-TACONIS,LINB-CMB05-TACONIS:DeltaPression,Cryo — Taconis oscillation monitoring
4820,LINB-CMB05-TACONIS,LINB-CMB05-TACONIS:FreqFFT,Cryo — Taconis oscillation monitoring
4820,LINB-CMB05-TACONIS,LINB-CMB05-TACONIS:MaxPression,Cryo — Taconis oscillation monitoring
4820,LINB-CMB05-TACONIS,LINB-CMB05-TACONIS:MinPression,Cryo — Taconis oscillation monitoring
4820,LINB-CMB06-TACONIS,LINB-CMB06-TACONIS:Alrm,Cryo — Taconis oscillation monitoring
4820,LINB-CMB06-TACONIS,LINB-CMB06-TACONIS:Alrm,Cryo — Taconis oscillation monitoring
4820,LINB-CMB06-TACONIS,LINB-CMB06-TACONIS:AmplitudeFFT,Cryo — Taconis oscillation monitoring
4820,LINB-CMB06-TACONIS,LINB-CMB06-TACONIS:DeltaPression,Cryo — Taconis oscillation monitoring
4820,LINB-CMB06-TACONIS,LINB-CMB06-TACONIS:FreqFFT,Cryo — Taconis oscillation monitoring
4820,LINB-CMB06-TACONIS,LINB-CMB06-TACONIS:MaxPression,Cryo — Taconis oscillation monitoring
4820,LINB-CMB06-TACONIS,LINB-CMB06-TACONIS:MinPression,Cryo — Taconis oscillation monitoring
4820,LINB-CMB07-TACONIS,LINB-CMB07-TACONIS:Alrm,Cryo — Taconis oscillation monitoring
4820,LINB-CMB07-TACONIS,LINB-CMB07-TACONIS:Alrm,Cryo — Taconis oscillation monitoring
4820,LINB-CMB07-TACONIS,LINB-CMB07-TACONIS:AmplitudeFFT,Cryo — Taconis oscillation monitoring
4820,LINB-CMB07-TACONIS,LINB-CMB07-TACONIS:DeltaPression,Cryo — Taconis oscillation monitoring
4820,LINB-CMB07-TACONIS,LINB-CMB07-TACONIS:FreqFFT,Cryo — Taconis oscillation monitoring
4820,LINB-CMB07-TACONIS,LINB-CMB07-TACONIS:MaxPression,Cryo — Taconis oscillation monitoring
4820,LINB-CMB07-TACONIS,LINB-CMB07-TACONIS:MinPression,Cryo — Taconis oscillation monitoring
4821,Bilan Helium,BILAN-HE:BufferS3,Cryo plant (Helium/N2 distribution)
4821,Bilan Helium,BILAN-HE:BufferSP2,Cryo plant (Helium/N2 distribution)
4821,Bilan Helium,BILAN-HE:CadreA,Cryo plant (Helium/N2 distribution)
4821,Bilan Helium,BILAN-HE:CadreB,Cryo plant (Helium/N2 distribution)
4821,Bilan Helium,BILAN-HE:CadreC,Cryo plant (Helium/N2 distribution)
4821,Bilan Helium,BILAN-HE:CadreD,Cryo plant (Helium/N2 distribution)
4821,Bilan Helium,BILAN-HE:CMA01,Cryo plant (Helium/N2 distribution)
4821,Bilan Helium,BILAN-HE:CMA02,Cryo plant (Helium/N2 distribution)
4821,Bilan Helium,BILAN-HE:CMA03,Cryo plant (Helium/N2 distribution)
4821,Bilan Helium,BILAN-HE:CMA04,Cryo plant (Helium/N2 distribution)
4821,Bilan Helium,BILAN-HE:CMA05,Cryo plant (Helium/N2 distribution)
4821,Bilan Helium,BILAN-HE:CMA06,Cryo plant (Helium/N2 distribution)
4821,Bilan Helium,BILAN-HE:CMA07,Cryo plant (Helium/N2 distribution)
4821,Bilan Helium,BILAN-HE:CMA08,Cryo plant (Helium/N2 distribution)
4821,Bilan Helium,BILAN-HE:CMA09,Cryo plant (Helium/N2 distribution)
4821,Bilan Helium,BILAN-HE:CMA10,Cryo plant (Helium/N2 distribution)
4821,Bilan Helium,BILAN-HE:CMA11,Cryo plant (Helium/N2 distribution)
4821,Bilan Helium,BILAN-HE:CMA12,Cryo plant (Helium/N2 distribution)
4821,Bilan Helium,BILAN-HE:CMB01,Cryo plant (Helium/N2 distribution)
4821,Bilan Helium,BILAN-HE:CMB02,Cryo plant (Helium/N2 distribution)
4821,Bilan Helium,BILAN-HE:CMB03,Cryo plant (Helium/N2 distribution)
4821,Bilan Helium,BILAN-HE:CMB04,Cryo plant (Helium/N2 distribution)
4821,Bilan Helium,BILAN-HE:CMB05,Cryo plant (Helium/N2 distribution)
4821,Bilan Helium,BILAN-HE:CMB06,Cryo plant (Helium/N2 distribution)
4821,Bilan Helium,BILAN-HE:CMB07,Cryo plant (Helium/N2 distribution)
4821,Bilan Helium,BILAN-HE:DewarS3,Cryo plant (Helium/N2 distribution)
4821,Bilan Helium,BILAN-HE:DewarSP2,Cryo plant (Helium/N2 distribution)
4821,Bilan Helium,BILAN-HE:Gasbag,Cryo plant (Helium/N2 distribution)
4821,Bilan Helium,BILAN-HE:Impur,Cryo plant (Helium/N2 distribution)
4821,Bilan Helium,BILAN-HE:Pur,Cryo plant (Helium/N2 distribution)
4821,Bilan Helium,BILAN-HE:Total,Cryo plant (Helium/N2 distribution)
4821,Circuit Azote -ARCHI,SP2-RCPGAZ-LT800:LevelMes,Cryo plant (Helium/N2 distribution)
4821,Circuit Azote -ARCHI,SP2-RCPGAZ-PT800:PMes,Cryo plant (Helium/N2 distribution)
4821,Circuit Azote -ARCHI,SP2-RCPGAZ-PT850:PMes,Cryo plant (Helium/N2 distribution)
4821,Circuit Azote -ARCHI,SP2-RCPGAZ-PT855:PMes,Cryo plant (Helium/N2 distribution)
4821,Circuit Azote -ARCHI,SP2-RCPGAZ-PT955A:PMes,Cryo plant (Helium/N2 distribution)
4821,Circuit Azote -ARCHI,SP2-RCPGAZ-PT955B:PMes,Cryo plant (Helium/N2 distribution)
4821,Defect,SP2-RCPGAZ-ANALIN:AeroDefect,Cryo plant (Helium/N2 distribution)
4821,Defect,SP2-RCPGAZ-ANALIN:CnHmDefect,Cryo plant (Helium/N2 distribution)
4821,Defect,SP2-RCPGAZ-ANALIN:Defect,Cryo plant (Helium/N2 distribution)
4821,Defect,SP2-RCPGAZ-ANALIN:H2ODefect,Cryo plant (Helium/N2 distribution)
4821,Defect,SP2-RCPGAZ-ANALIN:N2Defect,Cryo plant (Helium/N2 distribution)
4821,Defect,SP2-RCPGAZ-ANASTD:Defect,Cryo plant (Helium/N2 distribution)
4821,Defect,SP2-RCPGAZ-ANASTD:H2ODefect,Cryo plant (Helium/N2 distribution)
4821,Defect,SP2-RCPGAZ-ANASTD:O2Defect,Cryo plant (Helium/N2 distribution)
4821,Defect,SP2-RCPGAZ-COMPR:Defect,Cryo plant (Helium/N2 distribution)
4821,Defect,SP2-RCPGAZ-FV410:Defect,Cryo plant (Helium/N2 distribution)
4821,Defect,SP2-RCPGAZ-FV411:Defect,Cryo plant (Helium/N2 distribution)
4821,Defect,SP2-RCPGAZ-FV412:Defect,Cryo plant (Helium/N2 distribution)
4821,Defect,SP2-RCPGAZ-FV413:Defect,Cryo plant (Helium/N2 distribution)
4821,Defect,SP2-RCPGAZ-FV420:Defect,Cryo plant (Helium/N2 distribution)
4821,Defect,SP2-RCPGAZ-FV421:Defect,Cryo plant (Helium/N2 distribution)
4821,Defect,SP2-RCPGAZ-FV422:Defect,Cryo plant (Helium/N2 distribution)
4821,Defect,SP2-RCPGAZ-FV423:Defect,Cryo plant (Helium/N2 distribution)
4821,Defect,SP2-RCPGAZ-FV430:Defect,Cryo plant (Helium/N2 distribution)
4821,Defect,SP2-RCPGAZ-FV431:Defect,Cryo plant (Helium/N2 distribution)
4821,Defect,SP2-RCPGAZ-FV432:Defect,Cryo plant (Helium/N2 distribution)
4821,Defect,SP2-RCPGAZ-FV433:Defect,Cryo plant (Helium/N2 distribution)
4821,Defect,SP2-RCPGAZ-FV440:Defect,Cryo plant (Helium/N2 distribution)
4821,Defect,SP2-RCPGAZ-FV441:Defect,Cryo plant (Helium/N2 distribution)
4821,Defect,SP2-RCPGAZ-FV442:Defect,Cryo plant (Helium/N2 distribution)
4821,Defect,SP2-RCPGAZ-FV560:Defect,Cryo plant (Helium/N2 distribution)
4821,Defect,SP2-RCPGAZ-FV561:Defect,Cryo plant (Helium/N2 distribution)
4821,Defect,SP2-RCPGAZ-FV562:Defect,Cryo plant (Helium/N2 distribution)
4821,Defect,SP2-RCPGAZ-FV563:Defect,Cryo plant (Helium/N2 distribution)
4821,Defect,SP2-RCPGAZ-FV564:Defect,Cryo plant (Helium/N2 distribution)
4821,Defect,SP2-RCPGAZ-FV570:Defect,Cryo plant (Helium/N2 distribution)
4821,Defect,SP2-RCPGAZ-FV571:Defect,Cryo plant (Helium/N2 distribution)
4821,Defect,SP2-RCPGAZ-FV572:Defect,Cryo plant (Helium/N2 distribution)
4821,Defect,SP2-RCPGAZ-FV573:Defect,Cryo plant (Helium/N2 distribution)
4821,Defect,SP2-RCPGAZ-FV574:Defect,Cryo plant (Helium/N2 distribution)
4821,Defect,SP2-RCPGAZ-FV575:Defect,Cryo plant (Helium/N2 distribution)
4821,Defect,SP2-RCPGAZ-FV576:Defect,Cryo plant (Helium/N2 distribution)
4821,Defect,SP2-RCPGAZ-FV800:Defect,Cryo plant (Helium/N2 distribution)
4821,Defect,SP2-RCPGAZ-FV810:Defect,Cryo plant (Helium/N2 distribution)
4821,Defect,SP2-RCPGAZ-FV820:Defect,Cryo plant (Helium/N2 distribution)
4821,Defect,SP2-RCPGAZ-FV851:Defect,Cryo plant (Helium/N2 distribution)
4821,Defect,SP2-RCPGAZ-FV855:Defect,Cryo plant (Helium/N2 distribution)
4821,Defect,SP2-RCPGAZ-LT700:Defect,Cryo plant (Helium/N2 distribution)
4821,Defect,SP2-RCPGAZ-LT800:Defect,Cryo plant (Helium/N2 distribution)
4821,Defect,SP2-RCPGAZ-PT350:Defect,Cryo plant (Helium/N2 distribution)
4821,Defect,SP2-RCPGAZ-PT351:Defect,Cryo plant (Helium/N2 distribution)
4821,Defect,SP2-RCPGAZ-PT410:Defect,Cryo plant (Helium/N2 distribution)
4821,Defect,SP2-RCPGAZ-PT411:Defect,Cryo plant (Helium/N2 distribution)
4821,Defect,SP2-RCPGAZ-PT412:Defect,Cryo plant (Helium/N2 distribution)
4821,Defect,SP2-RCPGAZ-PT413:Defect,Cryo plant (Helium/N2 distribution)
4821,Defect,SP2-RCPGAZ-PT420:Defect,Cryo plant (Helium/N2 distribution)
4821,Defect,SP2-RCPGAZ-PT421:Defect,Cryo plant (Helium/N2 distribution)
4821,Defect,SP2-RCPGAZ-PT422:Defect,Cryo plant (Helium/N2 distribution)
4821,Defect,SP2-RCPGAZ-PT580:Defect,Cryo plant (Helium/N2 distribution)
4821,Defect,SP2-RCPGAZ-PT581:Defect,Cryo plant (Helium/N2 distribution)
4821,Defect,SP2-RCPGAZ-PT582:Defect,Cryo plant (Helium/N2 distribution)
4821,Defect,SP2-RCPGAZ-PT700:Defect,Cryo plant (Helium/N2 distribution)
4821,Defect,SP2-RCPGAZ-PT800:Defect,Cryo plant (Helium/N2 distribution)
4821,Defect,SP2-RCPGAZ-PT850:Defect,Cryo plant (Helium/N2 distribution)
4821,Defect,SP2-RCPGAZ-PT855:Defect,Cryo plant (Helium/N2 distribution)
4821,Defect,SP2-RCPGAZ-PT955A:Defect,Cryo plant (Helium/N2 distribution)
4821,Defect,SP2-RCPGAZ-PT955B:Defect,Cryo plant (Helium/N2 distribution)
4821,Defect,SP2-RCPGAZ-SURPR-C511:Defect,Cryo plant (Helium/N2 distribution)
4821,Defect,SP2-RCPGAZ-SURPR:Defect,Cryo plant (Helium/N2 distribution)
4821,Manifold Analyse,SP2-RCPGAZ-ANALIN:AeroMes,Cryo plant (Helium/N2 distribution)
4821,Manifold Analyse,SP2-RCPGAZ-ANALIN:CnHmMes,Cryo plant (Helium/N2 distribution)
4821,Manifold Analyse,SP2-RCPGAZ-ANALIN:H2OMes,Cryo plant (Helium/N2 distribution)
4821,Manifold Analyse,SP2-RCPGAZ-ANALIN:N2Mes,Cryo plant (Helium/N2 distribution)
4821,Manifold Analyse,SP2-RCPGAZ-ANASTD:H2OMes,Cryo plant (Helium/N2 distribution)
4821,Manifold Analyse,SP2-RCPGAZ-ANASTD:O2Mes,Cryo plant (Helium/N2 distribution)
4821,Manifold Analyse,SP2-RCPGAZ-PT580:PMes,Cryo plant (Helium/N2 distribution)
4821,Manifold Analyse,SP2-RCPGAZ-PT581:PMes,Cryo plant (Helium/N2 distribution)
4821,Manifold Analyse,SP2-RCPGAZ-PT582:PMes,Cryo plant (Helium/N2 distribution)
4821,Manifold HP -ARCHI,SP2-RCPGAZ-LT700:LevelMes,Cryo plant (Helium/N2 distribution)
4821,Manifold HP -ARCHI,SP2-RCPGAZ-PT350:PMes,Cryo plant (Helium/N2 distribution)
4821,Manifold HP -ARCHI,SP2-RCPGAZ-PT351:PMes,Cryo plant (Helium/N2 distribution)
4821,Manifold HP -ARCHI,SP2-RCPGAZ-PT410:PMes,Cryo plant (Helium/N2 distribution)
4821,Manifold HP -ARCHI,SP2-RCPGAZ-PT411:PMes,Cryo plant (Helium/N2 distribution)
4821,Manifold HP -ARCHI,SP2-RCPGAZ-PT412:PMes,Cryo plant (Helium/N2 distribution)
4821,Manifold HP -ARCHI,SP2-RCPGAZ-PT413:PMes,Cryo plant (Helium/N2 distribution)
4821,Manifold HP -ARCHI,SP2-RCPGAZ-PT420:PMes,Cryo plant (Helium/N2 distribution)
4821,Manifold HP -ARCHI,SP2-RCPGAZ-PT421:PMes,Cryo plant (Helium/N2 distribution)
4821,Manifold HP -ARCHI,SP2-RCPGAZ-PT422:PMes,Cryo plant (Helium/N2 distribution)
4821,Manifold HP -ARCHI,SP2-RCPGAZ-PT700:PMes,Cryo plant (Helium/N2 distribution)
4821,Opening CMD,SP2-RCPGAZ-FV410:OpeningCmd,Cryo plant (Helium/N2 distribution)
4821,Opening CMD,SP2-RCPGAZ-FV411:OpeningCmd,Cryo plant (Helium/N2 distribution)
4821,Opening CMD,SP2-RCPGAZ-FV412:OpeningCmd,Cryo plant (Helium/N2 distribution)
4821,Opening CMD,SP2-RCPGAZ-FV413:OpeningCmd,Cryo plant (Helium/N2 distribution)
4821,Opening CMD,SP2-RCPGAZ-FV420:OpeningCmd,Cryo plant (Helium/N2 distribution)
4821,Opening CMD,SP2-RCPGAZ-FV421:OpeningCmd,Cryo plant (Helium/N2 distribution)
4821,Opening CMD,SP2-RCPGAZ-FV422:OpeningCmd,Cryo plant (Helium/N2 distribution)
4821,Opening CMD,SP2-RCPGAZ-FV423:OpeningCmd,Cryo plant (Helium/N2 distribution)
4821,Opening CMD,SP2-RCPGAZ-FV430:OpeningCmd,Cryo plant (Helium/N2 distribution)
4821,Opening CMD,SP2-RCPGAZ-FV431:OpeningCmd,Cryo plant (Helium/N2 distribution)
4821,Opening CMD,SP2-RCPGAZ-FV432:OpeningCmd,Cryo plant (Helium/N2 distribution)
4821,Opening CMD,SP2-RCPGAZ-FV433:OpeningCmd,Cryo plant (Helium/N2 distribution)
4821,Opening CMD,SP2-RCPGAZ-FV440:OpeningCmd,Cryo plant (Helium/N2 distribution)
4821,Opening CMD,SP2-RCPGAZ-FV441:OpeningCmd,Cryo plant (Helium/N2 distribution)
4821,Opening CMD,SP2-RCPGAZ-FV442:OpeningCmd,Cryo plant (Helium/N2 distribution)
4821,Opening CMD,SP2-RCPGAZ-FV550:OpeningCmd,Cryo plant (Helium/N2 distribution)
4821,Opening CMD,SP2-RCPGAZ-FV560:OpeningCmd,Cryo plant (Helium/N2 distribution)
4821,Opening CMD,SP2-RCPGAZ-FV561:OpeningCmd,Cryo plant (Helium/N2 distribution)
4821,Opening CMD,SP2-RCPGAZ-FV562:OpeningCmd,Cryo plant (Helium/N2 distribution)
4821,Opening CMD,SP2-RCPGAZ-FV563:OpeningCmd,Cryo plant (Helium/N2 distribution)
4821,Opening CMD,SP2-RCPGAZ-FV564:OpeningCmd,Cryo plant (Helium/N2 distribution)
4821,Opening CMD,SP2-RCPGAZ-FV570:OpeningCmd,Cryo plant (Helium/N2 distribution)
4821,Opening CMD,SP2-RCPGAZ-FV571:OpeningCmd,Cryo plant (Helium/N2 distribution)
4821,Opening CMD,SP2-RCPGAZ-FV572:OpeningCmd,Cryo plant (Helium/N2 distribution)
4821,Opening CMD,SP2-RCPGAZ-FV573:OpeningCmd,Cryo plant (Helium/N2 distribution)
4821,Opening CMD,SP2-RCPGAZ-FV574:OpeningCmd,Cryo plant (Helium/N2 distribution)
4821,Opening CMD,SP2-RCPGAZ-FV575:OpeningCmd,Cryo plant (Helium/N2 distribution)
4821,Opening CMD,SP2-RCPGAZ-FV576:OpeningCmd,Cryo plant (Helium/N2 distribution)
4821,Opening CMD,SP2-RCPGAZ-FV800:OpeningCmd,Cryo plant (Helium/N2 distribution)
4821,Opening CMD,SP2-RCPGAZ-FV810:OpeningCmd,Cryo plant (Helium/N2 distribution)
4821,Opening CMD,SP2-RCPGAZ-FV820:OpeningCmd,Cryo plant (Helium/N2 distribution)
4821,Opening CMD,SP2-RCPGAZ-FV851:OpeningCmd,Cryo plant (Helium/N2 distribution)
4821,Opening CMD,SP2-RCPGAZ-FV855:OpeningCmd,Cryo plant (Helium/N2 distribution)
4821,Opening CMD,SP2-RCPGAZ-FV856:OpeningCmd,Cryo plant (Helium/N2 distribution)
4821,State,SP2-RCPGAZ-COMPR:State,Cryo plant (Helium/N2 distribution)
4821,State,SP2-RCPGAZ-FV410:State,Cryo plant (Helium/N2 distribution)
4821,State,SP2-RCPGAZ-FV411:State,Cryo plant (Helium/N2 distribution)
4821,State,SP2-RCPGAZ-FV412:State,Cryo plant (Helium/N2 distribution)
4821,State,SP2-RCPGAZ-FV413:State,Cryo plant (Helium/N2 distribution)
4821,State,SP2-RCPGAZ-FV420:State,Cryo plant (Helium/N2 distribution)
4821,State,SP2-RCPGAZ-FV421:State,Cryo plant (Helium/N2 distribution)
4821,State,SP2-RCPGAZ-FV422:State,Cryo plant (Helium/N2 distribution)
4821,State,SP2-RCPGAZ-FV423:State,Cryo plant (Helium/N2 distribution)
4821,State,SP2-RCPGAZ-FV430:State,Cryo plant (Helium/N2 distribution)
4821,State,SP2-RCPGAZ-FV431:State,Cryo plant (Helium/N2 distribution)
4821,State,SP2-RCPGAZ-FV432:State,Cryo plant (Helium/N2 distribution)
4821,State,SP2-RCPGAZ-FV433:State,Cryo plant (Helium/N2 distribution)
4821,State,SP2-RCPGAZ-FV440:State,Cryo plant (Helium/N2 distribution)
4821,State,SP2-RCPGAZ-FV441:State,Cryo plant (Helium/N2 distribution)
4821,State,SP2-RCPGAZ-FV442:State,Cryo plant (Helium/N2 distribution)
4821,State,SP2-RCPGAZ-FV550:State,Cryo plant (Helium/N2 distribution)
4821,State,SP2-RCPGAZ-FV560:State,Cryo plant (Helium/N2 distribution)
4821,State,SP2-RCPGAZ-FV561:State,Cryo plant (Helium/N2 distribution)
4821,State,SP2-RCPGAZ-FV562:State,Cryo plant (Helium/N2 distribution)
4821,State,SP2-RCPGAZ-FV563:State,Cryo plant (Helium/N2 distribution)
4821,State,SP2-RCPGAZ-FV564:State,Cryo plant (Helium/N2 distribution)
4821,State,SP2-RCPGAZ-FV570:State,Cryo plant (Helium/N2 distribution)
4821,State,SP2-RCPGAZ-FV571:State,Cryo plant (Helium/N2 distribution)
4821,State,SP2-RCPGAZ-FV572:State,Cryo plant (Helium/N2 distribution)
4821,State,SP2-RCPGAZ-FV573:State,Cryo plant (Helium/N2 distribution)
4821,State,SP2-RCPGAZ-FV574:State,Cryo plant (Helium/N2 distribution)
4821,State,SP2-RCPGAZ-FV575:State,Cryo plant (Helium/N2 distribution)
4821,State,SP2-RCPGAZ-FV576:State,Cryo plant (Helium/N2 distribution)
4821,State,SP2-RCPGAZ-FV800:State,Cryo plant (Helium/N2 distribution)
4821,State,SP2-RCPGAZ-FV810:State,Cryo plant (Helium/N2 distribution)
4821,State,SP2-RCPGAZ-FV820:State,Cryo plant (Helium/N2 distribution)
4821,State,SP2-RCPGAZ-FV851:State,Cryo plant (Helium/N2 distribution)
4821,State,SP2-RCPGAZ-FV855:State,Cryo plant (Helium/N2 distribution)
4821,State,SP2-RCPGAZ-FV856:State,Cryo plant (Helium/N2 distribution)
4821,State,SP2-RCPGAZ-SURPR-C511:State,Cryo plant (Helium/N2 distribution)
4821,State,SP2-RCPGAZ-SURPR:State,Cryo plant (Helium/N2 distribution)
4821,Temperatures,SP2-RCPGAZ-TT120:TempMes,Cryo plant (Helium/N2 distribution)
4821,Temperatures,SP2-RCPGAZ-TT251A:TempMes,Cryo plant (Helium/N2 distribution)
4821,Temperatures,SP2-RCPGAZ-TT251B:TempMes,Cryo plant (Helium/N2 distribution)
4821,Temperatures,SP2-RCPGAZ-TT251S:TempMes,Cryo plant (Helium/N2 distribution)
4821,Temperatures,SP2-RCPGAZ-TT503:TempMes,Cryo plant (Helium/N2 distribution)
4821,Temperatures,SP2-RCPGAZ-TT504:TempMes,Cryo plant (Helium/N2 distribution)
4821,Temperatures,SP2-RCPGAZ-TT950:TempMes,Cryo plant (Helium/N2 distribution)
4822,SP2-BF,TRIG-ARCH-CRYO-BF:LiqueEnable.RVAL,Cryo plant (SP2-BF compressors/dewar)
4822,SP2-BF,SP2-BF-1PT302:PMes,Cryo plant (SP2-BF compressors/dewar)
4822,SP2-BF,SP2-BF-1PT350:PMes,Cryo plant (SP2-BF compressors/dewar)
4822,SP2-BF,SP2-BF-1PT354:PMes,Cryo plant (SP2-BF compressors/dewar)
4822,SP2-BF,SP2-BF-1PT358:PMes,Cryo plant (SP2-BF compressors/dewar)
4822,SP2-BF,SP2-BF-1ST350:FreqMes,Cryo plant (SP2-BF compressors/dewar)
4822,SP2-BF,SP2-BF-1TT354:TempMes,Cryo plant (SP2-BF compressors/dewar)
4822,SP2-BF,SP2-BF-1TT355:TempMes,Cryo plant (SP2-BF compressors/dewar)
4822,SP2-BF,SP2-BF-1TT450:TempMes,Cryo plant (SP2-BF compressors/dewar)
4822,SP2-BF,SP2-BF-1TT459:TempMes,Cryo plant (SP2-BF compressors/dewar)
4822,SP2-BF,SP2-BF-2PT302:PMes,Cryo plant (SP2-BF compressors/dewar)
4822,SP2-BF,SP2-BF-2PT350:PMes,Cryo plant (SP2-BF compressors/dewar)
4822,SP2-BF,SP2-BF-2PT354:PMes,Cryo plant (SP2-BF compressors/dewar)
4822,SP2-BF,SP2-BF-2PT358:PMes,Cryo plant (SP2-BF compressors/dewar)
4822,SP2-BF,SP2-BF-2PT359:PMes,Cryo plant (SP2-BF compressors/dewar)
4822,SP2-BF,SP2-BF-2ST350:FreqMes,Cryo plant (SP2-BF compressors/dewar)
4822,SP2-BF,SP2-BF-2TT354:TempMes,Cryo plant (SP2-BF compressors/dewar)
4822,SP2-BF,SP2-BF-2TT355:TempMes,Cryo plant (SP2-BF compressors/dewar)
4822,SP2-BF,SP2-BF-2TT450A:TempMes,Cryo plant (SP2-BF compressors/dewar)
4822,SP2-BF,SP2-BF-2TT450B:TempMes,Cryo plant (SP2-BF compressors/dewar)
4822,SP2-BF,SP2-BF-2TT459A:TempMes,Cryo plant (SP2-BF compressors/dewar)
4822,SP2-BF,SP2-BF-2TT459B:TempMes,Cryo plant (SP2-BF compressors/dewar)
4822,SP2-BF,SP2-BF-3PT350:PMes,Cryo plant (SP2-BF compressors/dewar)
4822,SP2-BF,SP2-BF-3PT354:PMes,Cryo plant (SP2-BF compressors/dewar)
4822,SP2-BF,SP2-BF-3PT356:PMes,Cryo plant (SP2-BF compressors/dewar)
4822,SP2-BF,SP2-BF-3PT358:PMes,Cryo plant (SP2-BF compressors/dewar)
4822,SP2-BF,SP2-BF-3PT359:PMes,Cryo plant (SP2-BF compressors/dewar)
4822,SP2-BF,SP2-BF-3ST350:FreqMes,Cryo plant (SP2-BF compressors/dewar)
4822,SP2-BF,SP2-BF-3TT354:TempMes,Cryo plant (SP2-BF compressors/dewar)
4822,SP2-BF,SP2-BF-3TT355:TempMes,Cryo plant (SP2-BF compressors/dewar)
4822,SP2-BF,SP2-BF-3TT450A:TempMes,Cryo plant (SP2-BF compressors/dewar)
4822,SP2-BF,SP2-BF-3TT450B:TempMes,Cryo plant (SP2-BF compressors/dewar)
4822,SP2-BF,SP2-BF-3TT459A:TempMes,Cryo plant (SP2-BF compressors/dewar)
4822,SP2-BF,SP2-BF-3TT459B:TempMes,Cryo plant (SP2-BF compressors/dewar)
4822,SP2-BF,SP2-BF-EV450:State,Cryo plant (SP2-BF compressors/dewar)
4822,SP2-BF,SP2-BF-EV453:State,Cryo plant (SP2-BF compressors/dewar)
4822,SP2-BF,SP2-BF-FCV410:OpenAct,Cryo plant (SP2-BF compressors/dewar)
4822,SP2-BF,SP2-BF-FCV425:OpenAct,Cryo plant (SP2-BF compressors/dewar)
4822,SP2-BF,SP2-BF-FCV429:OpenAct,Cryo plant (SP2-BF compressors/dewar)
4822,SP2-BF,SP2-BF-FCV430:OpenAct,Cryo plant (SP2-BF compressors/dewar)
4822,SP2-BF,SP2-BF-FCV450:OpenAct,Cryo plant (SP2-BF compressors/dewar)
4822,SP2-BF,SP2-BF-FCV453:OpenAct,Cryo plant (SP2-BF compressors/dewar)
4822,SP2-BF,SP2-BF-FCV455:OpenAct,Cryo plant (SP2-BF compressors/dewar)
4822,SP2-BF,SP2-BF-FCV465:OpenAct,Cryo plant (SP2-BF compressors/dewar)
4822,SP2-BF,SP2-BF-FCV469:OpenAct,Cryo plant (SP2-BF compressors/dewar)
4822,SP2-BF,SP2-BF-FCV470:OpenAct,Cryo plant (SP2-BF compressors/dewar)
4822,SP2-BF,SP2-BF-FCV481:OpenAct,Cryo plant (SP2-BF compressors/dewar)
4822,SP2-BF,SP2-BF-FCV482:OpenAct,Cryo plant (SP2-BF compressors/dewar)
4822,SP2-BF,SP2-BF-FCV483:OpenAct,Cryo plant (SP2-BF compressors/dewar)
4822,SP2-BF,SP2-BF-FCV601:OpenAct,Cryo plant (SP2-BF compressors/dewar)
4822,SP2-BF,SP2-BF-FCV602:OpenAct,Cryo plant (SP2-BF compressors/dewar)
4822,SP2-BF,SP2-BF-FV270:State,Cryo plant (SP2-BF compressors/dewar)
4822,SP2-BF,SP2-BF-FV300:State,Cryo plant (SP2-BF compressors/dewar)
4822,SP2-BF,SP2-BF-FV301:State,Cryo plant (SP2-BF compressors/dewar)
4822,SP2-BF,SP2-BF-FV309:State,Cryo plant (SP2-BF compressors/dewar)
4822,SP2-BF,SP2-BF-FV321:State,Cryo plant (SP2-BF compressors/dewar)
4822,SP2-BF,SP2-BF-FV325:State,Cryo plant (SP2-BF compressors/dewar)
4822,SP2-BF,SP2-BF-FV327:State,Cryo plant (SP2-BF compressors/dewar)
4822,SP2-BF,SP2-BF-FV331:State,Cryo plant (SP2-BF compressors/dewar)
4822,SP2-BF,SP2-BF-FV361:State,Cryo plant (SP2-BF compressors/dewar)
4822,SP2-BF,SP2-BF-FV362:State,Cryo plant (SP2-BF compressors/dewar)
4822,SP2-BF,SP2-BF-FV373:State,Cryo plant (SP2-BF compressors/dewar)
4822,SP2-BF,SP2-BF-FV383:State,Cryo plant (SP2-BF compressors/dewar)
4822,SP2-BF,SP2-BF-FV385:State,Cryo plant (SP2-BF compressors/dewar)
4822,SP2-BF,SP2-BF-FV386:State,Cryo plant (SP2-BF compressors/dewar)
4822,SP2-BF,SP2-BF-FV387:State,Cryo plant (SP2-BF compressors/dewar)
4822,SP2-BF,SP2-BF-FV389:State,Cryo plant (SP2-BF compressors/dewar)
4822,SP2-BF,SP2-BF-FV399:State,Cryo plant (SP2-BF compressors/dewar)
4822,SP2-BF,SP2-BF-FV420:State,Cryo plant (SP2-BF compressors/dewar)
4822,SP2-BF,SP2-BF-FV435:State,Cryo plant (SP2-BF compressors/dewar)
4822,SP2-BF,SP2-BF-FV439:State,Cryo plant (SP2-BF compressors/dewar)
4822,SP2-BF,SP2-BF-FV459:State,Cryo plant (SP2-BF compressors/dewar)
4822,SP2-BF,SP2-BF-FV530:State,Cryo plant (SP2-BF compressors/dewar)
4822,SP2-BF,SP2-BF-FV532:State,Cryo plant (SP2-BF compressors/dewar)
4822,SP2-BF,SP2-BF-FV539:State,Cryo plant (SP2-BF compressors/dewar)
4822,SP2-BF,SP2-BF-FV705:State,Cryo plant (SP2-BF compressors/dewar)
4822,SP2-BF,SP2-BF-FV706:State,Cryo plant (SP2-BF compressors/dewar)
4822,SP2-BF,SP2-BF-PT275:PMes,Cryo plant (SP2-BF compressors/dewar)
4822,SP2-BF,SP2-BF-PT290A:PMes,Cryo plant (SP2-BF compressors/dewar)
4822,SP2-BF,SP2-BF-PT355:PMes,Cryo plant (SP2-BF compressors/dewar)
4822,SP2-BF,SP2-BF-PT371:PMes,Cryo plant (SP2-BF compressors/dewar)
4822,SP2-BF,SP2-BF-PT374:PMes,Cryo plant (SP2-BF compressors/dewar)
4822,SP2-BF,SP2-BF-PT384:PMes,Cryo plant (SP2-BF compressors/dewar)
4822,SP2-BF,SP2-BF-QT536:TempMes,Cryo plant (SP2-BF compressors/dewar)
4822,SP2-BF,SP2-BF-STEP:G10,Cryo plant (SP2-BF compressors/dewar)
4822,SP2-BF,SP2-BF-STEP:G100,Cryo plant (SP2-BF compressors/dewar)
4822,SP2-BF,SP2-BF-STEP:G150,Cryo plant (SP2-BF compressors/dewar)
4822,SP2-BF,SP2-BF-STEP:G200,Cryo plant (SP2-BF compressors/dewar)
4822,SP2-BF,SP2-BF-STEP:G300,Cryo plant (SP2-BF compressors/dewar)
4822,SP2-BF,SP2-BF-STEP:G310,Cryo plant (SP2-BF compressors/dewar)
4822,SP2-BF,SP2-BF-STEP:G320,Cryo plant (SP2-BF compressors/dewar)
4822,SP2-BF,SP2-BF-STEP:G400,Cryo plant (SP2-BF compressors/dewar)
4822,SP2-BF,SP2-BF-STEP:G40_A,Cryo plant (SP2-BF compressors/dewar)
4822,SP2-BF,SP2-BF-STEP:G40_B,Cryo plant (SP2-BF compressors/dewar)
4822,SP2-BF,SP2-BF-STEP:G50,Cryo plant (SP2-BF compressors/dewar)
4822,SP2-BF,SP2-BF-STEP:G500,Cryo plant (SP2-BF compressors/dewar)
4822,SP2-BF,SP2-BF-STEP:G550,Cryo plant (SP2-BF compressors/dewar)
4822,SP2-BF,SP2-BF-STEP:G600_1,Cryo plant (SP2-BF compressors/dewar)
4822,SP2-BF,SP2-BF-STEP:G600_2,Cryo plant (SP2-BF compressors/dewar)
4822,SP2-BF,SP2-BF-STEP:G650_1,Cryo plant (SP2-BF compressors/dewar)
4822,SP2-BF,SP2-BF-STEP:G650_2,Cryo plant (SP2-BF compressors/dewar)
4822,SP2-BF,SP2-BF-STEP:G70,Cryo plant (SP2-BF compressors/dewar)
4822,SP2-BF,SP2-BF-STEP:G700,Cryo plant (SP2-BF compressors/dewar)
4822,SP2-BF,SP2-BF-STEP:G720,Cryo plant (SP2-BF compressors/dewar)
4822,SP2-BF,SP2-BF-STEP:G730,Cryo plant (SP2-BF compressors/dewar)
4822,SP2-BF,SP2-BF-STEP:G750,Cryo plant (SP2-BF compressors/dewar)
4822,SP2-BF,SP2-BF-STEP:G770,Cryo plant (SP2-BF compressors/dewar)
4822,SP2-BF,SP2-BF-STEP:G780_1,Cryo plant (SP2-BF compressors/dewar)
4822,SP2-BF,SP2-BF-STEP:G780_2,Cryo plant (SP2-BF compressors/dewar)
4822,SP2-BF,SP2-BF-STEP:G900,Cryo plant (SP2-BF compressors/dewar)
4822,SP2-BF,SP2-BF-STEP:G950,Cryo plant (SP2-BF compressors/dewar)
4822,SP2-BF,SP2-BF-TT319:TempMes,Cryo plant (SP2-BF compressors/dewar)
4822,SP2-BF,SP2-BF-TT325:TempMes,Cryo plant (SP2-BF compressors/dewar)
4822,SP2-BF,SP2-BF-TT401:TempMes,Cryo plant (SP2-BF compressors/dewar)
4822,SP2-BF,SP2-BF-TT420:TempMes,Cryo plant (SP2-BF compressors/dewar)
4822,SP2-BF,SP2-BF-TT424:TempMes,Cryo plant (SP2-BF compressors/dewar)
4822,SP2-BF,SP2-BF-TT430:TempMes,Cryo plant (SP2-BF compressors/dewar)
4822,SP2-BF,SP2-BF-TT439:TempMes,Cryo plant (SP2-BF compressors/dewar)
4822,SP2-BF,SP2-BF-TT460A:TempMes,Cryo plant (SP2-BF compressors/dewar)
4822,SP2-BF,SP2-BF-TT460B:TempMes,Cryo plant (SP2-BF compressors/dewar)
4822,SP2-BF,SP2-BF-TT481A:TempMes,Cryo plant (SP2-BF compressors/dewar)
4822,SP2-BF,SP2-BF-TT481B:TempMes,Cryo plant (SP2-BF compressors/dewar)
4822,SP2-BF,SP2-BF-TT482:TempMes,Cryo plant (SP2-BF compressors/dewar)
4822,SP2-BF,SP2-BF-TT483:TempMes,Cryo plant (SP2-BF compressors/dewar)
4822,SP2-BF,SP2-BF-TT489:TempMes,Cryo plant (SP2-BF compressors/dewar)
4822,SP2-BF,TRIG-ARCH-CRYO-BF:LiqueEnable.RVAL,Cryo plant (SP2-BF compressors/dewar)
4822,SP2-BF-ARCHI,SP2-BF-3PT302:PMes,Cryo plant (SP2-BF compressors/dewar)
4822,SP2-BF-ARCHI,SP2-BF-FCV440:OpenAct,Cryo plant (SP2-BF compressors/dewar)
4822,SP2-BF-ARCHI,SP2-BF-PT286A:PMes,Cryo plant (SP2-BF compressors/dewar)
4822,SP2-BF-ARCHI,SP2-BF-PT300:PMes,Cryo plant (SP2-BF compressors/dewar)
4822,SP2-BF-ARCHI,SP2-BF-PT320:PMes,Cryo plant (SP2-BF compressors/dewar)
4822,SP2-BF-ARCHI,SP2-BF-PT330:PMes,Cryo plant (SP2-BF compressors/dewar)
4822,SP2-BF-ARCHI,SP2-BF-PT331:PMes,Cryo plant (SP2-BF compressors/dewar)
4822,SP2-BF-ARCHI,SP2-BF-PT360:PMes,Cryo plant (SP2-BF compressors/dewar)
4822,SP2-BF-ARCHI,SP2-BF-PT3836:PMes,Cryo plant (SP2-BF compressors/dewar)
4822,SP2-BF-ARCHI,SP2-BF-PT383:PMes,Cryo plant (SP2-BF compressors/dewar)
4822,SP2-BF-COMP,TRIG-ARCH-CRYO-BFCOMP:LiqueEnable.RVAL,Cryo plant (SP2-BF compressors/dewar)
4822,SP2-BF-COMP,SP2-BFCOMP-1PT350:PMes,Cryo plant (SP2-BF compressors/dewar)
4822,SP2-BF-COMP,SP2-BFCOMP-1PT358:PMes,Cryo plant (SP2-BF compressors/dewar)
4822,SP2-BF-COMP,SP2-BFCOMP-2PT354:PMes,Cryo plant (SP2-BF compressors/dewar)
4822,SP2-BF-COMP,SP2-BFCOMP-3PT350:PMes,Cryo plant (SP2-BF compressors/dewar)
4822,SP2-BF-COMP,SP2-BFCOMP-3PT358:PMes,Cryo plant (SP2-BF compressors/dewar)
4822,SP2-BF-COMP,SP2-BFCOMP-C1:SpeedMes,Cryo plant (SP2-BF compressors/dewar)
4822,SP2-BF-COMP,SP2-BFCOMP-C1:SpeedSpare,Cryo plant (SP2-BF compressors/dewar)
4822,SP2-BF-COMP,SP2-BFCOMP-FT200A:VolMes,Cryo plant (SP2-BF compressors/dewar)
4822,SP2-BF-COMP,SP2-BFCOMP-FT200B:VolMes,Cryo plant (SP2-BF compressors/dewar)
4822,SP2-BF-COMP,SP2-BFCOMP-PCV275:OpenAct,Cryo plant (SP2-BF compressors/dewar)
4822,SP2-BF-COMP,SP2-BFCOMP-PCV276:OpenAct,Cryo plant (SP2-BF compressors/dewar)
4822,SP2-BF-COMP,SP2-BFCOMP-PCV280:OpenAct,Cryo plant (SP2-BF compressors/dewar)
4822,SP2-BF-COMP,SP2-BFCOMP-PCV289:OpenAct,Cryo plant (SP2-BF compressors/dewar)
4822,SP2-BF-COMP,SP2-BFCOMP-TT200A:TempMes,Cryo plant (SP2-BF compressors/dewar)
4822,SP2-BF-COMP,SP2-BFCOMP-TT200B:TempMes,Cryo plant (SP2-BF compressors/dewar)
4822,SP2-BF-COMP,SP2-BFCOMP-TT220A:TempMes,Cryo plant (SP2-BF compressors/dewar)
4822,SP2-BF-COMP,SP2-BFCOMP-TT220B:TempMes,Cryo plant (SP2-BF compressors/dewar)
4822,SP2-BF-COMP,TRIG-ARCH-CRYO-BFCOMP:LiqueEnable.RVAL,Cryo plant (SP2-BF compressors/dewar)
4822,SP2-BF-COMP-ARCHI,SP2-BFCOMP-3PT302:PMes,Cryo plant (SP2-BF compressors/dewar)
4822,SP2-BF-DEFECT,SP2-BF-DEWAR:LSH,Cryo plant (SP2-BF compressors/dewar)
4822,SP2-BF-DEFECT,SP2-BF-DEWAR:LSL,Cryo plant (SP2-BF compressors/dewar)
4822,SP2-BF-DEFECT,SP2-BF-DEWAR:PSH,Cryo plant (SP2-BF compressors/dewar)
4822,SP2-BF-DEFECT,SP2-BF-QT536:Defect,Cryo plant (SP2-BF compressors/dewar)
4822,SP2-BF-DEFECT,SP2-BF-T1:BearingPSL,Cryo plant (SP2-BF compressors/dewar)
4822,SP2-BF-DEFECT,SP2-BF-T1:BearingTSL,Cryo plant (SP2-BF compressors/dewar)
4822,SP2-BF-DEFECT,SP2-BF-T1:BrakePSH,Cryo plant (SP2-BF compressors/dewar)
4822,SP2-BF-DEFECT,SP2-BF-T1:BrakePSL,Cryo plant (SP2-BF compressors/dewar)
4822,SP2-BF-DEFECT,SP2-BF-T1:BrakeTSH,Cryo plant (SP2-BF compressors/dewar)
4822,SP2-BF-DEFECT,SP2-BF-T1:MaxSpeed,Cryo plant (SP2-BF compressors/dewar)
4822,SP2-BF-DEFECT,SP2-BF-T1:NoSpeed,Cryo plant (SP2-BF compressors/dewar)
4822,SP2-BF-DEFECT,SP2-BF-T1:WheelPSH,Cryo plant (SP2-BF compressors/dewar)
4822,SP2-BF-DEFECT,SP2-BF-T2:BearingPSL,Cryo plant (SP2-BF compressors/dewar)
4822,SP2-BF-DEFECT,SP2-BF-T2:BearingTSL,Cryo plant (SP2-BF compressors/dewar)
4822,SP2-BF-DEFECT,SP2-BF-T2:BrakePSH,Cryo plant (SP2-BF compressors/dewar)
4822,SP2-BF-DEFECT,SP2-BF-T2:BrakePSL,Cryo plant (SP2-BF compressors/dewar)
4822,SP2-BF-DEFECT,SP2-BF-T2:BrakeTSH,Cryo plant (SP2-BF compressors/dewar)
4822,SP2-BF-DEFECT,SP2-BF-T2:MaxSpeed,Cryo plant (SP2-BF compressors/dewar)
4822,SP2-BF-DEFECT,SP2-BF-T2:NoSpeed,Cryo plant (SP2-BF compressors/dewar)
4822,SP2-BF-DEFECT,SP2-BF-T2:OutletPSH,Cryo plant (SP2-BF compressors/dewar)
4822,SP2-BF-DEFECT,SP2-BF-T2:WheelPSH,Cryo plant (SP2-BF compressors/dewar)
4822,SP2-BF-DEFECT,SP2-BF-T3:BearingPSL,Cryo plant (SP2-BF compressors/dewar)
4822,SP2-BF-DEFECT,SP2-BF-T3:BearingTSL,Cryo plant (SP2-BF compressors/dewar)
4822,SP2-BF-DEFECT,SP2-BF-T3:BrakePSH,Cryo plant (SP2-BF compressors/dewar)
4822,SP2-BF-DEFECT,SP2-BF-T3:BrakePSL,Cryo plant (SP2-BF compressors/dewar)
4822,SP2-BF-DEFECT,SP2-BF-T3:BrakeTSH,Cryo plant (SP2-BF compressors/dewar)
4822,SP2-BF-DEFECT,SP2-BF-T3:MaxSpeed,Cryo plant (SP2-BF compressors/dewar)
4822,SP2-BF-DEFECT,SP2-BF-T3:NoSpeed,Cryo plant (SP2-BF compressors/dewar)
4822,SP2-BF-DEFECT,SP2-BF-T3:OutletPSH,Cryo plant (SP2-BF compressors/dewar)
4822,SP2-BF-DEFECT,SP2-BF-T3:OutletPSL,Cryo plant (SP2-BF compressors/dewar)
4822,SP2-BF-DEFECT,SP2-BF-T3:WheelPSH,Cryo plant (SP2-BF compressors/dewar)
4822,SP2-BF-DEFECT,SP2-BF-T3:ZSH459Lost,Cryo plant (SP2-BF compressors/dewar)
4822,SP2-BF-DEFECT,SP2-BF:AdsTimeout,Cryo plant (SP2-BF compressors/dewar)
4822,SP2-BF-DEFECT,SP2-BF:AirPSL,Cryo plant (SP2-BF compressors/dewar)
4822,SP2-BF-DEFECT,SP2-BF:BufferPSL,Cryo plant (SP2-BF compressors/dewar)
4822,SP2-BF-DEFECT,SP2-BF:EH425,Cryo plant (SP2-BF compressors/dewar)
4822,SP2-BF-DEFECT,SP2-BF:EH602,Cryo plant (SP2-BF compressors/dewar)
4822,SP2-BF-DEFECT,SP2-BF:ESD,Cryo plant (SP2-BF compressors/dewar)
4822,SP2-BF-DEFECT,SP2-BF:PowerDown,Cryo plant (SP2-BF compressors/dewar)
4822,SP2-BF-DEFECT,SP2-BF:Pumping,Cryo plant (SP2-BF compressors/dewar)
4822,SP2-BF-DEFECT,SP2-BF:QT536,Cryo plant (SP2-BF compressors/dewar)
4822,SP2-BF-DEFECT,SP2-BF:QT536Alarm,Cryo plant (SP2-BF compressors/dewar)
4822,SP2-BF-DEFECT,SP2-BF:QT536Stab,Cryo plant (SP2-BF compressors/dewar)
4822,SP2-BF-DEFECT,SP2-BF:Step15Def,Cryo plant (SP2-BF compressors/dewar)
4822,SP2-BF-DEFECT,SP2-BF:Step161Def,Cryo plant (SP2-BF compressors/dewar)
4822,SP2-BF-DEFECT,SP2-BF:Step208Def,Cryo plant (SP2-BF compressors/dewar)
4822,SP2-BF-DEFECT,SP2-BF:Step76Def,Cryo plant (SP2-BF compressors/dewar)
4822,SP2-BF-DEFECT,SP2-BF:T1T2Fault,Cryo plant (SP2-BF compressors/dewar)
4822,SP2-BF-DEFECT,SP2-BF:T1T2Sensor,Cryo plant (SP2-BF compressors/dewar)
4822,SP2-BF-DEFECT,SP2-BF:T3Fault,Cryo plant (SP2-BF compressors/dewar)
4822,SP2-BF-DEFECT,SP2-BF:T3Sensor,Cryo plant (SP2-BF compressors/dewar)
4822,SP2-BF-DEFECT,SP2-BF:TSH425,Cryo plant (SP2-BF compressors/dewar)
4822,SP2-BF-DEFECT,SP2-BF:UtilFault,Cryo plant (SP2-BF compressors/dewar)
4822,SP2-BF-DEFECT,SP2-BF:Vacuum,Cryo plant (SP2-BF compressors/dewar)
4822,SP2-BF-DEFECT,SP2-BF:VacuumP373,Cryo plant (SP2-BF compressors/dewar)
4822,SP2-BF-DEFECT,SP2-BF:VacuumPri,Cryo plant (SP2-BF compressors/dewar)
4822,SP2-BF-DEFECT,SP2-BF:VacuumSec,Cryo plant (SP2-BF compressors/dewar)
4822,SP2-BF-DEFECT,SP2-BF:WaterFSL,Cryo plant (SP2-BF compressors/dewar)
4822,SP2-BF-DEFECT,SP2-BFCOMP-C1:2LH210Def,Cryo plant (SP2-BF compressors/dewar)
4822,SP2-BF-DEFECT,SP2-BFCOMP-C1:Defect,Cryo plant (SP2-BF compressors/dewar)
4822,SP2-BF-DEFECT,SP2-BFCOMP-C1:ESDDef,Cryo plant (SP2-BF compressors/dewar)
4822,SP2-BF-DEFECT,SP2-BFCOMP-C1:Fault,Cryo plant (SP2-BF compressors/dewar)
4822,SP2-BF-DEFECT,SP2-BFCOMP-C1:InPSHDef,Cryo plant (SP2-BF compressors/dewar)
4822,SP2-BF-DEFECT,SP2-BFCOMP-C1:InPSLDef,Cryo plant (SP2-BF compressors/dewar)
4822,SP2-BF-DEFECT,SP2-BFCOMP-C1:OutPSHDef,Cryo plant (SP2-BF compressors/dewar)
4822,SP2-BF-DEFECT,SP2-BFCOMP-C1:OutTSHDef,Cryo plant (SP2-BF compressors/dewar)
4822,SP2-BF-DEFECT,SP2-BFCOMP-C1:StaHiDef,Cryo plant (SP2-BF compressors/dewar)
4822,SP2-BF-DEFECT,SP2-BFCOMP-C1:Start,Cryo plant (SP2-BF compressors/dewar)
4822,SP2-BF-DEFECT,SP2-BFCOMP-C1:Step49Def,Cryo plant (SP2-BF compressors/dewar)
4822,SP2-BF-DEFECT,SP2-BFCOMP-C2:2LSH210Def,Cryo plant (SP2-BF compressors/dewar)
4822,SP2-BF-DEFECT,SP2-BFCOMP-C2:ESDDef,Cryo plant (SP2-BF compressors/dewar)
4822,SP2-BF-DEFECT,SP2-BFCOMP-C2:Fault,Cryo plant (SP2-BF compressors/dewar)
4822,SP2-BF-DEFECT,SP2-BFCOMP-C2:OutTSHDef,Cryo plant (SP2-BF compressors/dewar)
4822,SP2-BF-DEFECT,SP2-BFCOMP-C2:Start,Cryo plant (SP2-BF compressors/dewar)
4822,SP2-BF-DEFECT,SP2-BFCOMP-C2:Step49Def,Cryo plant (SP2-BF compressors/dewar)
4822,SP2-BF-DEFECT,SP2-DEWAR-EH602:Defect,Cryo plant (SP2-BF compressors/dewar)
4822,SP2-BF-DEWAR,TRIG-ARCH-CRYO-BFDEWAR:LiqueEnable.RVAL,Cryo plant (SP2-BF compressors/dewar)
4822,SP2-BF-DEWAR,SP2-DEWAR-EH602:PwrMes,Cryo plant (SP2-BF compressors/dewar)
4822,SP2-BF-DEWAR,SP2-DEWAR-EH602:ValMes,Cryo plant (SP2-BF compressors/dewar)
4822,SP2-BF-DEWAR,SP2-DEWAR-TT606:TempMes,Cryo plant (SP2-BF compressors/dewar)
4822,SP2-BF-DEWAR,TRIG-ARCH-CRYO-BFDEWAR:LiqueEnable.RVAL,Cryo plant (SP2-BF compressors/dewar)
4822,SP2-BF-DEWAR-ARCHI,SP2-DEWAR-LT607:LevelMes,Cryo plant (SP2-BF compressors/dewar)
4822,SP2-BF-DEWAR-ARCHI,SP2-DEWAR-PT612:PMes,Cryo plant (SP2-BF compressors/dewar)
