port|group|channel
4812|LBE2-CF11|LBE2-CF11-FAST:IMesCret
4812|LBE2-CF11|LBE2-CF11:IMes
4812|LBE2-CF12|LBE2-CF12-FAST:IMesCret
4812|LBE2-CF12|LBE2-CF12-SURV:IMeanHardMes
4812|LBE2-CF12|LBE2-CF12:IMes
4812|LBE2-D11|LBE2-D11:Pwr
4812|LBE2-D11|LBE2-D11-HALL:BMesCret
4812|LBE2-D11|LBE2-D11-HALL:BMesMoy
4812|LBE2-D11|LBE2-D11:IAct
4812|LBE2-D11|LBE2-D11:Pwr
4812|LBE2-SD|SD-ADAPTEUR:XMes
4812|LBE2-SD|SD-ADAPTEUR:YMes
4812|LBE2-SD|SD-DEBIMETR:Deb1Mes
4812|LBE2-SD|SD-DEBIMETR:Deb2Mes
4812|LBE2-SD|SD-GENEPULSE:Mode
4812|LBE2-SD|SD-GENEPULSE:OffsCons
4812|LBE2-SD|SD-GENEPULSE:PCons
4812|LBE2-SD|SD-GENEPULSE:PerCons
4812|LBE2-SD|SD-GENEPULSE:WidthCons
4812|LBE2-SD|SD-MAGTRON:PIncMes
4812|LBE2-SD|SD-MAGTRON:PRefMes
4812|LBE2-SOL11|LBE2-SOL11:Pwr
4812|LBE2-SOL11|LBE2-SOL11:IAct
4812|LBE2-SOL11|LBE2-SOL11:Pwr
4812|LBE2-SOL12|LBE2-SOL12:Pwr
4812|LBE2-SOL12|LBE2-SOL12:IAct
4812|LBE2-SOL12|LBE2-SOL12:Pwr
4812|LBE2-TURBO|LBE2-EV1-GT11:Pwd
4812|LBE2-TURBO|LBE2-EV1-GT11:Temp
4812|LBE2-TURBO|LBE2-EV1-GT12:Pwd
4812|LBE2-TURBO|LBE2-EV1-GT12:Temp
4812|LBE2-TURBO|LBE2-EV1-GT13:Pwd
4812|LBE2-TURBO|LBE2-EV1-GT13:Temp
4812|LBE2-TURBO|LBE2-EV2-GT21:Pwd
4812|LBE2-TURBO|LBE2-EV2-GT21:Temp
4812|LBE2-TURBO|LBE2-EV3-GT34:Pwd
4812|LBE2-TURBO|LBE2-EV3-GT34:Temp
4812|LBE2-VIDE|LBE2-EV1-VA:State
4812|LBE2-VIDE|LBE2-EV1-VI:State
4812|LBE2-VIDE|LBE2-EV1-VP:State
4812|LBE2-VIDE|LBE2-EV1:JP1Mes
4812|LBE2-VIDE|LBE2-EV1:JS1Mes
4812|LBE2-VIDE|LBE2-EV2-VA:State
4812|LBE2-VIDE|LBE2-EV2-VI:State
4812|LBE2-VIDE|LBE2-EV2-VP:State
4812|LBE2-VIDE|LBE2-EV2:JP1Mes
4812|LBE2-VIDE|LBE2-EV2:JP2Mes
4812|LBE2-VIDE|LBE2-EV2:JS1Mes
4812|LBE2-VIDE|LBE2-EV2:JS2Mes
4812|SD-HT|SD-HT:Pwr
4812|SD-HT|SD-HT:IMes
4812|SD-HT|SD-HT:Pwr
4812|SD-HT|SD-HT:VAct
4812|SD-HT|SD-HT:VConsLect
4812|SD-HT-EI|SD-HT-EI:Pwr
4812|SD-HT-EI|SD-HT-EI:IMes
4812|SD-HT-EI|SD-HT-EI:Pwr
4812|SD-HT-EI|SD-HT-EI:VAct
4812|SD-HT-EI|SD-HT-EI:VConsLect
4812|SD-HT-RE|SD-HT-RE:Pwr
4812|SD-HT-RE|SD-HT-RE:IMes
4812|SD-HT-RE|SD-HT-RE:Pwr
4812|SD-HT-RE|SD-HT-RE:VAct
4812|SD-HT-RE|SD-HT-RE:VConsLect
4812|VXSTAT|iocVMELB2:caChannels
4812|VXSTAT|iocVMELB2:caClients
4812|VXSTAT|iocVMELB2:caLinksDiscon
4812|VXSTAT|iocVMELB2:cpuUsedPercent
4812|VXSTAT|iocVMELB2:fdUsedPercent
4812|VXSTAT|iocVMELB2:memoryUsedPercent
4813|LBEC-DC31-HO|LBEC-DC31-HO:Pwr
4813|LBEC-DC31-HO|LBEC-DC31-HO:IAct
4813|LBEC-DC31-HO|LBEC-DC31-HO:Pwr
4813|LBEC-DC32-VE|LBEC-DC32-VE:Pwr
4813|LBEC-DC32-VE|LBEC-DC32-VE:IAct
4813|LBEC-DC32-VE|LBEC-DC32-VE:Pwr
4813|LBEC-DC33-HO|LBEC-DC33-HO:Pwr
4813|LBEC-DC33-HO|LBEC-DC33-HO:IAct
4813|LBEC-DC33-HO|LBEC-DC33-HO:Pwr
4813|LBEC-DC34-VE|LBEC-DC34-VE:Pwr
4813|LBEC-DC34-VE|LBEC-DC34-VE:IAct
4813|LBEC-DC34-VE|LBEC-DC34-VE:Pwr
4813|LBEC-DIAGS|LBEC-CF34-FAST:IMesCret
4813|LBEC-DIAGS|LBEC-CF34-SURV:IMeanHardMes
4813|LBEC-DIAGS|LBEC-CF34:IMes
4813|LBEC-DIAGS|LBEC-DCCT31-FAST:IMesCret
4813|LBEC-DIAGS|LBEC-DCCT31-SURV:ICptHard1Mes
4813|LBEC-DIAGS|LBEC-DCCT31:IMes
4813|LBEC-Q31|LBEC-Q31:Pwr
4813|LBEC-Q31|LBEC-Q31:IAct
4813|LBEC-Q31|LBEC-Q31:Pwr
4813|LBEC-Q32|LBEC-Q32:Pwr
4813|LBEC-Q32|LBEC-Q32:IAct
4813|LBEC-Q32|LBEC-Q32:Pwr
4813|LBEC-Q33|LBEC-Q33:Pwr
4813|LBEC-Q33|LBEC-Q33:IAct
4813|LBEC-Q33|LBEC-Q33:Pwr
4813|LBEC-Q34|LBEC-Q34:Pwr
4813|LBEC-Q34|LBEC-Q34:IAct
4813|LBEC-Q34|LBEC-Q34:Pwr
4813|LBEC-SOL31|LBEC-SOL31:Pwr
4813|LBEC-SOL31|LBEC-SOL31:IAct
4813|LBEC-SOL31|LBEC-SOL31:Pwr
4813|LBEC-SOL32|LBEC-SOL32:Pwr
4813|LBEC-SOL32|LBEC-SOL32:IAct
4813|LBEC-SOL32|LBEC-SOL32:Pwr
4813|LBEC-VIDE|LBEC-EV3-VA:State
4813|LBEC-VIDE|LBEC-EV3-VI:State
4813|LBEC-VIDE|LBEC-EV3-VP:State
4813|LBEC-VIDE|LBEC-EV3:JP1Mes
4813|LBEC-VIDE|LBEC-EV3:JP2Mes
4813|LBEC-VIDE|LBEC-EV3:JS1Mes
4813|LBEC-VIDE|LBEC-EV3:JS2Mes
4813|VXSTAT|iocVMELBC:caChannels
4813|VXSTAT|iocVMELBC:caClients
4813|VXSTAT|iocVMELBC:caLinksDiscon
4813|VXSTAT|iocVMELBC:cpuUsedPercent
4813|VXSTAT|iocVMELBC:fdUsedPercent
4813|VXSTAT|iocVMELBC:memoryUsedPercent
4814|Alimentations|LBE1-D11:IAct
4814|Alimentations|LBE1-D11:ICons
4814|Alimentations|LBE1-D11:IRampAct
4814|Alimentations|LBE1-D11:IRampCons
4814|Alimentations|LBE1-DC11-HO:IAct
4814|Alimentations|LBE1-DC11-HO:ICons
4814|Alimentations|LBE1-DC11-HO:IRampAct
4814|Alimentations|LBE1-DC11-HO:IRampCons
4814|Alimentations|LBE1-DC12-VE:IAct
4814|Alimentations|LBE1-DC12-VE:ICons
4814|Alimentations|LBE1-DC12-VE:IRampAct
4814|Alimentations|LBE1-DC12-VE:IRampCons
4814|Alimentations|LBE1-DC13-HO:IAct
4814|Alimentations|LBE1-DC13-HO:ICons
4814|Alimentations|LBE1-DC13-HO:IRampAct
4814|Alimentations|LBE1-DC13-HO:IRampCons
4814|Alimentations|LBE1-DC16-VE:IAct
4814|Alimentations|LBE1-DC16-VE:ICons
4814|Alimentations|LBE1-DC16-VE:Pwr
4814|Alimentations|LBE1-HX11:IAct
4814|Alimentations|LBE1-HX11:ICons
4814|Alimentations|LBE1-HX11:IRampAct
4814|Alimentations|LBE1-HX11:IRampCons
4814|Alimentations|LBE1-Q11:IAct
4814|Alimentations|LBE1-Q11:ICons
4814|Alimentations|LBE1-Q11:IRampAct
4814|Alimentations|LBE1-Q11:IRampCons
4814|Alimentations|LBE1-Q12:IAct
4814|Alimentations|LBE1-Q12:ICons
4814|Alimentations|LBE1-Q12:IRampAct
4814|Alimentations|LBE1-Q12:IRampCons
4814|Alimentations|LBE1-Q13:IAct
4814|Alimentations|LBE1-Q13:ICons
4814|Alimentations|LBE1-Q13:IRampAct
4814|Alimentations|LBE1-Q13:IRampCons
4814|Alimentations|LBE1-SOL11:IAct
4814|Alimentations|LBE1-SOL11:ICons
4814|Alimentations|LBE1-SOL11:IRampAct
4814|Alimentations|LBE1-SOL11:IRampCons
4814|Fentes|LBE1-FH13-D:PosLec
4814|Fentes|LBE1-FH13-G:PosLec
4814|LBE1-CF11|LBE1-CF11-FAST:IMesCret
4814|LBE1-CF11|LBE1-CF11-SURV:IMeanHardMes
4814|LBE1-CF11|LBE1-CF11:IMes
4814|LBE1-CF13|LBE1-CF13-FAST:IMesCret
4814|LBE1-CF13|LBE1-CF13-SURV:IMeanHardMes
4814|LBE1-CF13|LBE1-CF13:IMes
4814|LBE1-DIAGS|LBE1-D11-HALL:BMesCret
4814|LBE1-DIAGS|SI1-ECHANT:PosAct
4814|LBE1-SI1-GAZ-ET-PRESSION|SI1-GAZ1:VCons
4814|LBE1-SI1-GAZ-ET-PRESSION|SI1-GAZ2:VCons
4814|LBE1-SI1-GAZ-ET-PRESSION|SI1-PI-FAST:PMesCret
4814|LBE1-SI1-GAZ-ET-PRESSION|SI1-PR-FAST:PMesCret
4814|LBE1-SI1-TURBO|LBE1-EV1-GT11:Pwd
4814|LBE1-SI1-TURBO|LBE1-EV1-GT11:Temp
4814|LBE1-SI1-TURBO|LBE1-EV1-GT12:Pwd
4814|LBE1-SI1-TURBO|LBE1-EV1-GT12:Temp
4814|LBE1-SI1-TURBO|LBE1-EV1-GT13:Pwd
4814|LBE1-SI1-TURBO|LBE1-EV1-GT13:Temp
4814|LBE1-SI1-TURBO|LBE1-EV1-GT14:Pwd
4814|LBE1-SI1-TURBO|LBE1-EV1-GT14:Temp
4814|LBE1-SI1-TURBO|LBE1-EV1-GT15:Pwd
4814|LBE1-SI1-TURBO|LBE1-EV1-GT15:Temp
4814|LBE1-SI1-TURBO|LBE1-EV2-GT21:Pwd
4814|LBE1-SI1-TURBO|LBE1-EV2-GT21:Temp
4814|LBE1-SI1-TURBO|LBE1-EV2-GT22:Pwd
4814|LBE1-SI1-TURBO|LBE1-EV2-GT22:Temp
4814|LBE1-SI1-TURBO|LBE1-EV2-GT24:Pwd
4814|LBE1-SI1-TURBO|LBE1-EV2-GT24:Temp
4814|LBE1-SI1-TURBO|LBE1-EV2-GT25:Pwd
4814|LBE1-SI1-TURBO|LBE1-EV2-GT25:Temp
4814|LBE1-SI1-TURBO|SI1-GT:Pwd
4814|LBE1-SI1-TURBO|SI1-GT:Temp
4814|LBE1-VIDE|LBE1-EV1-VA:State
4814|LBE1-VIDE|LBE1-EV1-VI11:State
4814|LBE1-VIDE|LBE1-EV1-VP:State
4814|LBE1-VIDE|LBE1-EV1:JP1Mes
4814|LBE1-VIDE|LBE1-EV1:JP3Mes
4814|LBE1-VIDE|LBE1-EV1:JS1Mes
4814|LBE1-VIDE|LBE1-EV1:JS3Mes
4814|LBE1-VIDE|LBE1-EV2-VA:State
4814|LBE1-VIDE|LBE1-EV2-VI12:State
4814|LBE1-VIDE|LBE1-EV2-VP:State
4814|LBE1-VIDE|LBE1-EV2:JP1Mes
4814|LBE1-VIDE|LBE1-EV2:JP2Mes
4814|LBE1-VIDE|LBE1-EV2:JS1Mes
4814|LBE1-VIDE|LBE1-EV2:JS2Mes
4814|SI1-BPE|SI1-BPE:Pwr
4814|SI1-BPE|SI1-BPE:IAct
4814|SI1-BPE|SI1-BPE:ICons
4814|SI1-BPE|SI1-BPE:Pwr
4814|SI1-BPI|SI1-BPI:Pwr
4814|SI1-BPI|SI1-BPI:IAct
4814|SI1-BPI|SI1-BPI:ICons
4814|SI1-BPI|SI1-BPI:Pwr
4814|SI1-BPM|SI1-BPM:Pwr
4814|SI1-BPM|SI1-BPM:IAct
4814|SI1-BPM|SI1-BPM:ICons
4814|SI1-BPM|SI1-BPM:Pwr
4814|SI1-FOUR|SI1-FOUR:OnAct
4814|SI1-FOUR|SI1-FOUR:IMes
4814|SI1-FOUR|SI1-FOUR:OnAct
4814|SI1-FOUR|SI1-FOUR:PMes
4814|SI1-FOUR|SI1-FOUR:TMes
4814|SI1-FOUR|SI1-FOUR:VAct
4814|SI1-FOUR|SI1-FOUR:VMes
4814|SI1-HT|SI1-HT:Pwr
4814|SI1-HT|SI1-HT-FAST:IMesCret
4814|SI1-HT|SI1-HT-FAST:VMesCret
4814|SI1-HT|SI1-HT:IMes
4814|SI1-HT|SI1-HT:Pwr
4814|SI1-HT|SI1-HT:VAct
4814|SI1-HT|SI1-HT:VCons
4814|SI1-HT|SI1-KLYS:PHFAct
4814|SI1-HT-RE|SI1-HT-RE:Pwr
4814|SI1-HT-RE|SI1-HT-RE:IMes
4814|SI1-HT-RE|SI1-HT-RE:Pwr
4814|SI1-HT-RE|SI1-HT-RE:VAct
4814|SI1-KLYS|SI1:Stat3.BB
4814|SI1-KLYS|SI1-KLYS:PIMes
4814|SI1-KLYS|SI1-KLYS:PRMes
4814|SI1-KLYS|SI1:Stat3.BB
4814|SI1-POLAR|SI1-POLAR:OnAct
4814|SI1-POLAR|SI1-POLAR:IMes
4814|SI1-POLAR|SI1-POLAR:OnAct
4814|SI1-POLAR|SI1-POLAR:VAct
4814|SI1-POLAR|SI1-POLAR:VMes
4814|VXSTAT|iocVMELB1:caChannels
4814|VXSTAT|iocVMELB1:caClients
4814|VXSTAT|iocVMELB1:caLinksDiscon
4814|VXSTAT|iocVMELB1:cpuUsedPercent
4814|VXSTAT|iocVMELB1:fdUsedPercent
4814|VXSTAT|iocVMELB1:memoryUsedPercent
4815|SLAAF|LHE1-ACCT11-FAST:IFaMesCret
4815|SLAAF|LHE1-ACCT11-FAST:IFoMesCret
4815|SLAAF|LHE1-ACCT11:IMes
4815|SLAAF|LHE1-ACCT12-FAST:IFaMesCret
4815|SLAAF|LHE1-ACCT12-FAST:IFoMesCret
4815|SLAAF|LHE1-ACCT12:IMes
4815|SLAAF|LHE1-DCCT11-FAST:IMesCret
4815|SLAAF|LHE1-DCCT11:IMes
4815|SLAAF|LHE1-DCCT12-FAST:IMesCret
4815|SLAAF|LHE1-DCCT12:IMes
4815|SLAAF|LHE1-SLAAF:ACCTEcartMax
4815|SLAAF|LHE1-SLAAF:ACCTEcartMes
4815|SLAAF|LHE1-SLAAF:ACCTIBeamMes
4815|SLAAF|LHE1-SLAAF:ACCTNbPMes
4815|SLAAF|LHE1-SLAAF:DCCTEcartMax
4815|SLAAF|LHE1-SLAAF:DCCTEcartMes
4815|SLAAF|LHE1-SLAAF:DCCTIBeamMes
4815|SLAAF|LHE1-SLAAF:DCCTNbPMes
4815|SLAAF|LHE1-SLAAF:IBeamSurv
4815|SLAAF|LHE1-SLAAF:IntegraleSurv
4815|SLAAF|LHE1-SLAAF:ModeAcquisition
4815|SLAAF|LHE1-SLAAF:ModeIrradiation
4815|SLAAF|LHE1-SLAAF:NbPSurv
4815|SLAAF|LHE1-SLAAF:PourcentageSurv
4816|ECSF|ECSF:DdeCRFQ
4816|ECSF|ECSF:DdeCSPMT
4816|ECSF|ECSF:DftECSF
4816|ECSF|ECSF:DftHacheur
4816|ECSF|ECSF:InputIntlk
4816|ECSF|ECSF:SClMes
4816|ECSF|ECSF:TSGnAct
4816|ECSF|ECSF:TSGState
4816|ECSF|ECSF:TSHlAct
4816|ECSF|ECSF:TSHrAct
4816|ECSF|ECSF:TSHState
4816|ECSF|ECSF:TSR1Act
4816|ECSF|ECSF:TSR2Act
4816|ECSF|ECSF:TSRAct
4816|ECSF|ECSF:TSRlAct
4816|ECSF|ECSF:TSRrAct
4816|ECSF|ECSF:TSRState
4816|ECSF|ECSF:TSS1lAct
4816|ECSF|ECSF:TSS1State
4816|ECSF|ECSF:TSS2AAct
4816|ECSF|ECSF:TSS2lAct
4816|ECSF|ECSF:TSS2State
4816|ECSF|SP2-ECSF-INTLK:CUAct
4816|LME-ACCT21|LME-ACCT21-FAST:IFaMesCret
4816|LME-ACCT21|LME-ACCT21-FAST:IFoMesCret
4816|LME-ACCT21|LME-ACCT21-FAST:IMesCret
4816|LME-ACCT21|LME-ACCT21-SURV:ICptHard1Mes
4816|LME-ACCT21|LME-ACCT21:IMes
4816|LME-CF21|LME-CF21-FAST:IMesCret
4816|LME-CF21|LME-CF21-SURV:IMeanHardMes
4816|LME-CF21|LME-CF21BO-SURV:IMeanHardMes
4816|LME-DCCT21|LME-DCCT21-FAST:IMesCret
4816|LME-DCCT21|LME-DCCT21-SURV:ICptHard1Mes
4816|LME-DCCT21|LME-DCCT21:IMes
4816|LME-DCCTDIFF|LME-DCCTDIFF-FAST:IMesCret
4816|LME-DCCTDIFF|LME-DCCTDIFF-SURV:ICptHard1Mes
4816|LME-DCCTDIFF|LME-DCCTDIFF-SURV:ICptSoft4Mes
4816|LME-FH21|LME-FH21D-SURV:IMeanHardMes
4816|LME-FH21|LME-FH21G-SURV:IMeanHardMes
4816|LME-FH21|LME-FV21B-SURV:IMeanHardMes
4816|LME-FH21|LME-FV21H-SURV:IMeanHardMes
4816|LME-FH22|LME-FH22D-SURV:IMeanHardMes
4816|LME-FH22|LME-FH22G-SURV:IMeanHardMes
4816|LME-FH22|LME-FV22-B:TMes
4816|LME-FH22|LME-FV22-H:TMes
4816|LME-FH22|LME-FV22B-SURV:IMeanHardMes
4816|LME-FH22|LME-FV22B:PosLec
4816|LME-FH22|LME-FV22H-SURV:IMeanHardMes
4816|LME-FH22|LME-FV22H:PosLec
4816|LME-FH23|LME-FH23D-SURV:IMeanHardMes
4816|LME-FH23|LME-FH23G-SURV:IMeanHardMes
4816|LME-FH23|LME-FV23B-SURV:IMeanHardMes
4816|LME-FH23|LME-FV23H-SURV:IMeanHardMes
4816|RFQ|RFQ1-MSTR1-VAMP1:UampdBMes
4816|RFQ|RFQ1-MSTR1-VAMP1:UampIndBMes
4816|RFQ|RFQ1-MSTR1:Llrf.DPCI
4816|RFQ|RFQ1-MSTR1:Llrf.DSTF
4816|RFQ|RFQ1-MSTR1:Llrf.NBD
4816|RFQ|RFQ1-MSTR1:Llrf.TRFI
4816|RFQ|RFQ1-MSTR1:Llrf.UAMA
4816|RFQ|RFQ1-MSTR1:Llrf.UIA1
4816|RFQ|RFQ1-MSTR1:UcavAmpMes
4816|RFQ|RFQ1-MSTR1:UciPwrMes
4816|RFQ|RFQ1-MSTR1:UcrPwrMes
4816|RFQ|RFQ1-SLV2-VAMP1:UampdBMes
4816|RFQ|RFQ1-SLV2-VAMP1:UampIndBMes
4816|RFQ|RFQ1-SLV2:Llrf.TRFI
4816|RFQ|RFQ1-SLV2:Llrf.UAMA
4816|RFQ|RFQ1-SLV2:Llrf.UIA1
4816|RFQ|RFQ1-SLV2:UciPwrMes
4816|RFQ|RFQ1-SLV2:UcrPwrMes
4816|RFQ|RFQ1-SLV3-VAMP1:UampdBMes
4816|RFQ|RFQ1-SLV3-VAMP1:UampIndBMes
4816|RFQ|RFQ1-SLV3:Llrf.TRFI
4816|RFQ|RFQ1-SLV3:Llrf.UAMA
4816|RFQ|RFQ1-SLV3:Llrf.UIA1
4816|RFQ|RFQ1-SLV3:UciPwrMes
4816|RFQ|RFQ1-SLV3:UcrPwrMes
4816|RFQ|RFQ1-SLV4-VAMP1:UampdBMes
4816|RFQ|RFQ1-SLV4-VAMP1:UampIndBMes
4816|RFQ|RFQ1-SLV4:Llrf.TRFI
4816|RFQ|RFQ1-SLV4:Llrf.UAMA
4816|RFQ|RFQ1-SLV4:Llrf.UIA1
4816|RFQ|RFQ1-SLV4:UciPwrMes
4816|RFQ|RFQ1-SLV4:UcrPwrMes
4816|RFQ|RFQ1:RFQPwrMes
4816|RFQ-LME-TURBO|LME-GT01:Pwd
4816|RFQ-LME-TURBO|LME-GT01:Temp
4816|RFQ-LME-TURBO|LME-GT02:Pwd
4816|RFQ-LME-TURBO|LME-GT02:Temp
4816|RFQ-LME-TURBO|RFQ-GT14:Pwd
4816|RFQ-LME-TURBO|RFQ-GT14:Temp
4816|RFQ-MASTER-AMP1|RFQ1-MSTR1-AMP1:DebEauChMes
4816|RFQ-MASTER-AMP1|RFQ1-MSTR1-AMP1:DebEauDisMes
4816|RFQ-MASTER-AMP1|RFQ1-MSTR1-AMP1:DebEauTubMes
4816|RFQ-MASTER-AMP1|RFQ1-MSTR1-AMP1:DefectMbb
4816|RFQ-MASTER-AMP1|RFQ1-MSTR1-AMP1:I1Mes
4816|RFQ-MASTER-AMP1|RFQ1-MSTR1-AMP1:I2Mes
4816|RFQ-MASTER-AMP1|RFQ1-MSTR1-AMP1:I3Mes
4816|RFQ-MASTER-AMP1|RFQ1-MSTR1-AMP1:I4Mes
4816|RFQ-MASTER-AMP1|RFQ1-MSTR1-AMP1:IAnodeMes
4816|RFQ-MASTER-AMP1|RFQ1-MSTR1-AMP1:IfilMes
4816|RFQ-MASTER-AMP1|RFQ1-MSTR1-AMP1:IG1Mes
4816|RFQ-MASTER-AMP1|RFQ1-MSTR1-AMP1:IG2Mes
4816|RFQ-MASTER-AMP1|RFQ1-MSTR1-AMP1:StateMbb
4816|RFQ-MASTER-AMP1|RFQ1-MSTR1-AMP1:StateMbb.B2
4816|RFQ-MASTER-AMP1|RFQ1-MSTR1-AMP1:TDisMes
4816|RFQ-MASTER-AMP1|RFQ1-MSTR1-AMP1:TeauDisMes
4816|RFQ-MASTER-AMP1|RFQ1-MSTR1-AMP1:TEauTubMes
4816|RFQ-MASTER-AMP1|RFQ1-MSTR1-AMP1:TinChMes
4816|RFQ-MASTER-AMP1|RFQ1-MSTR1-AMP1:ToutChMes
4816|RFQ-MASTER-AMP1|RFQ1-MSTR1-AMP1:V1Mes
4816|RFQ-MASTER-AMP1|RFQ1-MSTR1-AMP1:V2Mes
4816|RFQ-MASTER-AMP1|RFQ1-MSTR1-AMP1:VAnodeMes
4816|RFQ-MASTER-AMP1|RFQ1-MSTR1-AMP1:VG1Mes
4816|RFQ-MASTER-AMP1|RFQ1-MSTR1-AMP1:VG2Mes
4816|RFQ-MASTER-AMP1|RFQ1-MSTR1-AMP1:WIncCpMes
4816|RFQ-MASTER-AMP1|RFQ1-MSTR1-AMP1:WIncMes
4816|RFQ-MASTER-AMP1|RFQ1-MSTR1-AMP1:WRefCpMes
4816|RFQ-MASTER-AMP1|RFQ1-MSTR1-AMP1:WRefMes
4816|RFQ-SLV2-AMP1|RFQ1-SLV2-AMP1:DebEauChMes
4816|RFQ-SLV2-AMP1|RFQ1-SLV2-AMP1:DebEauDisMes
4816|RFQ-SLV2-AMP1|RFQ1-SLV2-AMP1:DebEauTubMes
4816|RFQ-SLV2-AMP1|RFQ1-SLV2-AMP1:DefectMbb
4816|RFQ-SLV2-AMP1|RFQ1-SLV2-AMP1:I1Mes
4816|RFQ-SLV2-AMP1|RFQ1-SLV2-AMP1:I2Mes
4816|RFQ-SLV2-AMP1|RFQ1-SLV2-AMP1:I3Mes
4816|RFQ-SLV2-AMP1|RFQ1-SLV2-AMP1:I4Mes
4816|RFQ-SLV2-AMP1|RFQ1-SLV2-AMP1:IAnodeMes
4816|RFQ-SLV2-AMP1|RFQ1-SLV2-AMP1:IfilMes
4816|RFQ-SLV2-AMP1|RFQ1-SLV2-AMP1:IG1Mes
4816|RFQ-SLV2-AMP1|RFQ1-SLV2-AMP1:IG2Mes
4816|RFQ-SLV2-AMP1|RFQ1-SLV2-AMP1:StateMbb
4816|RFQ-SLV2-AMP1|RFQ1-SLV2-AMP1:StateMbb.B2
4816|RFQ-SLV2-AMP1|RFQ1-SLV2-AMP1:TDisMes
4816|RFQ-SLV2-AMP1|RFQ1-SLV2-AMP1:TeauDisMes
4816|RFQ-SLV2-AMP1|RFQ1-SLV2-AMP1:TEauTubMes
4816|RFQ-SLV2-AMP1|RFQ1-SLV2-AMP1:TinChMes
4816|RFQ-SLV2-AMP1|RFQ1-SLV2-AMP1:ToutChMes
4816|RFQ-SLV2-AMP1|RFQ1-SLV2-AMP1:V1Mes
4816|RFQ-SLV2-AMP1|RFQ1-SLV2-AMP1:V2Mes
4816|RFQ-SLV2-AMP1|RFQ1-SLV2-AMP1:VAnodeMes
4816|RFQ-SLV2-AMP1|RFQ1-SLV2-AMP1:VG1Mes
4816|RFQ-SLV2-AMP1|RFQ1-SLV2-AMP1:VG2Mes
4816|RFQ-SLV2-AMP1|RFQ1-SLV2-AMP1:WIncCpMes
4816|RFQ-SLV2-AMP1|RFQ1-SLV2-AMP1:WIncMes
4816|RFQ-SLV2-AMP1|RFQ1-SLV2-AMP1:WRefCpMes
4816|RFQ-SLV2-AMP1|RFQ1-SLV2-AMP1:WRefMes
4816|RFQ-SLV3-AMP1|RFQ1-SLV3-AMP1:DebEauChMes
4816|RFQ-SLV3-AMP1|RFQ1-SLV3-AMP1:DebEauDisMes
4816|RFQ-SLV3-AMP1|RFQ1-SLV3-AMP1:DebEauTubMes
4816|RFQ-SLV3-AMP1|RFQ1-SLV3-AMP1:DefectMbb
4816|RFQ-SLV3-AMP1|RFQ1-SLV3-AMP1:I1Mes
4816|RFQ-SLV3-AMP1|RFQ1-SLV3-AMP1:I2Mes
4816|RFQ-SLV3-AMP1|RFQ1-SLV3-AMP1:I3Mes
4816|RFQ-SLV3-AMP1|RFQ1-SLV3-AMP1:I4Mes
4816|RFQ-SLV3-AMP1|RFQ1-SLV3-AMP1:IAnodeMes
4816|RFQ-SLV3-AMP1|RFQ1-SLV3-AMP1:IfilMes
4816|RFQ-SLV3-AMP1|RFQ1-SLV3-AMP1:IG1Mes
4816|RFQ-SLV3-AMP1|RFQ1-SLV3-AMP1:IG2Mes
4816|RFQ-SLV3-AMP1|RFQ1-SLV3-AMP1:StateMbb
4816|RFQ-SLV3-AMP1|RFQ1-SLV3-AMP1:StateMbb.B2
4816|RFQ-SLV3-AMP1|RFQ1-SLV3-AMP1:TDisMes
4816|RFQ-SLV3-AMP1|RFQ1-SLV3-AMP1:TeauDisMes
4816|RFQ-SLV3-AMP1|RFQ1-SLV3-AMP1:TEauTubMes
4816|RFQ-SLV3-AMP1|RFQ1-SLV3-AMP1:TinChMes
4816|RFQ-SLV3-AMP1|RFQ1-SLV3-AMP1:ToutChMes
4816|RFQ-SLV3-AMP1|RFQ1-SLV3-AMP1:V1Mes
4816|RFQ-SLV3-AMP1|RFQ1-SLV3-AMP1:V2Mes
4816|RFQ-SLV3-AMP1|RFQ1-SLV3-AMP1:VAnodeMes
4816|RFQ-SLV3-AMP1|RFQ1-SLV3-AMP1:VG1Mes
4816|RFQ-SLV3-AMP1|RFQ1-SLV3-AMP1:VG2Mes
4816|RFQ-SLV3-AMP1|RFQ1-SLV3-AMP1:WIncCpMes
4816|RFQ-SLV3-AMP1|RFQ1-SLV3-AMP1:WIncMes
4816|RFQ-SLV3-AMP1|RFQ1-SLV3-AMP1:WRefCpMes
4816|RFQ-SLV3-AMP1|RFQ1-SLV3-AMP1:WRefMes
4816|RFQ-SLV4-AMP1|RFQ1-SLV4-AMP1:DebEauChMes
4816|RFQ-SLV4-AMP1|RFQ1-SLV4-AMP1:DebEauDisMes
4816|RFQ-SLV4-AMP1|RFQ1-SLV4-AMP1:DebEauTubMes
4816|RFQ-SLV4-AMP1|RFQ1-SLV4-AMP1:DefectMbb
4816|RFQ-SLV4-AMP1|RFQ1-SLV4-AMP1:I1Mes
4816|RFQ-SLV4-AMP1|RFQ1-SLV4-AMP1:I2Mes
4816|RFQ-SLV4-AMP1|RFQ1-SLV4-AMP1:I3Mes
4816|RFQ-SLV4-AMP1|RFQ1-SLV4-AMP1:I4Mes
4816|RFQ-SLV4-AMP1|RFQ1-SLV4-AMP1:IAnodeMes
4816|RFQ-SLV4-AMP1|RFQ1-SLV4-AMP1:IfilMes
4816|RFQ-SLV4-AMP1|RFQ1-SLV4-AMP1:IG1Mes
4816|RFQ-SLV4-AMP1|RFQ1-SLV4-AMP1:IG2Mes
4816|RFQ-SLV4-AMP1|RFQ1-SLV4-AMP1:StateMbb
4816|RFQ-SLV4-AMP1|RFQ1-SLV4-AMP1:StateMbb.B2
4816|RFQ-SLV4-AMP1|RFQ1-SLV4-AMP1:TDisMes
4816|RFQ-SLV4-AMP1|RFQ1-SLV4-AMP1:TeauDisMes
4816|RFQ-SLV4-AMP1|RFQ1-SLV4-AMP1:TEauTubMes
4816|RFQ-SLV4-AMP1|RFQ1-SLV4-AMP1:TinChMes
4816|RFQ-SLV4-AMP1|RFQ1-SLV4-AMP1:ToutChMes
4816|RFQ-SLV4-AMP1|RFQ1-SLV4-AMP1:V1Mes
4816|RFQ-SLV4-AMP1|RFQ1-SLV4-AMP1:V2Mes
4816|RFQ-SLV4-AMP1|RFQ1-SLV4-AMP1:VAnodeMes
4816|RFQ-SLV4-AMP1|RFQ1-SLV4-AMP1:VG1Mes
4816|RFQ-SLV4-AMP1|RFQ1-SLV4-AMP1:VG2Mes
4816|RFQ-SLV4-AMP1|RFQ1-SLV4-AMP1:WIncCpMes
4816|RFQ-SLV4-AMP1|RFQ1-SLV4-AMP1:WIncMes
4816|RFQ-SLV4-AMP1|RFQ1-SLV4-AMP1:WRefCpMes
4816|RFQ-SLV4-AMP1|RFQ1-SLV4-AMP1:WRefMes
4816|RFQ-THERM|RFQ1-THERM:BEchT3Mes
4816|RFQ-THERM|RFQ1-THERM:BEchV3Mes
4816|RFQ-THERM|RFQ1-THERM:BLamT2Mes
4816|RFQ-THERM|RFQ1-THERM:BLamT5Mes
4816|RFQ-THERM|RFQ1-THERM:BLamV2Mes
4816|RFQ-THERM|RFQ1-THERM:BTubT1Mes
4816|RFQ-THERM|RFQ1-THERM:BTubT4Mes
4816|RFQ-THERM|RFQ1-THERM:BTubV1Mes
4816|RFQ1-PICKUP|RFQ1-PKP:ArchEnable
4816|RFQ1-PICKUP|RFQ1-PKP-01:Etyp
4816|RFQ1-PICKUP|RFQ1-PKP-01:Moy
4816|RFQ1-PICKUP|RFQ1-PKP-01:VAct
4816|RFQ1-PICKUP|RFQ1-PKP-02:Etyp
4816|RFQ1-PICKUP|RFQ1-PKP-02:Moy
4816|RFQ1-PICKUP|RFQ1-PKP-02:VAct
4816|RFQ1-PICKUP|RFQ1-PKP-03:Etyp
4816|RFQ1-PICKUP|RFQ1-PKP-03:Moy
4816|RFQ1-PICKUP|RFQ1-PKP-03:VAct
4816|RFQ1-PICKUP|RFQ1-PKP-04:Etyp
4816|RFQ1-PICKUP|RFQ1-PKP-04:Moy
4816|RFQ1-PICKUP|RFQ1-PKP-04:VAct
4816|RFQ1-PICKUP|RFQ1-PKP-05:Etyp
4816|RFQ1-PICKUP|RFQ1-PKP-05:Moy
4816|RFQ1-PICKUP|RFQ1-PKP-05:VAct
4816|RFQ1-PICKUP|RFQ1-PKP-06:Etyp
4816|RFQ1-PICKUP|RFQ1-PKP-06:Moy
4816|RFQ1-PICKUP|RFQ1-PKP-06:VAct
4816|RFQ1-PICKUP|RFQ1-PKP-07:Etyp
4816|RFQ1-PICKUP|RFQ1-PKP-07:Moy
4816|RFQ1-PICKUP|RFQ1-PKP-07:VAct
4816|RFQ1-PICKUP|RFQ1-PKP-08:Etyp
4816|RFQ1-PICKUP|RFQ1-PKP-08:Moy
4816|RFQ1-PICKUP|RFQ1-PKP-08:VAct
4816|RFQ1-PICKUP|RFQ1-PKP-09:Etyp
4816|RFQ1-PICKUP|RFQ1-PKP-09:Moy
4816|RFQ1-PICKUP|RFQ1-PKP-09:VAct
4816|RFQ1-PICKUP|RFQ1-PKP-10:Etyp
4816|RFQ1-PICKUP|RFQ1-PKP-10:Moy
4816|RFQ1-PICKUP|RFQ1-PKP-10:VAct
4816|RFQ1-PICKUP|RFQ1-PKP-11:Etyp
4816|RFQ1-PICKUP|RFQ1-PKP-11:Moy
4816|RFQ1-PICKUP|RFQ1-PKP-11:VAct
4816|RFQ1-PICKUP|RFQ1-PKP-12:Etyp
4816|RFQ1-PICKUP|RFQ1-PKP-12:Moy
4816|RFQ1-PICKUP|RFQ1-PKP-12:VAct
4816|RFQ1-PICKUP|RFQ1-PKP-13:Etyp
4816|RFQ1-PICKUP|RFQ1-PKP-13:Moy
4816|RFQ1-PICKUP|RFQ1-PKP-13:VAct
4816|RFQ1-PICKUP|RFQ1-PKP-14:Etyp
4816|RFQ1-PICKUP|RFQ1-PKP-14:Moy
4816|RFQ1-PICKUP|RFQ1-PKP-14:VAct
4816|RFQ1-PICKUP|RFQ1-PKP-15:Etyp
4816|RFQ1-PICKUP|RFQ1-PKP-15:Moy
4816|RFQ1-PICKUP|RFQ1-PKP-15:VAct
4816|RFQ1-PICKUP|RFQ1-PKP-16:Etyp
4816|RFQ1-PICKUP|RFQ1-PKP-16:Moy
4816|RFQ1-PICKUP|RFQ1-PKP-16:VAct
4816|RFQ1-PICKUP|RFQ1-PKP:ArchEnable
4816|RFQ1-PICKUP|RFQ1-PKP:Comment
4816|RFQ1-PICKUP|RFQ1-PKP:TrigMes
4816|RFQ1-PICKUP-LLRF|LINA-PKUP01-CAV1:Llrf.UCI
4816|RFQ1-PICKUP-LLRF|LINA-PKUP01-CAV1:Llrf.UCQ
4816|RFQ1-PICKUP-LLRF|LINA-PKUP01-CAV1:Llrf.UII
4816|RFQ1-PICKUP-LLRF|LINA-PKUP01-CAV1:Llrf.UIQ
4816|RFQ1-PICKUP-LLRF|LINA-PKUP02-CAV1:Llrf.UCI
4816|RFQ1-PICKUP-LLRF|LINA-PKUP02-CAV1:Llrf.UCQ
4816|RFQ1-PICKUP-LLRF|LINA-PKUP02-CAV1:Llrf.UII
4816|RFQ1-PICKUP-LLRF|LINA-PKUP02-CAV1:Llrf.UIQ
4816|RFQ1-PICKUP-LLRF|LINA-PKUP03-CAV1:Llrf.UCI
4816|RFQ1-PICKUP-LLRF|LINA-PKUP03-CAV1:Llrf.UCQ
4816|RFQ1-PICKUP-LLRF|LINA-PKUP03-CAV1:Llrf.UII
4816|RFQ1-PICKUP-LLRF|LINA-PKUP03-CAV1:Llrf.UIQ
4816|RFQ1-PICKUP-LLRF|LINA-PKUP04-CAV1:Llrf.UCI
4816|RFQ1-PICKUP-LLRF|LINA-PKUP04-CAV1:Llrf.UCQ
4816|RFQ1-PICKUP-LLRF|LINA-PKUP04-CAV1:Llrf.UII
4816|RFQ1-PICKUP-LLRF|LINA-PKUP04-CAV1:Llrf.UIQ
4816|RFQ1-PICKUP-LLRF|LINA-PKUP05-CAV1:Llrf.UCI
4816|RFQ1-PICKUP-LLRF|LINA-PKUP05-CAV1:Llrf.UCQ
4816|RFQ1-PICKUP-LLRF|LINA-PKUP05-CAV1:Llrf.UII
4816|RFQ1-PICKUP-LLRF|LINA-PKUP05-CAV1:Llrf.UIQ
4816|RFQ1-PICKUP-LLRF|LINA-PKUP06-CAV1:Llrf.UCI
4816|RFQ1-PICKUP-LLRF|LINA-PKUP06-CAV1:Llrf.UCQ
4816|RFQ1-PICKUP-LLRF|LINA-PKUP06-CAV1:Llrf.UII
4816|RFQ1-PICKUP-LLRF|LINA-PKUP06-CAV1:Llrf.UIQ
4816|RFQ1-PICKUP-LLRF|LINA-PKUP07-CAV1:Llrf.UCI
4816|RFQ1-PICKUP-LLRF|LINA-PKUP07-CAV1:Llrf.UCQ
4816|RFQ1-PICKUP-LLRF|LINA-PKUP07-CAV1:Llrf.UII
4816|RFQ1-PICKUP-LLRF|LINA-PKUP07-CAV1:Llrf.UIQ
4816|RFQ1-PICKUP-LLRF|LINA-PKUP08-CAV1:Llrf.UCI
4816|RFQ1-PICKUP-LLRF|LINA-PKUP08-CAV1:Llrf.UCQ
4816|RFQ1-PICKUP-LLRF|LINA-PKUP08-CAV1:Llrf.UII
4816|RFQ1-PICKUP-LLRF|LINA-PKUP08-CAV1:Llrf.UIQ
4816|RFQ1LME-VIDE|LME-EV1-VI50:State
4816|RFQ1LME-VIDE|LME-EV1:JP1Mes
4816|RFQ1LME-VIDE|LME-EV1:JP2Mes
4816|RFQ1LME-VIDE|LME-EV1:JS1Mes
4816|RFQ1LME-VIDE|LME-EV1:JS2Mes
4816|RFQ1LME-VIDE|LME-EV1:JS3Mes
4816|RFQ1LME-VIDE|LME-EV1:JS4Mes
4816|RFQ1LME-VIDE|RFQ1-EV1-VA1:State
4816|RFQ1LME-VIDE|RFQ1-EV1-VI40:State
4816|RFQ1LME-VIDE|RFQ1-EV1-VP1:State
4816|RFQ1LME-VIDE|RFQ1-EV1:JP1Mes
4816|RFQ1LME-VIDE|RFQ1-EV1:JS1Mes
4816|SdP|LME-SDP-SCINF:DeltaTemp
4816|SdP|LME-SDP-SCSUP:DeltaTemp
4816|SdP|LME-SDP21-HT:ComCtrlAlarm
4816|SdP|LME-SDP21-HT:MESUREHT1
4816|SdP|LME-SDP21-HT:MESUREHT2
4816|SdP|LME-SDP21-HT:MESURESOMME
4816|SdP|LME-SDP21-HT:OscilloMesDeltaTrigVPMax
4816|SdP|LME-SDP21-HT:OscilloMesDeltaTrigVPMin
4816|SdP|LME-SDP21-HT:OscilloMesDeltaVPMaxVPMin
4816|VXSTAT|iocVMELME:caChannels
4816|VXSTAT|iocVMELME:caClients
4816|VXSTAT|iocVMELME:caLinksDiscon
4816|VXSTAT|iocVMELME:cpuUsedPercent
4816|VXSTAT|iocVMELME:fdUsedPercent
4816|VXSTAT|iocVMELME:memoryUsedPercent
4817|LABO-LB1-BPM|LABO-LB1-BPM1:Bpm.AMP_REF
4817|LABO-LB1-BPM|LABO-LB1-BPM1:Bpm.AMP_VECTORSUM
4817|LABO-LB1-BPM|LABO-LB1-BPM1:Bpm.ELLIPTICITY
4817|LABO-LB1-BPM|LABO-LB1-BPM1:Bpm.PHA_REF
4817|LABO-LB1-BPM|LABO-LB1-BPM1:Bpm.PHA_VECTORSUM
4817|LABO-LB1-BPM|LABO-LB1-BPM1:Bpm.POSITION_X
4817|LABO-LB1-BPM|LABO-LB1-BPM1:Bpm.POSITION_Y
4817|LABO-LB1-BPM|LABO-LB1-BPM2:Bpm.AMP_REF
4817|LABO-LB1-BPM|LABO-LB1-BPM2:Bpm.AMP_VECTORSUM
4817|LABO-LB1-BPM|LABO-LB1-BPM2:Bpm.ELLIPTICITY
4817|LABO-LB1-BPM|LABO-LB1-BPM2:Bpm.PHA_REF
4817|LABO-LB1-BPM|LABO-LB1-BPM2:Bpm.PHA_VECTORSUM
4817|LABO-LB1-BPM|LABO-LB1-BPM2:Bpm.POSITION_X
4817|LABO-LB1-BPM|LABO-LB1-BPM2:Bpm.POSITION_Y
4817|LABO-LB1-BPM|LB1-BPM-CALIB:LectureRefH1
4817|LABO-LB1-BPM|LB1-BPM-CALIB:LectureRefH2
4817|LABO-LB1-BPM|LB1-BPM-CALIB:LectureRefRF
4817|LABO-LB1-BPM|LB1-BPM-CALIB:LectureTemp1
4817|LABO-LB1-BPM|LB1-BPM-CALIB:LectureTemp2
4817|LABO-LB1-BPM|LB1-BPM-CALIB:LectureTemp3
4817|LABO-LB1-BPM|LB1-BPM-CALIB:LectureTension12V
4817|LINA-BPM011|LINA-BPM011:Bpm.AMPX1
4817|LINA-BPM011|LINA-BPM011:Bpm.AMPX2
4817|LINA-BPM011|LINA-BPM011:Bpm.AMPY1
4817|LINA-BPM011|LINA-BPM011:Bpm.AMPY2
4817|LINA-BPM011|LINA-BPM011:Bpm.AMP_REF
4817|LINA-BPM011|LINA-BPM011:Bpm.AMP_VECTORSUM
4817|LINA-BPM011|LINA-BPM011:Bpm.ELLIPTICITY
4817|LINA-BPM011|LINA-BPM011:Bpm.PHA_DIFF_X1
4817|LINA-BPM011|LINA-BPM011:Bpm.PHA_DIFF_X2
4817|LINA-BPM011|LINA-BPM011:Bpm.PHA_DIFF_Y1
4817|LINA-BPM011|LINA-BPM011:Bpm.PHA_DIFF_Y2
4817|LINA-BPM011|LINA-BPM011:Bpm.PHA_REF
4817|LINA-BPM011|LINA-BPM011:Bpm.PHA_VECTORSUM
4817|LINA-BPM011|LINA-BPM011:Bpm.POSITION_X
4817|LINA-BPM011|LINA-BPM011:Bpm.POSITION_Y
4817|LINA-BPM011|LINA-BPM011:Bpm.REF_SEL
4817|LINA-BPM021|LINA-BPM021:Bpm.AMPX1
4817|LINA-BPM021|LINA-BPM021:Bpm.AMPX2
4817|LINA-BPM021|LINA-BPM021:Bpm.AMPY1
4817|LINA-BPM021|LINA-BPM021:Bpm.AMPY2
4817|LINA-BPM021|LINA-BPM021:Bpm.AMP_REF
4817|LINA-BPM021|LINA-BPM021:Bpm.AMP_VECTORSUM
4817|LINA-BPM021|LINA-BPM021:Bpm.ELLIPTICITY
4817|LINA-BPM021|LINA-BPM021:Bpm.PHA_DIFF_X1
4817|LINA-BPM021|LINA-BPM021:Bpm.PHA_DIFF_X2
4817|LINA-BPM021|LINA-BPM021:Bpm.PHA_DIFF_Y1
4817|LINA-BPM021|LINA-BPM021:Bpm.PHA_DIFF_Y2
4817|LINA-BPM021|LINA-BPM021:Bpm.PHA_REF
4817|LINA-BPM021|LINA-BPM021:Bpm.PHA_VECTORSUM
4817|LINA-BPM021|LINA-BPM021:Bpm.POSITION_X
4817|LINA-BPM021|LINA-BPM021:Bpm.POSITION_Y
4817|LINA-BPM021|LINA-BPM021:Bpm.REF_SEL
4817|LINA-BPM031|LINA-BPM031:Bpm.AMPX1
4817|LINA-BPM031|LINA-BPM031:Bpm.AMPX2
4817|LINA-BPM031|LINA-BPM031:Bpm.AMPY1
4817|LINA-BPM031|LINA-BPM031:Bpm.AMPY2
4817|LINA-BPM031|LINA-BPM031:Bpm.AMP_REF
4817|LINA-BPM031|LINA-BPM031:Bpm.AMP_VECTORSUM
4817|LINA-BPM031|LINA-BPM031:Bpm.ELLIPTICITY
4817|LINA-BPM031|LINA-BPM031:Bpm.PHA_DIFF_X1
4817|LINA-BPM031|LINA-BPM031:Bpm.PHA_DIFF_X2
4817|LINA-BPM031|LINA-BPM031:Bpm.PHA_DIFF_Y1
4817|LINA-BPM031|LINA-BPM031:Bpm.PHA_DIFF_Y2
4817|LINA-BPM031|LINA-BPM031:Bpm.PHA_REF
4817|LINA-BPM031|LINA-BPM031:Bpm.PHA_VECTORSUM
4817|LINA-BPM031|LINA-BPM031:Bpm.POSITION_X
4817|LINA-BPM031|LINA-BPM031:Bpm.POSITION_Y
4817|LINA-BPM031|LINA-BPM031:Bpm.REF_SEL
4817|LINA-BPM041|LINA-BPM041:Bpm.AMPX1
4817|LINA-BPM041|LINA-BPM041:Bpm.AMPX2
4817|LINA-BPM041|LINA-BPM041:Bpm.AMPY1
4817|LINA-BPM041|LINA-BPM041:Bpm.AMPY2
4817|LINA-BPM041|LINA-BPM041:Bpm.AMP_REF
4817|LINA-BPM041|LINA-BPM041:Bpm.AMP_VECTORSUM
4817|LINA-BPM041|LINA-BPM041:Bpm.ELLIPTICITY
4817|LINA-BPM041|LINA-BPM041:Bpm.PHA_DIFF_X1
4817|LINA-BPM041|LINA-BPM041:Bpm.PHA_DIFF_X2
4817|LINA-BPM041|LINA-BPM041:Bpm.PHA_DIFF_Y1
4817|LINA-BPM041|LINA-BPM041:Bpm.PHA_DIFF_Y2
4817|LINA-BPM041|LINA-BPM041:Bpm.PHA_REF
4817|LINA-BPM041|LINA-BPM041:Bpm.PHA_VECTORSUM
4817|LINA-BPM041|LINA-BPM041:Bpm.POSITION_X
4817|LINA-BPM041|LINA-BPM041:Bpm.POSITION_Y
4817|LINA-BPM041|LINA-BPM041:Bpm.REF_SEL
4817|LINA-BPM051|LINA-BPM051:Bpm.AMPX1
4817|LINA-BPM051|LINA-BPM051:Bpm.AMPX2
4817|LINA-BPM051|LINA-BPM051:Bpm.AMPY1
4817|LINA-BPM051|LINA-BPM051:Bpm.AMPY2
4817|LINA-BPM051|LINA-BPM051:Bpm.AMP_REF
4817|LINA-BPM051|LINA-BPM051:Bpm.AMP_VECTORSUM
4817|LINA-BPM051|LINA-BPM051:Bpm.ELLIPTICITY
4817|LINA-BPM051|LINA-BPM051:Bpm.PHA_DIFF_X1
4817|LINA-BPM051|LINA-BPM051:Bpm.PHA_DIFF_X2
4817|LINA-BPM051|LINA-BPM051:Bpm.PHA_DIFF_Y1
4817|LINA-BPM051|LINA-BPM051:Bpm.PHA_DIFF_Y2
4817|LINA-BPM051|LINA-BPM051:Bpm.PHA_REF
4817|LINA-BPM051|LINA-BPM051:Bpm.PHA_VECTORSUM
4817|LINA-BPM051|LINA-BPM051:Bpm.POSITION_X
4817|LINA-BPM051|LINA-BPM051:Bpm.POSITION_Y
4817|LINA-BPM051|LINA-BPM051:Bpm.REF_SEL
4817|LINA-BPM061|LINA-BPM061:Bpm.AMPX1
4817|LINA-BPM061|LINA-BPM061:Bpm.AMPX2
4817|LINA-BPM061|LINA-BPM061:Bpm.AMPY1
4817|LINA-BPM061|LINA-BPM061:Bpm.AMPY2
4817|LINA-BPM061|LINA-BPM061:Bpm.AMP_REF
4817|LINA-BPM061|LINA-BPM061:Bpm.AMP_VECTORSUM
4817|LINA-BPM061|LINA-BPM061:Bpm.ELLIPTICITY
4817|LINA-BPM061|LINA-BPM061:Bpm.PHA_DIFF_X1
4817|LINA-BPM061|LINA-BPM061:Bpm.PHA_DIFF_X2
4817|LINA-BPM061|LINA-BPM061:Bpm.PHA_DIFF_Y1
4817|LINA-BPM061|LINA-BPM061:Bpm.PHA_DIFF_Y2
4817|LINA-BPM061|LINA-BPM061:Bpm.PHA_REF
4817|LINA-BPM061|LINA-BPM061:Bpm.PHA_VECTORSUM
4817|LINA-BPM061|LINA-BPM061:Bpm.POSITION_X
4817|LINA-BPM061|LINA-BPM061:Bpm.POSITION_Y
4817|LINA-BPM061|LINA-BPM061:Bpm.REF_SEL
4817|LINA-BPM071|LINA-BPM071:Bpm.AMPX1
4817|LINA-BPM071|LINA-BPM071:Bpm.AMPX2
4817|LINA-BPM071|LINA-BPM071:Bpm.AMPY1
4817|LINA-BPM071|LINA-BPM071:Bpm.AMPY2
4817|LINA-BPM071|LINA-BPM071:Bpm.AMP_REF
4817|LINA-BPM071|LINA-BPM071:Bpm.AMP_VECTORSUM
4817|LINA-BPM071|LINA-BPM071:Bpm.ELLIPTICITY
4817|LINA-BPM071|LINA-BPM071:Bpm.PHA_DIFF_X1
4817|LINA-BPM071|LINA-BPM071:Bpm.PHA_DIFF_X2
4817|LINA-BPM071|LINA-BPM071:Bpm.PHA_DIFF_Y1
4817|LINA-BPM071|LINA-BPM071:Bpm.PHA_DIFF_Y2
4817|LINA-BPM071|LINA-BPM071:Bpm.PHA_REF
4817|LINA-BPM071|LINA-BPM071:Bpm.PHA_VECTORSUM
4817|LINA-BPM071|LINA-BPM071:Bpm.POSITION_X
4817|LINA-BPM071|LINA-BPM071:Bpm.POSITION_Y
4817|LINA-BPM071|LINA-BPM071:Bpm.REF_SEL
4817|LINA-BPM081|LINA-BPM081:Bpm.AMPX1
4817|LINA-BPM081|LINA-BPM081:Bpm.AMPX2
4817|LINA-BPM081|LINA-BPM081:Bpm.AMPY1
4817|LINA-BPM081|LINA-BPM081:Bpm.AMPY2
4817|LINA-BPM081|LINA-BPM081:Bpm.AMP_REF
4817|LINA-BPM081|LINA-BPM081:Bpm.AMP_VECTORSUM
4817|LINA-BPM081|LINA-BPM081:Bpm.ELLIPTICITY
4817|LINA-BPM081|LINA-BPM081:Bpm.PHA_DIFF_X1
4817|LINA-BPM081|LINA-BPM081:Bpm.PHA_DIFF_X2
4817|LINA-BPM081|LINA-BPM081:Bpm.PHA_DIFF_Y1
4817|LINA-BPM081|LINA-BPM081:Bpm.PHA_DIFF_Y2
4817|LINA-BPM081|LINA-BPM081:Bpm.PHA_REF
4817|LINA-BPM081|LINA-BPM081:Bpm.PHA_VECTORSUM
4817|LINA-BPM081|LINA-BPM081:Bpm.POSITION_X
4817|LINA-BPM081|LINA-BPM081:Bpm.POSITION_Y
4817|LINA-BPM081|LINA-BPM081:Bpm.REF_SEL
4817|LINA-BPM091|LINA-BPM091:Bpm.AMPX1
4817|LINA-BPM091|LINA-BPM091:Bpm.AMPX2
4817|LINA-BPM091|LINA-BPM091:Bpm.AMPY1
4817|LINA-BPM091|LINA-BPM091:Bpm.AMPY2
4817|LINA-BPM091|LINA-BPM091:Bpm.AMP_REF
4817|LINA-BPM091|LINA-BPM091:Bpm.AMP_VECTORSUM
4817|LINA-BPM091|LINA-BPM091:Bpm.ELLIPTICITY
4817|LINA-BPM091|LINA-BPM091:Bpm.PHA_DIFF_X1
4817|LINA-BPM091|LINA-BPM091:Bpm.PHA_DIFF_X2
4817|LINA-BPM091|LINA-BPM091:Bpm.PHA_DIFF_Y1
4817|LINA-BPM091|LINA-BPM091:Bpm.PHA_DIFF_Y2
4817|LINA-BPM091|LINA-BPM091:Bpm.PHA_REF
4817|LINA-BPM091|LINA-BPM091:Bpm.PHA_VECTORSUM
4817|LINA-BPM091|LINA-BPM091:Bpm.POSITION_X
4817|LINA-BPM091|LINA-BPM091:Bpm.POSITION_Y
4817|LINA-BPM091|LINA-BPM091:Bpm.REF_SEL
4817|LINA-BPM101|LINA-BPM101:Bpm.AMPX1
4817|LINA-BPM101|LINA-BPM101:Bpm.AMPX2
4817|LINA-BPM101|LINA-BPM101:Bpm.AMPY1
4817|LINA-BPM101|LINA-BPM101:Bpm.AMPY2
4817|LINA-BPM101|LINA-BPM101:Bpm.AMP_REF
4817|LINA-BPM101|LINA-BPM101:Bpm.AMP_VECTORSUM
4817|LINA-BPM101|LINA-BPM101:Bpm.ELLIPTICITY
4817|LINA-BPM101|LINA-BPM101:Bpm.PHA_DIFF_X1
4817|LINA-BPM101|LINA-BPM101:Bpm.PHA_DIFF_X2
4817|LINA-BPM101|LINA-BPM101:Bpm.PHA_DIFF_Y1
4817|LINA-BPM101|LINA-BPM101:Bpm.PHA_DIFF_Y2
4817|LINA-BPM101|LINA-BPM101:Bpm.PHA_REF
4817|LINA-BPM101|LINA-BPM101:Bpm.PHA_VECTORSUM
4817|LINA-BPM101|LINA-BPM101:Bpm.POSITION_X
4817|LINA-BPM101|LINA-BPM101:Bpm.POSITION_Y
4817|LINA-BPM101|LINA-BPM101:Bpm.REF_SEL
4817|LINA-BPM111|LINA-BPM111:Bpm.AMPX1
4817|LINA-BPM111|LINA-BPM111:Bpm.AMPX2
4817|LINA-BPM111|LINA-BPM111:Bpm.AMPY1
4817|LINA-BPM111|LINA-BPM111:Bpm.AMPY2
4817|LINA-BPM111|LINA-BPM111:Bpm.AMP_REF
4817|LINA-BPM111|LINA-BPM111:Bpm.AMP_VECTORSUM
4817|LINA-BPM111|LINA-BPM111:Bpm.ELLIPTICITY
4817|LINA-BPM111|LINA-BPM111:Bpm.PHA_DIFF_X1
4817|LINA-BPM111|LINA-BPM111:Bpm.PHA_DIFF_X2
4817|LINA-BPM111|LINA-BPM111:Bpm.PHA_DIFF_Y1
4817|LINA-BPM111|LINA-BPM111:Bpm.PHA_DIFF_Y2
4817|LINA-BPM111|LINA-BPM111:Bpm.PHA_REF
4817|LINA-BPM111|LINA-BPM111:Bpm.PHA_VECTORSUM
4817|LINA-BPM111|LINA-BPM111:Bpm.POSITION_X
4817|LINA-BPM111|LINA-BPM111:Bpm.POSITION_Y
4817|LINA-BPM111|LINA-BPM111:Bpm.REF_SEL
4817|LINA-BPM121|LINA-BPM121:Bpm.AMPX1
4817|LINA-BPM121|LINA-BPM121:Bpm.AMPX2
4817|LINA-BPM121|LINA-BPM121:Bpm.AMPY1
4817|LINA-BPM121|LINA-BPM121:Bpm.AMPY2
4817|LINA-BPM121|LINA-BPM121:Bpm.AMP_REF
4817|LINA-BPM121|LINA-BPM121:Bpm.AMP_VECTORSUM
4817|LINA-BPM121|LINA-BPM121:Bpm.ELLIPTICITY
4817|LINA-BPM121|LINA-BPM121:Bpm.PHA_DIFF_X1
4817|LINA-BPM121|LINA-BPM121:Bpm.PHA_DIFF_X2
4817|LINA-BPM121|LINA-BPM121:Bpm.PHA_DIFF_Y1
4817|LINA-BPM121|LINA-BPM121:Bpm.PHA_DIFF_Y2
4817|LINA-BPM121|LINA-BPM121:Bpm.PHA_REF
4817|LINA-BPM121|LINA-BPM121:Bpm.PHA_VECTORSUM
4817|LINA-BPM121|LINA-BPM121:Bpm.POSITION_X
4817|LINA-BPM121|LINA-BPM121:Bpm.POSITION_Y
4817|LINA-BPM121|LINA-BPM121:Bpm.REF_SEL
4817|LINA-BPMCALIB|LINA-BPM-CALIB:LectureRefH1
4817|LINA-BPMCALIB|LINA-BPM-CALIB:LectureRefH2
4817|LINA-BPMCALIB|LINA-BPM-CALIB:LectureRefRF
4817|LINA-BPMCALIB|LINA-BPM-CALIB:LectureTemp1
4817|LINA-BPMCALIB|LINA-BPM-CALIB:LectureTemp2
4817|LINA-BPMCALIB|LINA-BPM-CALIB:LectureTemp3
4817|LINA-BPMCALIB|LINA-BPM-CALIB:LectureTension12V
4817|LINA-VIDE|LINA-CMA01-EV1:JP1Mes
4817|LINA-VIDE|LINA-CMA01-EV1:JS1Mes
4817|LINA-VIDE|LINA-CMA02-EV1:JP1Mes
4817|LINA-VIDE|LINA-CMA02-EV1:JS1Mes
4817|LINA-VIDE|LINA-CMA03-EV1:JP1Mes
4817|LINA-VIDE|LINA-CMA03-EV1:JS1Mes
4817|LINA-VIDE|LINA-CMA04-EV1:JP1Mes
4817|LINA-VIDE|LINA-CMA04-EV1:JS1Mes
4817|LINA-VIDE|LINA-CMA05-EV1:JP1Mes
4817|LINA-VIDE|LINA-CMA05-EV1:JS1Mes
4817|LINA-VIDE|LINA-CMA06-EV1:JP1Mes
4817|LINA-VIDE|LINA-CMA06-EV1:JS1Mes
4817|LINA-VIDE|LINA-CMA07-EV1:JP1Mes
4817|LINA-VIDE|LINA-CMA07-EV1:JS1Mes
4817|LINA-VIDE|LINA-CMA08-EV1:JP1Mes
4817|LINA-VIDE|LINA-CMA08-EV1:JS1Mes
4817|LINA-VIDE|LINA-CMA09-EV1:JP1Mes
4817|LINA-VIDE|LINA-CMA09-EV1:JS1Mes
4817|LINA-VIDE|LINA-CMA10-EV1:JP1Mes
4817|LINA-VIDE|LINA-CMA10-EV1:JS1Mes
4817|LINA-VIDE|LINA-CMA11-EV1:JP1Mes
4817|LINA-VIDE|LINA-CMA11-EV1:JS1Mes
4817|LINA-VIDE|LINA-CMA12-EV1:JP1Mes
4817|LINA-VIDE|LINA-CMA12-EV1:JS1Mes
4817|LINA-VIDE|LINA-SC01-EV1:JP1Mes
4817|LINA-VIDE|LINA-SC01-EV1:JS1Mes
4817|LINA-VIDE|LINA-SC02-EV1:JP1Mes
4817|LINA-VIDE|LINA-SC02-EV1:JS1Mes
4817|LINA-VIDE|LINA-SC03-EV1:JP1Mes
4817|LINA-VIDE|LINA-SC03-EV1:JS1Mes
4817|LINA-VIDE|LINA-SC04-EV1:JP1Mes
4817|LINA-VIDE|LINA-SC04-EV1:JS1Mes
4817|LINA-VIDE|LINA-SC05-EV1:JP1Mes
4817|LINA-VIDE|LINA-SC05-EV1:JS1Mes
4817|LINA-VIDE|LINA-SC06-EV1:JP1Mes
4817|LINA-VIDE|LINA-SC06-EV1:JS1Mes
4817|LINA-VIDE|LINA-SC07-EV1:JP1Mes
4817|LINA-VIDE|LINA-SC07-EV1:JS1Mes
4817|LINA-VIDE|LINA-SC08-EV1:JP1Mes
4817|LINA-VIDE|LINA-SC08-EV1:JS1Mes
4817|LINA-VIDE|LINA-SC09-EV1:JP1Mes
4817|LINA-VIDE|LINA-SC09-EV1:JS1Mes
4817|LINA-VIDE|LINA-SC10-EV1:JP1Mes
4817|LINA-VIDE|LINA-SC10-EV1:JS1Mes
4817|LINA-VIDE|LINA-SC11-EV1:JP1Mes
4817|LINA-VIDE|LINA-SC11-EV1:JS1Mes
4817|LINA-VIDE|LINA-SC12-EV1:JP1Mes
4817|LINA-VIDE|LINA-SC12-EV1:JS1Mes
4817|LINAC-ACCTDIFF|LINAC-ACCTDIFF-FAST:IMesCret
4817|LINAC-ACCTDIFF|LINAC-ACCTDIFF-SURV:ICptHard1Mes
4817|LINAC-ACCTDIFF|LINAC-ACCTDIFF-SURV:ICptSoft4Mes
4817|LINAC-BLM|BLM-M1:Mob_BOnCnt_Meas
4817|LINAC-BLM|BLM-M2:Mob_BOnCnt_Meas
4817|LINAC-BLM|BLM-M3:Mob_BOnCnt_Meas
4817|LINAC-BLM|BLM-M4:Mob_BOnCnt_Meas
4817|LINAC-BLM|BLM-M5:Mob_BOnCnt_Meas
4817|LINAC-BLM|LHE1-BLM11:AlarmCntThld_RB
4817|LINAC-BLM|LHE1-BLM11:AlarmStatus_Act
4817|LINAC-BLM|LHE1-BLM11:BOnCnt_Meas
4817|LINAC-BLM|LHE1-BLM11:EPSStatus_Act
4817|LINAC-BLM|LHE1-BLM11:Meas
4817|LINAC-BLM|LHE1-BLM12:AlarmCntThld_RB
4817|LINAC-BLM|LHE1-BLM12:AlarmStatus_Act
4817|LINAC-BLM|LHE1-BLM12:BOnCnt_Meas
4817|LINAC-BLM|LHE1-BLM12:EPSStatus_Act
4817|LINAC-BLM|LHE1-BLM12:Meas
4817|LINAC-BLM|LHE1-BLM13:AlarmCntThld_RB
4817|LINAC-BLM|LHE1-BLM13:AlarmStatus_Act
4817|LINAC-BLM|LHE1-BLM13:BOnCnt_Meas
4817|LINAC-BLM|LHE1-BLM13:EPSStatus_Act
4817|LINAC-BLM|LHE1-BLM13:Meas
4817|LINAC-BLM|LHE2-BLM11:AlarmCntThld_RB
4817|LINAC-BLM|LHE2-BLM11:AlarmStatus_Act
4817|LINAC-BLM|LHE2-BLM11:BOnCnt_Meas
4817|LINAC-BLM|LHE2-BLM11:EPSStatus_Act
4817|LINAC-BLM|LHE2-BLM11:Meas
4817|LINAC-BLM|LHE2-BLM21:AlarmCntThld_RB
4817|LINAC-BLM|LHE2-BLM21:AlarmStatus_Act
4817|LINAC-BLM|LHE2-BLM21:BOnCnt_Meas
4817|LINAC-BLM|LHE2-BLM21:EPSStatus_Act
4817|LINAC-BLM|LHE2-BLM21:Meas
4817|LINAC-BLM|LHNFS-BLM11:AlarmCntThld_RB
4817|LINAC-BLM|LHNFS-BLM11:AlarmStatus_Act
4817|LINAC-BLM|LHNFS-BLM11:BOnCnt_Meas
4817|LINAC-BLM|LHNFS-BLM11:EPSStatus_Act
4817|LINAC-BLM|LHNFS-BLM11:Meas
4817|LINAC-BLM|LHS3N-BLM11:BOnCnt_Meas
4817|LINAC-BLM|LHS3N-BLM11:Meas
4817|LINAC-BLM|LINA-BLM01:AlarmCntThld_RB
4817|LINAC-BLM|LINA-BLM01:AlarmStatus_Act
4817|LINAC-BLM|LINA-BLM01:BOnCnt_Meas
4817|LINAC-BLM|LINA-BLM01:EPSStatus_Act
4817|LINAC-BLM|LINA-BLM01:Meas
4817|LINAC-BLM|LINA-BLM02:AlarmCntThld_RB
4817|LINAC-BLM|LINA-BLM02:AlarmStatus_Act
4817|LINAC-BLM|LINA-BLM02:BOnCnt_Meas
4817|LINAC-BLM|LINA-BLM02:EPSStatus_Act
4817|LINAC-BLM|LINA-BLM02:Meas
4817|LINAC-BLM|LINA-BLM03:AlarmCntThld_RB
4817|LINAC-BLM|LINA-BLM03:AlarmStatus_Act
4817|LINAC-BLM|LINA-BLM03:BOnCnt_Meas
4817|LINAC-BLM|LINA-BLM03:EPSStatus_Act
4817|LINAC-BLM|LINA-BLM03:Meas
4817|LINAC-BLM|LINA-BLM04:AlarmCntThld_RB
4817|LINAC-BLM|LINA-BLM04:AlarmStatus_Act
4817|LINAC-BLM|LINA-BLM04:BOnCnt_Meas
4817|LINAC-BLM|LINA-BLM04:EPSStatus_Act
4817|LINAC-BLM|LINA-BLM04:Meas
4817|LINAC-BLM|LINA-BLM05:AlarmCntThld_RB
4817|LINAC-BLM|LINA-BLM05:AlarmStatus_Act
4817|LINAC-BLM|LINA-BLM05:BOnCnt_Meas
4817|LINAC-BLM|LINA-BLM05:EPSStatus_Act
4817|LINAC-BLM|LINA-BLM05:Meas
4817|LINAC-BLM|LINA-BLM06:AlarmCntThld_RB
4817|LINAC-BLM|LINA-BLM06:AlarmStatus_Act
4817|LINAC-BLM|LINA-BLM06:BOnCnt_Meas
4817|LINAC-BLM|LINA-BLM06:EPSStatus_Act
4817|LINAC-BLM|LINA-BLM06:Meas
4817|LINAC-BLM|LINA-BLM07:AlarmCntThld_RB
4817|LINAC-BLM|LINA-BLM07:AlarmStatus_Act
4817|LINAC-BLM|LINA-BLM07:BOnCnt_Meas
4817|LINAC-BLM|LINA-BLM07:EPSStatus_Act
4817|LINAC-BLM|LINA-BLM07:Meas
4817|LINAC-BLM|LINA-BLM08:AlarmCntThld_RB
4817|LINAC-BLM|LINA-BLM08:AlarmStatus_Act
4817|LINAC-BLM|LINA-BLM08:BOnCnt_Meas
4817|LINAC-BLM|LINA-BLM08:EPSStatus_Act
4817|LINAC-BLM|LINA-BLM08:Meas
4817|LINAC-BLM|LINA-BLM09:AlarmCntThld_RB
4817|LINAC-BLM|LINA-BLM09:AlarmStatus_Act
4817|LINAC-BLM|LINA-BLM09:BOnCnt_Meas
4817|LINAC-BLM|LINA-BLM09:EPSStatus_Act
4817|LINAC-BLM|LINA-BLM09:Meas
4817|LINAC-BLM|LINA-BLM10:AlarmCntThld_RB
4817|LINAC-BLM|LINA-BLM10:AlarmStatus_Act
4817|LINAC-BLM|LINA-BLM10:BOnCnt_Meas
4817|LINAC-BLM|LINA-BLM10:EPSStatus_Act
4817|LINAC-BLM|LINA-BLM10:Meas
4817|LINAC-BLM|LINA-BLM11:AlarmCntThld_RB
4817|LINAC-BLM|LINA-BLM11:AlarmStatus_Act
4817|LINAC-BLM|LINA-BLM11:BOnCnt_Meas
4817|LINAC-BLM|LINA-BLM11:EPSStatus_Act
4817|LINAC-BLM|LINA-BLM11:Meas
4817|LINAC-BLM|LINA-BLM12:AlarmCntThld_RB
4817|LINAC-BLM|LINA-BLM12:AlarmStatus_Act
4817|LINAC-BLM|LINA-BLM12:BOnCnt_Meas
4817|LINAC-BLM|LINA-BLM12:EPSStatus_Act
4817|LINAC-BLM|LINA-BLM12:Meas
4817|LINAC-BLM|LINB-BLM01:AlarmCntThld_RB
4817|LINAC-BLM|LINB-BLM01:AlarmStatus_Act
4817|LINAC-BLM|LINB-BLM01:BOnCnt_Meas
4817|LINAC-BLM|LINB-BLM01:EPSStatus_Act
4817|LINAC-BLM|LINB-BLM01:Meas
4817|LINAC-BLM|LINB-BLM02:AlarmCntThld_RB
4817|LINAC-BLM|LINB-BLM02:AlarmStatus_Act
4817|LINAC-BLM|LINB-BLM02:BOnCnt_Meas
4817|LINAC-BLM|LINB-BLM02:EPSStatus_Act
4817|LINAC-BLM|LINB-BLM02:Meas
4817|LINAC-BLM|LINB-BLM03:AlarmCntThld_RB
4817|LINAC-BLM|LINB-BLM03:AlarmStatus_Act
4817|LINAC-BLM|LINB-BLM03:BOnCnt_Meas
4817|LINAC-BLM|LINB-BLM03:EPSStatus_Act
4817|LINAC-BLM|LINB-BLM03:Meas
4817|LINAC-BLM|LINB-BLM04:AlarmCntThld_RB
4817|LINAC-BLM|LINB-BLM04:AlarmStatus_Act
4817|LINAC-BLM|LINB-BLM04:BOnCnt_Meas
4817|LINAC-BLM|LINB-BLM04:EPSStatus_Act
4817|LINAC-BLM|LINB-BLM04:Meas
4817|LINAC-BLM|LINB-BLM05:AlarmCntThld_RB
4817|LINAC-BLM|LINB-BLM05:AlarmStatus_Act
4817|LINAC-BLM|LINB-BLM05:BOnCnt_Meas
4817|LINAC-BLM|LINB-BLM05:EPSStatus_Act
4817|LINAC-BLM|LINB-BLM05:Meas
4817|LINAC-BLM|LINB-BLM06:AlarmCntThld_RB
4817|LINAC-BLM|LINB-BLM06:AlarmStatus_Act
4817|LINAC-BLM|LINB-BLM06:BOnCnt_Meas
4817|LINAC-BLM|LINB-BLM06:EPSStatus_Act
4817|LINAC-BLM|LINB-BLM06:Meas
4817|LINAC-BLM|LINB-BLM07:AlarmCntThld_RB
4817|LINAC-BLM|LINB-BLM07:AlarmStatus_Act
4817|LINAC-BLM|LINB-BLM07:BOnCnt_Meas
4817|LINAC-BLM|LINB-BLM07:EPSStatus_Act
4817|LINAC-BLM|LINB-BLM07:Meas
4817|LINAC-BLM|LINB-BLM08:AlarmCntThld_RB
4817|LINAC-BLM|LINB-BLM08:AlarmStatus_Act
4817|LINAC-BLM|LINB-BLM08:BOnCnt_Meas
4817|LINAC-BLM|LINB-BLM08:EPSStatus_Act
4817|LINAC-BLM|LINB-BLM08:Meas
4817|LINAC-DCCTDIFF|LINAC-DCCTDIFF-SURV:ICptHard1Mes
4817|LINAC-DCCTDIFF|LINAC-DCCTDIFF-SURV:ICptSoft4Mes
4817|LINAC-TURBO|LINA-SC01-GT:Pwd
4817|LINAC-TURBO|LINA-SC01-GT:Temp
4817|LINAC-TURBO|LINA-SC02-GT:Pwd
4817|LINAC-TURBO|LINA-SC02-GT:Temp
4817|LINAC-TURBO|LINA-SC03-GT:Pwd
4817|LINAC-TURBO|LINA-SC03-GT:Temp
4817|LINAC-TURBO|LINA-SC04-GT:Pwd
4817|LINAC-TURBO|LINA-SC04-GT:Temp
4817|LINAC-TURBO|LINA-SC05-GT:Pwd
4817|LINAC-TURBO|LINA-SC05-GT:Temp
4817|LINAC-TURBO|LINA-SC06-GT:Pwd
4817|LINAC-TURBO|LINA-SC06-GT:Temp
4817|LINAC-TURBO|LINA-SC07-GT:Pwd
4817|LINAC-TURBO|LINA-SC07-GT:Temp
4817|LINAC-TURBO|LINA-SC08-GT:Pwd
4817|LINAC-TURBO|LINA-SC08-GT:Temp
4817|LINAC-TURBO|LINA-SC09-GT:Pwd
4817|LINAC-TURBO|LINA-SC09-GT:Temp
4817|LINAC-TURBO|LINA-SC10-GT:Pwd
4817|LINAC-TURBO|LINA-SC10-GT:Temp
4817|LINAC-TURBO|LINA-SC11-GT:Pwd
4817|LINAC-TURBO|LINA-SC11-GT:Temp
4817|LINAC-TURBO|LINA-SC12-GT:Pwd
4817|LINAC-TURBO|LINA-SC12-GT:Temp
4817|LINAC-TURBO|LINB-SC01-GT:Pwd
4817|LINAC-TURBO|LINB-SC01-GT:Temp
4817|LINAC-TURBO|LINB-SC02-GT:Pwd
4817|LINAC-TURBO|LINB-SC02-GT:Temp
4817|LINAC-TURBO|LINB-SC03-GT:Pwd
4817|LINAC-TURBO|LINB-SC03-GT:Temp
4817|LINAC-TURBO|LINB-SC04-GT:Pwd
4817|LINAC-TURBO|LINB-SC04-GT:Temp
4817|LINAC-TURBO|LINB-SC05-GT:Pwd
4817|LINAC-TURBO|LINB-SC05-GT:Temp
4817|LINAC-TURBO|LINB-SC06-GT:Pwd
4817|LINAC-TURBO|LINB-SC06-GT:Temp
4817|LINAC-TURBO|LINB-SC07-GT:Pwd
4817|LINAC-TURBO|LINB-SC07-GT:Temp
4817|LINAC-TURBO|LINB-SC08-GT:Pwd
4817|LINAC-TURBO|LINB-SC08-GT:Temp
4817|LINB-BPM011|LINB-BPM011:Bpm.AMPX1
4817|LINB-BPM011|LINB-BPM011:Bpm.AMPX2
4817|LINB-BPM011|LINB-BPM011:Bpm.AMPY1
4817|LINB-BPM011|LINB-BPM011:Bpm.AMPY2
4817|LINB-BPM011|LINB-BPM011:Bpm.AMP_REF
4817|LINB-BPM011|LINB-BPM011:Bpm.AMP_VECTORSUM
4817|LINB-BPM011|LINB-BPM011:Bpm.ELLIPTICITY
4817|LINB-BPM011|LINB-BPM011:Bpm.PHA_DIFF_X1
4817|LINB-BPM011|LINB-BPM011:Bpm.PHA_DIFF_X2
4817|LINB-BPM011|LINB-BPM011:Bpm.PHA_DIFF_Y1
4817|LINB-BPM011|LINB-BPM011:Bpm.PHA_DIFF_Y2
4817|LINB-BPM011|LINB-BPM011:Bpm.PHA_REF
4817|LINB-BPM011|LINB-BPM011:Bpm.PHA_VECTORSUM
4817|LINB-BPM011|LINB-BPM011:Bpm.POSITION_X
4817|LINB-BPM011|LINB-BPM011:Bpm.POSITION_Y
4817|LINB-BPM011|LINB-BPM011:Bpm.REF_SEL
4817|LINB-BPM021|LINB-BPM021:Bpm.AMPX1
4817|LINB-BPM021|LINB-BPM021:Bpm.AMPX2
4817|LINB-BPM021|LINB-BPM021:Bpm.AMPY1
4817|LINB-BPM021|LINB-BPM021:Bpm.AMPY2
4817|LINB-BPM021|LINB-BPM021:Bpm.AMP_REF
4817|LINB-BPM021|LINB-BPM021:Bpm.AMP_VECTORSUM
4817|LINB-BPM021|LINB-BPM021:Bpm.ELLIPTICITY
4817|LINB-BPM021|LINB-BPM021:Bpm.PHA_DIFF_X1
4817|LINB-BPM021|LINB-BPM021:Bpm.PHA_DIFF_X2
4817|LINB-BPM021|LINB-BPM021:Bpm.PHA_DIFF_Y1
4817|LINB-BPM021|LINB-BPM021:Bpm.PHA_DIFF_Y2
4817|LINB-BPM021|LINB-BPM021:Bpm.PHA_REF
4817|LINB-BPM021|LINB-BPM021:Bpm.PHA_VECTORSUM
4817|LINB-BPM021|LINB-BPM021:Bpm.POSITION_X
4817|LINB-BPM021|LINB-BPM021:Bpm.POSITION_Y
4817|LINB-BPM021|LINB-BPM021:Bpm.REF_SEL
4817|LINB-BPM031|LINB-BPM031:Bpm.AMPX1
4817|LINB-BPM031|LINB-BPM031:Bpm.AMPX2
4817|LINB-BPM031|LINB-BPM031:Bpm.AMPY1
4817|LINB-BPM031|LINB-BPM031:Bpm.AMPY2
4817|LINB-BPM031|LINB-BPM031:Bpm.AMP_REF
4817|LINB-BPM031|LINB-BPM031:Bpm.AMP_VECTORSUM
4817|LINB-BPM031|LINB-BPM031:Bpm.ELLIPTICITY
4817|LINB-BPM031|LINB-BPM031:Bpm.PHA_DIFF_X1
4817|LINB-BPM031|LINB-BPM031:Bpm.PHA_DIFF_X2
4817|LINB-BPM031|LINB-BPM031:Bpm.PHA_DIFF_Y1
4817|LINB-BPM031|LINB-BPM031:Bpm.PHA_DIFF_Y2
4817|LINB-BPM031|LINB-BPM031:Bpm.PHA_REF
4817|LINB-BPM031|LINB-BPM031:Bpm.PHA_VECTORSUM
4817|LINB-BPM031|LINB-BPM031:Bpm.POSITION_X
4817|LINB-BPM031|LINB-BPM031:Bpm.POSITION_Y
4817|LINB-BPM031|LINB-BPM031:Bpm.REF_SEL
4817|LINB-BPM041|LINB-BPM041:Bpm.AMPX1
4817|LINB-BPM041|LINB-BPM041:Bpm.AMPX2
4817|LINB-BPM041|LINB-BPM041:Bpm.AMPY1
4817|LINB-BPM041|LINB-BPM041:Bpm.AMPY2
4817|LINB-BPM041|LINB-BPM041:Bpm.AMP_REF
4817|LINB-BPM041|LINB-BPM041:Bpm.AMP_VECTORSUM
4817|LINB-BPM041|LINB-BPM041:Bpm.ELLIPTICITY
4817|LINB-BPM041|LINB-BPM041:Bpm.PHA_DIFF_X1
4817|LINB-BPM041|LINB-BPM041:Bpm.PHA_DIFF_X2
4817|LINB-BPM041|LINB-BPM041:Bpm.PHA_DIFF_Y1
4817|LINB-BPM041|LINB-BPM041:Bpm.PHA_DIFF_Y2
4817|LINB-BPM041|LINB-BPM041:Bpm.PHA_REF
4817|LINB-BPM041|LINB-BPM041:Bpm.PHA_VECTORSUM
4817|LINB-BPM041|LINB-BPM041:Bpm.POSITION_X
4817|LINB-BPM041|LINB-BPM041:Bpm.POSITION_Y
4817|LINB-BPM041|LINB-BPM041:Bpm.REF_SEL
4817|LINB-BPM051|LINB-BPM051:Bpm.AMPX1
4817|LINB-BPM051|LINB-BPM051:Bpm.AMPX2
4817|LINB-BPM051|LINB-BPM051:Bpm.AMPY1
4817|LINB-BPM051|LINB-BPM051:Bpm.AMPY2
4817|LINB-BPM051|LINB-BPM051:Bpm.AMP_REF
4817|LINB-BPM051|LINB-BPM051:Bpm.AMP_VECTORSUM
4817|LINB-BPM051|LINB-BPM051:Bpm.ELLIPTICITY
4817|LINB-BPM051|LINB-BPM051:Bpm.PHA_DIFF_X1
4817|LINB-BPM051|LINB-BPM051:Bpm.PHA_DIFF_X2
4817|LINB-BPM051|LINB-BPM051:Bpm.PHA_DIFF_Y1
4817|LINB-BPM051|LINB-BPM051:Bpm.PHA_DIFF_Y2
4817|LINB-BPM051|LINB-BPM051:Bpm.PHA_REF
4817|LINB-BPM051|LINB-BPM051:Bpm.PHA_VECTORSUM
4817|LINB-BPM051|LINB-BPM051:Bpm.POSITION_X
4817|LINB-BPM051|LINB-BPM051:Bpm.POSITION_Y
4817|LINB-BPM051|LINB-BPM051:Bpm.REF_SEL
4817|LINB-BPM061|LINB-BPM061:Bpm.AMPX1
4817|LINB-BPM061|LINB-BPM061:Bpm.AMPX2
4817|LINB-BPM061|LINB-BPM061:Bpm.AMPY1
4817|LINB-BPM061|LINB-BPM061:Bpm.AMPY2
4817|LINB-BPM061|LINB-BPM061:Bpm.AMP_REF
4817|LINB-BPM061|LINB-BPM061:Bpm.AMP_VECTORSUM
4817|LINB-BPM061|LINB-BPM061:Bpm.ELLIPTICITY
4817|LINB-BPM061|LINB-BPM061:Bpm.PHA_DIFF_X1
4817|LINB-BPM061|LINB-BPM061:Bpm.PHA_DIFF_X2
4817|LINB-BPM061|LINB-BPM061:Bpm.PHA_DIFF_Y1
4817|LINB-BPM061|LINB-BPM061:Bpm.PHA_DIFF_Y2
4817|LINB-BPM061|LINB-BPM061:Bpm.PHA_REF
4817|LINB-BPM061|LINB-BPM061:Bpm.PHA_VECTORSUM
4817|LINB-BPM061|LINB-BPM061:Bpm.POSITION_X
4817|LINB-BPM061|LINB-BPM061:Bpm.POSITION_Y
4817|LINB-BPM061|LINB-BPM061:Bpm.REF_SEL
4817|LINB-BPM071|LINB-BPM071:Bpm.AMPX1
4817|LINB-BPM071|LINB-BPM071:Bpm.AMPX2
4817|LINB-BPM071|LINB-BPM071:Bpm.AMPY1
4817|LINB-BPM071|LINB-BPM071:Bpm.AMPY2
4817|LINB-BPM071|LINB-BPM071:Bpm.AMP_REF
4817|LINB-BPM071|LINB-BPM071:Bpm.AMP_VECTORSUM
4817|LINB-BPM071|LINB-BPM071:Bpm.ELLIPTICITY
4817|LINB-BPM071|LINB-BPM071:Bpm.PHA_DIFF_X1
4817|LINB-BPM071|LINB-BPM071:Bpm.PHA_DIFF_X2
4817|LINB-BPM071|LINB-BPM071:Bpm.PHA_DIFF_Y1
4817|LINB-BPM071|LINB-BPM071:Bpm.PHA_DIFF_Y2
4817|LINB-BPM071|LINB-BPM071:Bpm.PHA_REF
4817|LINB-BPM071|LINB-BPM071:Bpm.PHA_VECTORSUM
4817|LINB-BPM071|LINB-BPM071:Bpm.POSITION_X
4817|LINB-BPM071|LINB-BPM071:Bpm.POSITION_Y
4817|LINB-BPM071|LINB-BPM071:Bpm.REF_SEL
4817|LINB-BPM081|LINB-BPM081:Bpm.AMPX1
4817|LINB-BPM081|LINB-BPM081:Bpm.AMPX2
4817|LINB-BPM081|LINB-BPM081:Bpm.AMPY1
4817|LINB-BPM081|LINB-BPM081:Bpm.AMPY2
4817|LINB-BPM081|LINB-BPM081:Bpm.AMP_REF
4817|LINB-BPM081|LINB-BPM081:Bpm.AMP_VECTORSUM
4817|LINB-BPM081|LINB-BPM081:Bpm.ELLIPTICITY
4817|LINB-BPM081|LINB-BPM081:Bpm.PHA_DIFF_X1
4817|LINB-BPM081|LINB-BPM081:Bpm.PHA_DIFF_X2
4817|LINB-BPM081|LINB-BPM081:Bpm.PHA_DIFF_Y1
4817|LINB-BPM081|LINB-BPM081:Bpm.PHA_DIFF_Y2
4817|LINB-BPM081|LINB-BPM081:Bpm.PHA_REF
4817|LINB-BPM081|LINB-BPM081:Bpm.PHA_VECTORSUM
4817|LINB-BPM081|LINB-BPM081:Bpm.POSITION_X
4817|LINB-BPM081|LINB-BPM081:Bpm.POSITION_Y
4817|LINB-BPM081|LINB-BPM081:Bpm.REF_SEL
4817|LINB-BPMSPA/BPMCALIB|LINB-BPM-CALIB:LectureRefH1
4817|LINB-BPMSPA/BPMCALIB|LINB-BPM-CALIB:LectureRefH2
4817|LINB-BPMSPA/BPMCALIB|LINB-BPM-CALIB:LectureRefRF
4817|LINB-BPMSPA/BPMCALIB|LINB-BPM-CALIB:LectureTemp1
4817|LINB-BPMSPA/BPMCALIB|LINB-BPM-CALIB:LectureTemp2
4817|LINB-BPMSPA/BPMCALIB|LINB-BPM-CALIB:LectureTemp3
4817|LINB-BPMSPA/BPMCALIB|LINB-BPM-CALIB:LectureTension12V
4817|LINB-BPMSPA/BPMCALIB|LINB-BPMSPA1:Bpm.AMP_REF
4817|LINB-BPMSPA/BPMCALIB|LINB-BPMSPA1:Bpm.AMP_VECTORSUM
4817|LINB-BPMSPA/BPMCALIB|LINB-BPMSPA1:Bpm.ELLIPTICITY
4817|LINB-BPMSPA/BPMCALIB|LINB-BPMSPA1:Bpm.PHA_REF
4817|LINB-BPMSPA/BPMCALIB|LINB-BPMSPA1:Bpm.PHA_VECTORSUM
4817|LINB-BPMSPA/BPMCALIB|LINB-BPMSPA1:Bpm.POSITION_X
4817|LINB-BPMSPA/BPMCALIB|LINB-BPMSPA1:Bpm.POSITION_Y
4817|LINB-BPMSPA/BPMCALIB|LINB-BPMSPA2:Bpm.AMP_REF
4817|LINB-BPMSPA/BPMCALIB|LINB-BPMSPA2:Bpm.AMP_VECTORSUM
4817|LINB-BPMSPA/BPMCALIB|LINB-BPMSPA2:Bpm.ELLIPTICITY
4817|LINB-BPMSPA/BPMCALIB|LINB-BPMSPA2:Bpm.PHA_REF
4817|LINB-BPMSPA/BPMCALIB|LINB-BPMSPA2:Bpm.PHA_VECTORSUM
4817|LINB-BPMSPA/BPMCALIB|LINB-BPMSPA2:Bpm.POSITION_X
4817|LINB-BPMSPA/BPMCALIB|LINB-BPMSPA2:Bpm.POSITION_Y
4817|LINB-VIDE|LINB-CMB01-EV1:JP1Mes
4817|LINB-VIDE|LINB-CMB01-EV1:JS1Mes
4817|LINB-VIDE|LINB-CMB01-EV2:JP1Mes
4817|LINB-VIDE|LINB-CMB01-EV2:JS1Mes
4817|LINB-VIDE|LINB-CMB02-EV1:JP1Mes
4817|LINB-VIDE|LINB-CMB02-EV1:JS1Mes
4817|LINB-VIDE|LINB-CMB02-EV2:JP1Mes
4817|LINB-VIDE|LINB-CMB02-EV2:JS1Mes
4817|LINB-VIDE|LINB-CMB03-EV1:JP1Mes
4817|LINB-VIDE|LINB-CMB03-EV1:JS1Mes
4817|LINB-VIDE|LINB-CMB03-EV2:JP1Mes
4817|LINB-VIDE|LINB-CMB03-EV2:JS1Mes
4817|LINB-VIDE|LINB-CMB04-EV1:JP1Mes
4817|LINB-VIDE|LINB-CMB04-EV1:JS1Mes
4817|LINB-VIDE|LINB-CMB04-EV2:JP1Mes
4817|LINB-VIDE|LINB-CMB04-EV2:JS1Mes
4817|LINB-VIDE|LINB-CMB05-EV1:JP1Mes
4817|LINB-VIDE|LINB-CMB05-EV1:JS1Mes
4817|LINB-VIDE|LINB-CMB05-EV2:JP1Mes
4817|LINB-VIDE|LINB-CMB05-EV2:JS1Mes
4817|LINB-VIDE|LINB-CMB06-EV1:JP1Mes
4817|LINB-VIDE|LINB-CMB06-EV1:JS1Mes
4817|LINB-VIDE|LINB-CMB06-EV2:JP1Mes
4817|LINB-VIDE|LINB-CMB06-EV2:JS1Mes
4817|LINB-VIDE|LINB-CMB07-EV1:JP1Mes
4817|LINB-VIDE|LINB-CMB07-EV1:JS1Mes
4817|LINB-VIDE|LINB-CMB07-EV2:JP1Mes
4817|LINB-VIDE|LINB-CMB07-EV2:JS1Mes
4817|LINB-VIDE|LINB-SC01-EV1:JP1Mes
4817|LINB-VIDE|LINB-SC01-EV1:JS1Mes
4817|LINB-VIDE|LINB-SC02-EV1:JP1Mes
4817|LINB-VIDE|LINB-SC02-EV1:JS1Mes
4817|LINB-VIDE|LINB-SC03-EV1:JP1Mes
4817|LINB-VIDE|LINB-SC03-EV1:JS1Mes
4817|LINB-VIDE|LINB-SC04-EV1:JP1Mes
4817|LINB-VIDE|LINB-SC04-EV1:JS1Mes
4817|LINB-VIDE|LINB-SC05-EV1:JP1Mes
4817|LINB-VIDE|LINB-SC05-EV1:JS1Mes
4817|LINB-VIDE|LINB-SC06-EV1:JP1Mes
4817|LINB-VIDE|LINB-SC06-EV1:JS1Mes
4817|LINB-VIDE|LINB-SC07-EV1:JP1Mes
4817|LINB-VIDE|LINB-SC07-EV1:JS1Mes
4817|LINB-VIDE|LINB-SC08-EV1:JP1Mes
4817|LINB-VIDE|LINB-SC08-EV1:JS1Mes
4819|CMA-BAV|TRIG-ARCH-CRYO-CMABAV:LinacEnable.RVAL
4819|CMA-BAV|LINA-CMA03-PT020:PMainMes
4819|CMA-BAV|LINA-CMA03-PT020:PSecMes
4819|CMA-BAV|LINA-CMA07-PT020:PMainMes
4819|CMA-BAV|LINA-CMA07-PT020:PSecMes
4819|CMA-BAV|LINA-CMA10-PT020:PMainMes
4819|CMA-BAV|LINA-CMA10-PT020:PSecMes
4819|CMA-BAV|TRIG-ARCH-CRYO-CMABAV:LinacEnable.RVAL
4819|CMA01-CRYO|TRIG-ARCH-CRYO-CMA01:LinacEnable.RVAL
4819|CMA01-CRYO|LINA-CMA01-CHAUF:Cons
4819|CMA01-CRYO|LINA-CMA01-CHAUF:Val
4819|CMA01-CRYO|LINA-CMA01-ETAT:IndicState
4819|CMA01-CRYO|LINA-CMA01-FCV001:ACons
4819|CMA01-CRYO|LINA-CMA01-FCV001:Cons
4819|CMA01-CRYO|LINA-CMA01-FCV001:CSlopeCons
4819|CMA01-CRYO|LINA-CMA01-FCV001:OpenAct
4819|CMA01-CRYO|LINA-CMA01-FCV001:OSlopeCons
4819|CMA01-CRYO|LINA-CMA01-FCV002:ACons
4819|CMA01-CRYO|LINA-CMA01-FCV002:Cons
4819|CMA01-CRYO|LINA-CMA01-FCV002:CSlopeCons
4819|CMA01-CRYO|LINA-CMA01-FCV002:DCons
4819|CMA01-CRYO|LINA-CMA01-FCV002:ICons
4819|CMA01-CRYO|LINA-CMA01-FCV002:OpenAct
4819|CMA01-CRYO|LINA-CMA01-FCV002:OSlopeCons
4819|CMA01-CRYO|LINA-CMA01-FCV002:PCons
4819|CMA01-CRYO|LINA-CMA01-FCV005:ACons
4819|CMA01-CRYO|LINA-CMA01-FCV005:Cons
4819|CMA01-CRYO|LINA-CMA01-FCV005:CSlopeCons
4819|CMA01-CRYO|LINA-CMA01-FCV005:DCons
4819|CMA01-CRYO|LINA-CMA01-FCV005:ICons
4819|CMA01-CRYO|LINA-CMA01-FCV005:OpenAct
4819|CMA01-CRYO|LINA-CMA01-FCV005:OSlopeCons
4819|CMA01-CRYO|LINA-CMA01-FCV005:PCons
4819|CMA01-CRYO|LINA-CMA01-FCV010:ACons
4819|CMA01-CRYO|LINA-CMA01-FCV010:Cons
4819|CMA01-CRYO|LINA-CMA01-FCV010:CSlopeCons
4819|CMA01-CRYO|LINA-CMA01-FCV010:DCons
4819|CMA01-CRYO|LINA-CMA01-FCV010:ICons
4819|CMA01-CRYO|LINA-CMA01-FCV010:OpenAct
4819|CMA01-CRYO|LINA-CMA01-FCV010:OSlopeCons
4819|CMA01-CRYO|LINA-CMA01-FCV010:PCons
4819|CMA01-CRYO|LINA-CMA01-FV005:ClosingCmd
4819|CMA01-CRYO|LINA-CMA01-FV005:Defect
4819|CMA01-CRYO|LINA-CMA01-FV005:OpeningCmd
4819|CMA01-CRYO|LINA-CMA01-FV005:State
4819|CMA01-CRYO|LINA-CMA01-FV010:ClosingCmd
4819|CMA01-CRYO|LINA-CMA01-FV010:Defect
4819|CMA01-CRYO|LINA-CMA01-FV010:OpeningCmd
4819|CMA01-CRYO|LINA-CMA01-FV010:State
4819|CMA01-CRYO|LINA-CMA01-FV011:ClosingCmd
4819|CMA01-CRYO|LINA-CMA01-FV011:Defect
4819|CMA01-CRYO|LINA-CMA01-FV011:OpeningCmd
4819|CMA01-CRYO|LINA-CMA01-FV011:State
4819|CMA01-CRYO|LINA-CMA01-FV020:ClosingCmd
4819|CMA01-CRYO|LINA-CMA01-FV020:Defect
4819|CMA01-CRYO|LINA-CMA01-FV020:OpeningCmd
4819|CMA01-CRYO|LINA-CMA01-FV020:State
4819|CMA01-CRYO|LINA-CMA01-FV120:ClosingCmd
4819|CMA01-CRYO|LINA-CMA01-FV120:Defect
4819|CMA01-CRYO|LINA-CMA01-FV120:OpeningCmd
4819|CMA01-CRYO|LINA-CMA01-FV120:State
4819|CMA01-CRYO|LINA-CMA01-LQ:Num
4819|CMA01-CRYO|LINA-CMA01-LT200:LevelMes
4819|CMA01-CRYO|LINA-CMA01-OBSCHARGE01:ChargeEstime
4819|CMA01-CRYO|LINA-CMA01-OBSCHARGE01:DebitEntree
4819|CMA01-CRYO|LINA-CMA01-OBSCHARGE01:DebitSortie
4819|CMA01-CRYO|LINA-CMA01-OBSCHARGE01:Densite
4819|CMA01-CRYO|LINA-CMA01-OBSCHARGE01:EnergieInterne
4819|CMA01-CRYO|LINA-CMA01-OBSCHARGE01:NumeroMatrice
4819|CMA01-CRYO|LINA-CMA01-OBSCHARGE02:ChargeEstime
4819|CMA01-CRYO|LINA-CMA01-OBSCHARGE02:DebitEntree
4819|CMA01-CRYO|LINA-CMA01-OBSCHARGE02:DebitSortie
4819|CMA01-CRYO|LINA-CMA01-OBSCHARGE02:Densite
4819|CMA01-CRYO|LINA-CMA01-OBSCHARGE02:EnergieInterne
4819|CMA01-CRYO|LINA-CMA01-OBSCHARGE02:NumeroMatrice
4819|CMA01-CRYO|LINA-CMA01-PLC:Qd_count
4819|CMA01-CRYO|LINA-CMA01-PT001:PMes
4819|CMA01-CRYO|LINA-CMA01-PT010:PMes
4819|CMA01-CRYO|LINA-CMA01-PT120:PMes
4819|CMA01-CRYO|LINA-CMA01-PTRES001:PTempMes
4819|CMA01-CRYO|LINA-CMA01-TT001:ResMes
4819|CMA01-CRYO|LINA-CMA01-TT001:TempMes
4819|CMA01-CRYO|LINA-CMA01-TT005:ResMes
4819|CMA01-CRYO|LINA-CMA01-TT005:TempMes
4819|CMA01-CRYO|LINA-CMA01-TT010:ResMes
4819|CMA01-CRYO|LINA-CMA01-TT010:TempMes
4819|CMA01-CRYO|LINA-CMA01-TT011:ResMes
4819|CMA01-CRYO|LINA-CMA01-TT011:TempMes
4819|CMA01-CRYO|LINA-CMA01-TT015:ResMes
4819|CMA01-CRYO|LINA-CMA01-TT015:TempMes
4819|CMA01-CRYO|LINA-CMA01-TT101:ResMes
4819|CMA01-CRYO|LINA-CMA01-TT101:TempMes
4819|CMA01-CRYO|LINA-CMA01-TT102:ResMes
4819|CMA01-CRYO|LINA-CMA01-TT102:TempMes
4819|CMA01-CRYO|LINA-CMA01-TT103:ResMes
4819|CMA01-CRYO|LINA-CMA01-TT103:TempMes
4819|CMA01-CRYO|LINA-CMA01-TT104:ResMes
4819|CMA01-CRYO|LINA-CMA01-TT104:TempMes
4819|CMA01-CRYO|LINA-CMA01-TT112:ResMes
4819|CMA01-CRYO|LINA-CMA01-TT112:TempMes
4819|CMA01-CRYO|LINA-CMA01-TT200:ResMes
4819|CMA01-CRYO|LINA-CMA01-TT200:TempMes
4819|CMA01-CRYO|LINA-CMA01-TT201:ResMes
4819|CMA01-CRYO|LINA-CMA01-TT201:TempMes
4819|CMA01-CRYO|LINA-CMA01-TT202:ResMes
4819|CMA01-CRYO|LINA-CMA01-TT202:TempMes
4819|CMA01-CRYO|LINA-CMA01-TT204:ResMes
4819|CMA01-CRYO|LINA-CMA01-TT204:TempMes
4819|CMA01-CRYO|LINA-CMA01-TT205:ResMes
4819|CMA01-CRYO|LINA-CMA01-TT205:TempMes
4819|CMA01-CRYO|LINA-CMA01-TT215:ResMes
4819|CMA01-CRYO|LINA-CMA01-TT215:TempMes
4819|CMA01-CRYO|LINA-CMA01-TTCAV:ConsGlissante
4819|CMA01-CRYO|LINA-CMA01-VI01:State
4819|CMA01-CRYO|LINA-CMA01-VI02:State
4819|CMA01-CRYO|PLC-CRYO-CMA01:IsAlive
4819|CMA01-CRYO|TRIG-ARCH-CRYO-CMA01:LinacEnable.RVAL
4819|CMA02-CRYO|TRIG-ARCH-CRYO-CMA02:LinacEnable.RVAL
4819|CMA02-CRYO|LINA-CMA02-CHAUF:Cons
4819|CMA02-CRYO|LINA-CMA02-CHAUF:Val
4819|CMA02-CRYO|LINA-CMA02-ETAT:IndicState
4819|CMA02-CRYO|LINA-CMA02-FCV001:ACons
4819|CMA02-CRYO|LINA-CMA02-FCV001:Cons
4819|CMA02-CRYO|LINA-CMA02-FCV001:CSlopeCons
4819|CMA02-CRYO|LINA-CMA02-FCV001:OpenAct
4819|CMA02-CRYO|LINA-CMA02-FCV001:OSlopeCons
4819|CMA02-CRYO|LINA-CMA02-FCV002:ACons
4819|CMA02-CRYO|LINA-CMA02-FCV002:Cons
4819|CMA02-CRYO|LINA-CMA02-FCV002:CSlopeCons
4819|CMA02-CRYO|LINA-CMA02-FCV002:DCons
4819|CMA02-CRYO|LINA-CMA02-FCV002:ICons
4819|CMA02-CRYO|LINA-CMA02-FCV002:OpenAct
4819|CMA02-CRYO|LINA-CMA02-FCV002:OSlopeCons
4819|CMA02-CRYO|LINA-CMA02-FCV002:PCons
4819|CMA02-CRYO|LINA-CMA02-FCV005:ACons
4819|CMA02-CRYO|LINA-CMA02-FCV005:Cons
4819|CMA02-CRYO|LINA-CMA02-FCV005:CSlopeCons
4819|CMA02-CRYO|LINA-CMA02-FCV005:DCons
4819|CMA02-CRYO|LINA-CMA02-FCV005:ICons
4819|CMA02-CRYO|LINA-CMA02-FCV005:OpenAct
4819|CMA02-CRYO|LINA-CMA02-FCV005:OSlopeCons
4819|CMA02-CRYO|LINA-CMA02-FCV005:PCons
4819|CMA02-CRYO|LINA-CMA02-FCV010:ACons
4819|CMA02-CRYO|LINA-CMA02-FCV010:Cons
4819|CMA02-CRYO|LINA-CMA02-FCV010:CSlopeCons
4819|CMA02-CRYO|LINA-CMA02-FCV010:DCons
4819|CMA02-CRYO|LINA-CMA02-FCV010:ICons
4819|CMA02-CRYO|LINA-CMA02-FCV010:OpenAct
4819|CMA02-CRYO|LINA-CMA02-FCV010:OSlopeCons
4819|CMA02-CRYO|LINA-CMA02-FCV010:PCons
4819|CMA02-CRYO|LINA-CMA02-FV005:ClosingCmd
4819|CMA02-CRYO|LINA-CMA02-FV005:Defect
4819|CMA02-CRYO|LINA-CMA02-FV005:OpeningCmd
4819|CMA02-CRYO|LINA-CMA02-FV005:State
4819|CMA02-CRYO|LINA-CMA02-FV010:ClosingCmd
4819|CMA02-CRYO|LINA-CMA02-FV010:Defect
4819|CMA02-CRYO|LINA-CMA02-FV010:OpeningCmd
4819|CMA02-CRYO|LINA-CMA02-FV010:State
4819|CMA02-CRYO|LINA-CMA02-FV011:ClosingCmd
4819|CMA02-CRYO|LINA-CMA02-FV011:Defect
4819|CMA02-CRYO|LINA-CMA02-FV011:OpeningCmd
4819|CMA02-CRYO|LINA-CMA02-FV011:State
4819|CMA02-CRYO|LINA-CMA02-FV020:ClosingCmd
4819|CMA02-CRYO|LINA-CMA02-FV020:Defect
4819|CMA02-CRYO|LINA-CMA02-FV020:OpeningCmd
4819|CMA02-CRYO|LINA-CMA02-FV020:State
4819|CMA02-CRYO|LINA-CMA02-FV120:ClosingCmd
4819|CMA02-CRYO|LINA-CMA02-FV120:Defect
4819|CMA02-CRYO|LINA-CMA02-FV120:OpeningCmd
4819|CMA02-CRYO|LINA-CMA02-FV120:State
4819|CMA02-CRYO|LINA-CMA02-LQ:Num
4819|CMA02-CRYO|LINA-CMA02-LT200:LevelMes
4819|CMA02-CRYO|LINA-CMA02-OBSCHARGE01:ChargeEstime
4819|CMA02-CRYO|LINA-CMA02-OBSCHARGE01:DebitEntree
4819|CMA02-CRYO|LINA-CMA02-OBSCHARGE01:DebitSortie
4819|CMA02-CRYO|LINA-CMA02-OBSCHARGE01:Densite
4819|CMA02-CRYO|LINA-CMA02-OBSCHARGE01:EnergieInterne
4819|CMA02-CRYO|LINA-CMA02-OBSCHARGE01:NumeroMatrice
4819|CMA02-CRYO|LINA-CMA02-OBSCHARGE02:ChargeEstime
4819|CMA02-CRYO|LINA-CMA02-OBSCHARGE02:DebitEntree
4819|CMA02-CRYO|LINA-CMA02-OBSCHARGE02:DebitSortie
4819|CMA02-CRYO|LINA-CMA02-OBSCHARGE02:Densite
4819|CMA02-CRYO|LINA-CMA02-OBSCHARGE02:EnergieInterne
4819|CMA02-CRYO|LINA-CMA02-OBSCHARGE02:NumeroMatrice
4819|CMA02-CRYO|LINA-CMA02-PLC:Qd_count
4819|CMA02-CRYO|LINA-CMA02-PT001:PMes
4819|CMA02-CRYO|LINA-CMA02-PT010:PMes
4819|CMA02-CRYO|LINA-CMA02-PT120:PMes
4819|CMA02-CRYO|LINA-CMA02-PTRES001:PTempMes
4819|CMA02-CRYO|LINA-CMA02-TT001:ResMes
4819|CMA02-CRYO|LINA-CMA02-TT001:TempMes
4819|CMA02-CRYO|LINA-CMA02-TT005:ResMes
4819|CMA02-CRYO|LINA-CMA02-TT005:TempMes
4819|CMA02-CRYO|LINA-CMA02-TT010:ResMes
4819|CMA02-CRYO|LINA-CMA02-TT010:TempMes
4819|CMA02-CRYO|LINA-CMA02-TT011:ResMes
4819|CMA02-CRYO|LINA-CMA02-TT011:TempMes
4819|CMA02-CRYO|LINA-CMA02-TT015:ResMes
4819|CMA02-CRYO|LINA-CMA02-TT015:TempMes
4819|CMA02-CRYO|LINA-CMA02-TT101:ResMes
4819|CMA02-CRYO|LINA-CMA02-TT101:TempMes
4819|CMA02-CRYO|LINA-CMA02-TT102:ResMes
4819|CMA02-CRYO|LINA-CMA02-TT102:TempMes
4819|CMA02-CRYO|LINA-CMA02-TT103:ResMes
4819|CMA02-CRYO|LINA-CMA02-TT103:TempMes
4819|CMA02-CRYO|LINA-CMA02-TT104:ResMes
4819|CMA02-CRYO|LINA-CMA02-TT104:TempMes
4819|CMA02-CRYO|LINA-CMA02-TT112:ResMes
4819|CMA02-CRYO|LINA-CMA02-TT112:TempMes
4819|CMA02-CRYO|LINA-CMA02-TT200:ResMes
4819|CMA02-CRYO|LINA-CMA02-TT200:TempMes
4819|CMA02-CRYO|LINA-CMA02-TT201:ResMes
4819|CMA02-CRYO|LINA-CMA02-TT201:TempMes
4819|CMA02-CRYO|LINA-CMA02-TT202:ResMes
4819|CMA02-CRYO|LINA-CMA02-TT202:TempMes
4819|CMA02-CRYO|LINA-CMA02-TT204:ResMes
4819|CMA02-CRYO|LINA-CMA02-TT204:TempMes
4819|CMA02-CRYO|LINA-CMA02-TT205:ResMes
4819|CMA02-CRYO|LINA-CMA02-TT205:TempMes
4819|CMA02-CRYO|LINA-CMA02-TT215:ResMes
4819|CMA02-CRYO|LINA-CMA02-TT215:TempMes
4819|CMA02-CRYO|LINA-CMA02-TTCAV:ConsGlissante
4819|CMA02-CRYO|LINA-CMA02-VI01:State
4819|CMA02-CRYO|LINA-CMA02-VI02:State
4819|CMA02-CRYO|PLC-CRYO-CMA02:IsAlive
4819|CMA02-CRYO|TRIG-ARCH-CRYO-CMA02:LinacEnable.RVAL
4819|CMA03-CRYO|TRIG-ARCH-CRYO-CMA03:LinacEnable.RVAL
4819|CMA03-CRYO|LINA-CMA03-CHAUF:Cons
4819|CMA03-CRYO|LINA-CMA03-CHAUF:Val
4819|CMA03-CRYO|LINA-CMA03-ETAT:IndicState
4819|CMA03-CRYO|LINA-CMA03-FCV001:ACons
4819|CMA03-CRYO|LINA-CMA03-FCV001:Cons
4819|CMA03-CRYO|LINA-CMA03-FCV001:CSlopeCons
4819|CMA03-CRYO|LINA-CMA03-FCV001:OpenAct
4819|CMA03-CRYO|LINA-CMA03-FCV001:OSlopeCons
4819|CMA03-CRYO|LINA-CMA03-FCV002:ACons
4819|CMA03-CRYO|LINA-CMA03-FCV002:Cons
4819|CMA03-CRYO|LINA-CMA03-FCV002:CSlopeCons
4819|CMA03-CRYO|LINA-CMA03-FCV002:DCons
4819|CMA03-CRYO|LINA-CMA03-FCV002:ICons
4819|CMA03-CRYO|LINA-CMA03-FCV002:OpenAct
4819|CMA03-CRYO|LINA-CMA03-FCV002:OSlopeCons
4819|CMA03-CRYO|LINA-CMA03-FCV002:PCons
4819|CMA03-CRYO|LINA-CMA03-FCV005:ACons
4819|CMA03-CRYO|LINA-CMA03-FCV005:Cons
4819|CMA03-CRYO|LINA-CMA03-FCV005:CSlopeCons
4819|CMA03-CRYO|LINA-CMA03-FCV005:DCons
4819|CMA03-CRYO|LINA-CMA03-FCV005:ICons
4819|CMA03-CRYO|LINA-CMA03-FCV005:OpenAct
4819|CMA03-CRYO|LINA-CMA03-FCV005:OSlopeCons
4819|CMA03-CRYO|LINA-CMA03-FCV005:PCons
4819|CMA03-CRYO|LINA-CMA03-FCV010:ACons
4819|CMA03-CRYO|LINA-CMA03-FCV010:Cons
4819|CMA03-CRYO|LINA-CMA03-FCV010:CSlopeCons
4819|CMA03-CRYO|LINA-CMA03-FCV010:DCons
4819|CMA03-CRYO|LINA-CMA03-FCV010:ICons
4819|CMA03-CRYO|LINA-CMA03-FCV010:OpenAct
4819|CMA03-CRYO|LINA-CMA03-FCV010:OSlopeCons
4819|CMA03-CRYO|LINA-CMA03-FCV010:PCons
4819|CMA03-CRYO|LINA-CMA03-FV005:ClosingCmd
4819|CMA03-CRYO|LINA-CMA03-FV005:Defect
4819|CMA03-CRYO|LINA-CMA03-FV005:OpeningCmd
4819|CMA03-CRYO|LINA-CMA03-FV005:State
4819|CMA03-CRYO|LINA-CMA03-FV010:ClosingCmd
4819|CMA03-CRYO|LINA-CMA03-FV010:Defect
4819|CMA03-CRYO|LINA-CMA03-FV010:OpeningCmd
4819|CMA03-CRYO|LINA-CMA03-FV010:State
4819|CMA03-CRYO|LINA-CMA03-FV011:ClosingCmd
4819|CMA03-CRYO|LINA-CMA03-FV011:Defect
4819|CMA03-CRYO|LINA-CMA03-FV011:OpeningCmd
4819|CMA03-CRYO|LINA-CMA03-FV011:State
4819|CMA03-CRYO|LINA-CMA03-FV020:ClosingCmd
4819|CMA03-CRYO|LINA-CMA03-FV020:Defect
4819|CMA03-CRYO|LINA-CMA03-FV020:OpeningCmd
4819|CMA03-CRYO|LINA-CMA03-FV020:State
4819|CMA03-CRYO|LINA-CMA03-FV120:ClosingCmd
4819|CMA03-CRYO|LINA-CMA03-FV120:Defect
4819|CMA03-CRYO|LINA-CMA03-FV120:OpeningCmd
4819|CMA03-CRYO|LINA-CMA03-FV120:State
4819|CMA03-CRYO|LINA-CMA03-LQ:Num
4819|CMA03-CRYO|LINA-CMA03-LT200:LevelMes
4819|CMA03-CRYO|LINA-CMA03-OBSCHARGE01:ChargeEstime
4819|CMA03-CRYO|LINA-CMA03-OBSCHARGE01:DebitEntree
4819|CMA03-CRYO|LINA-CMA03-OBSCHARGE01:DebitSortie
4819|CMA03-CRYO|LINA-CMA03-OBSCHARGE01:Densite
4819|CMA03-CRYO|LINA-CMA03-OBSCHARGE01:EnergieInterne
4819|CMA03-CRYO|LINA-CMA03-OBSCHARGE01:NumeroMatrice
4819|CMA03-CRYO|LINA-CMA03-OBSCHARGE02:ChargeEstime
4819|CMA03-CRYO|LINA-CMA03-OBSCHARGE02:DebitEntree
4819|CMA03-CRYO|LINA-CMA03-OBSCHARGE02:DebitSortie
4819|CMA03-CRYO|LINA-CMA03-OBSCHARGE02:Densite
4819|CMA03-CRYO|LINA-CMA03-OBSCHARGE02:EnergieInterne
4819|CMA03-CRYO|LINA-CMA03-OBSCHARGE02:NumeroMatrice
4819|CMA03-CRYO|LINA-CMA03-PLC:Qd_count
4819|CMA03-CRYO|LINA-CMA03-PT001:PMes
4819|CMA03-CRYO|LINA-CMA03-PT010:PMes
4819|CMA03-CRYO|LINA-CMA03-PT120:PMes
4819|CMA03-CRYO|LINA-CMA03-PTRES001:PTempMes
4819|CMA03-CRYO|LINA-CMA03-TT001:ResMes
4819|CMA03-CRYO|LINA-CMA03-TT001:TempMes
4819|CMA03-CRYO|LINA-CMA03-TT005:ResMes
4819|CMA03-CRYO|LINA-CMA03-TT005:TempMes
4819|CMA03-CRYO|LINA-CMA03-TT010:ResMes
4819|CMA03-CRYO|LINA-CMA03-TT010:TempMes
4819|CMA03-CRYO|LINA-CMA03-TT011:ResMes
4819|CMA03-CRYO|LINA-CMA03-TT011:TempMes
4819|CMA03-CRYO|LINA-CMA03-TT015:ResMes
4819|CMA03-CRYO|LINA-CMA03-TT015:TempMes
4819|CMA03-CRYO|LINA-CMA03-TT101:ResMes
4819|CMA03-CRYO|LINA-CMA03-TT101:TempMes
4819|CMA03-CRYO|LINA-CMA03-TT102:ResMes
4819|CMA03-CRYO|LINA-CMA03-TT102:TempMes
4819|CMA03-CRYO|LINA-CMA03-TT103:ResMes
4819|CMA03-CRYO|LINA-CMA03-TT103:TempMes
4819|CMA03-CRYO|LINA-CMA03-TT104:ResMes
4819|CMA03-CRYO|LINA-CMA03-TT104:TempMes
4819|CMA03-CRYO|LINA-CMA03-TT112:ResMes
4819|CMA03-CRYO|LINA-CMA03-TT112:TempMes
4819|CMA03-CRYO|LINA-CMA03-TT200:ResMes
4819|CMA03-CRYO|LINA-CMA03-TT200:TempMes
4819|CMA03-CRYO|LINA-CMA03-TT201:ResMes
4819|CMA03-CRYO|LINA-CMA03-TT201:TempMes
4819|CMA03-CRYO|LINA-CMA03-TT202:ResMes
4819|CMA03-CRYO|LINA-CMA03-TT202:TempMes
4819|CMA03-CRYO|LINA-CMA03-TT204:ResMes
4819|CMA03-CRYO|LINA-CMA03-TT204:TempMes
4819|CMA03-CRYO|LINA-CMA03-TT205:ResMes
4819|CMA03-CRYO|LINA-CMA03-TT205:TempMes
4819|CMA03-CRYO|LINA-CMA03-TT215:ResMes
4819|CMA03-CRYO|LINA-CMA03-TT215:TempMes
4819|CMA03-CRYO|LINA-CMA03-TTCAV:ConsGlissante
4819|CMA03-CRYO|LINA-CMA03-VI01:State
4819|CMA03-CRYO|LINA-CMA03-VI02:State
4819|CMA03-CRYO|PLC-CRYO-CMA03:IsAlive
4819|CMA03-CRYO|TRIG-ARCH-CRYO-CMA03:LinacEnable.RVAL
4819|CMA04-CRYO|TRIG-ARCH-CRYO-CMA04:LinacEnable.RVAL
4819|CMA04-CRYO|LINA-CMA04-CHAUF:Cons
4819|CMA04-CRYO|LINA-CMA04-CHAUF:Val
4819|CMA04-CRYO|LINA-CMA04-ETAT:IndicState
4819|CMA04-CRYO|LINA-CMA04-FCV001:ACons
4819|CMA04-CRYO|LINA-CMA04-FCV001:Cons
4819|CMA04-CRYO|LINA-CMA04-FCV001:CSlopeCons
4819|CMA04-CRYO|LINA-CMA04-FCV001:OpenAct
4819|CMA04-CRYO|LINA-CMA04-FCV001:OSlopeCons
4819|CMA04-CRYO|LINA-CMA04-FCV002:ACons
4819|CMA04-CRYO|LINA-CMA04-FCV002:Cons
4819|CMA04-CRYO|LINA-CMA04-FCV002:CSlopeCons
4819|CMA04-CRYO|LINA-CMA04-FCV002:DCons
4819|CMA04-CRYO|LINA-CMA04-FCV002:ICons
4819|CMA04-CRYO|LINA-CMA04-FCV002:OpenAct
4819|CMA04-CRYO|LINA-CMA04-FCV002:OSlopeCons
4819|CMA04-CRYO|LINA-CMA04-FCV002:PCons
4819|CMA04-CRYO|LINA-CMA04-FCV005:ACons
4819|CMA04-CRYO|LINA-CMA04-FCV005:Cons
4819|CMA04-CRYO|LINA-CMA04-FCV005:CSlopeCons
4819|CMA04-CRYO|LINA-CMA04-FCV005:DCons
4819|CMA04-CRYO|LINA-CMA04-FCV005:ICons
4819|CMA04-CRYO|LINA-CMA04-FCV005:OpenAct
4819|CMA04-CRYO|LINA-CMA04-FCV005:OSlopeCons
4819|CMA04-CRYO|LINA-CMA04-FCV005:PCons
4819|CMA04-CRYO|LINA-CMA04-FCV010:ACons
4819|CMA04-CRYO|LINA-CMA04-FCV010:Cons
4819|CMA04-CRYO|LINA-CMA04-FCV010:CSlopeCons
4819|CMA04-CRYO|LINA-CMA04-FCV010:DCons
4819|CMA04-CRYO|LINA-CMA04-FCV010:ICons
4819|CMA04-CRYO|LINA-CMA04-FCV010:OpenAct
4819|CMA04-CRYO|LINA-CMA04-FCV010:OSlopeCons
4819|CMA04-CRYO|LINA-CMA04-FCV010:PCons
4819|CMA04-CRYO|LINA-CMA04-FV005:ClosingCmd
4819|CMA04-CRYO|LINA-CMA04-FV005:Defect
4819|CMA04-CRYO|LINA-CMA04-FV005:OpeningCmd
4819|CMA04-CRYO|LINA-CMA04-FV005:State
4819|CMA04-CRYO|LINA-CMA04-FV010:ClosingCmd
4819|CMA04-CRYO|LINA-CMA04-FV010:Defect
4819|CMA04-CRYO|LINA-CMA04-FV010:OpeningCmd
4819|CMA04-CRYO|LINA-CMA04-FV010:State
4819|CMA04-CRYO|LINA-CMA04-FV011:ClosingCmd
4819|CMA04-CRYO|LINA-CMA04-FV011:Defect
4819|CMA04-CRYO|LINA-CMA04-FV011:OpeningCmd
4819|CMA04-CRYO|LINA-CMA04-FV011:State
4819|CMA04-CRYO|LINA-CMA04-FV020:ClosingCmd
4819|CMA04-CRYO|LINA-CMA04-FV020:Defect
4819|CMA04-CRYO|LINA-CMA04-FV020:OpeningCmd
4819|CMA04-CRYO|LINA-CMA04-FV020:State
4819|CMA04-CRYO|LINA-CMA04-FV120:ClosingCmd
4819|CMA04-CRYO|LINA-CMA04-FV120:Defect
4819|CMA04-CRYO|LINA-CMA04-FV120:OpeningCmd
4819|CMA04-CRYO|LINA-CMA04-FV120:State
4819|CMA04-CRYO|LINA-CMA04-LQ:Num
4819|CMA04-CRYO|LINA-CMA04-LT200:LevelMes
4819|CMA04-CRYO|LINA-CMA04-OBSCHARGE01:ChargeEstime
4819|CMA04-CRYO|LINA-CMA04-OBSCHARGE01:DebitEntree
4819|CMA04-CRYO|LINA-CMA04-OBSCHARGE01:DebitSortie
4819|CMA04-CRYO|LINA-CMA04-OBSCHARGE01:Densite
4819|CMA04-CRYO|LINA-CMA04-OBSCHARGE01:EnergieInterne
4819|CMA04-CRYO|LINA-CMA04-OBSCHARGE01:NumeroMatrice
4819|CMA04-CRYO|LINA-CMA04-OBSCHARGE02:ChargeEstime
4819|CMA04-CRYO|LINA-CMA04-OBSCHARGE02:DebitEntree
4819|CMA04-CRYO|LINA-CMA04-OBSCHARGE02:DebitSortie
4819|CMA04-CRYO|LINA-CMA04-OBSCHARGE02:Densite
4819|CMA04-CRYO|LINA-CMA04-OBSCHARGE02:EnergieInterne
4819|CMA04-CRYO|LINA-CMA04-OBSCHARGE02:NumeroMatrice
4819|CMA04-CRYO|LINA-CMA04-PLC:Qd_count
4819|CMA04-CRYO|LINA-CMA04-PT001:PMes
4819|CMA04-CRYO|LINA-CMA04-PT010:PMes
4819|CMA04-CRYO|LINA-CMA04-PT120:PMes
4819|CMA04-CRYO|LINA-CMA04-PTRES001:PTempMes
4819|CMA04-CRYO|LINA-CMA04-TT001:ResMes
4819|CMA04-CRYO|LINA-CMA04-TT001:TempMes
4819|CMA04-CRYO|LINA-CMA04-TT005:ResMes
4819|CMA04-CRYO|LINA-CMA04-TT005:TempMes
4819|CMA04-CRYO|LINA-CMA04-TT010:ResMes
4819|CMA04-CRYO|LINA-CMA04-TT010:TempMes
4819|CMA04-CRYO|LINA-CMA04-TT011:ResMes
4819|CMA04-CRYO|LINA-CMA04-TT011:TempMes
4819|CMA04-CRYO|LINA-CMA04-TT015:ResMes
4819|CMA04-CRYO|LINA-CMA04-TT015:TempMes
4819|CMA04-CRYO|LINA-CMA04-TT101:ResMes
4819|CMA04-CRYO|LINA-CMA04-TT101:TempMes
4819|CMA04-CRYO|LINA-CMA04-TT102:ResMes
4819|CMA04-CRYO|LINA-CMA04-TT102:TempMes
4819|CMA04-CRYO|LINA-CMA04-TT103:ResMes
4819|CMA04-CRYO|LINA-CMA04-TT103:TempMes
4819|CMA04-CRYO|LINA-CMA04-TT104:ResMes
4819|CMA04-CRYO|LINA-CMA04-TT104:TempMes
4819|CMA04-CRYO|LINA-CMA04-TT112:ResMes
4819|CMA04-CRYO|LINA-CMA04-TT112:TempMes
4819|CMA04-CRYO|LINA-CMA04-TT200:ResMes
4819|CMA04-CRYO|LINA-CMA04-TT200:TempMes
4819|CMA04-CRYO|LINA-CMA04-TT201:ResMes
4819|CMA04-CRYO|LINA-CMA04-TT201:TempMes
4819|CMA04-CRYO|LINA-CMA04-TT202:ResMes
4819|CMA04-CRYO|LINA-CMA04-TT202:TempMes
4819|CMA04-CRYO|LINA-CMA04-TT204:ResMes
4819|CMA04-CRYO|LINA-CMA04-TT204:TempMes
4819|CMA04-CRYO|LINA-CMA04-TT205:ResMes
4819|CMA04-CRYO|LINA-CMA04-TT205:TempMes
4819|CMA04-CRYO|LINA-CMA04-TT215:ResMes
4819|CMA04-CRYO|LINA-CMA04-TT215:TempMes
4819|CMA04-CRYO|LINA-CMA04-TTCAV:ConsGlissante
4819|CMA04-CRYO|LINA-CMA04-VI01:State
4819|CMA04-CRYO|LINA-CMA04-VI02:State
4819|CMA04-CRYO|PLC-CRYO-CMA04:IsAlive
4819|CMA04-CRYO|TRIG-ARCH-CRYO-CMA04:LinacEnable.RVAL
4819|CMA05-CRYO|TRIG-ARCH-CRYO-CMA05:LinacEnable.RVAL
4819|CMA05-CRYO|LINA-CMA05-CHAUF:Cons
4819|CMA05-CRYO|LINA-CMA05-CHAUF:Val
4819|CMA05-CRYO|LINA-CMA05-ETAT:IndicState
4819|CMA05-CRYO|LINA-CMA05-FCV001:ACons
4819|CMA05-CRYO|LINA-CMA05-FCV001:Cons
4819|CMA05-CRYO|LINA-CMA05-FCV001:CSlopeCons
4819|CMA05-CRYO|LINA-CMA05-FCV001:OpenAct
4819|CMA05-CRYO|LINA-CMA05-FCV001:OSlopeCons
4819|CMA05-CRYO|LINA-CMA05-FCV002:ACons
4819|CMA05-CRYO|LINA-CMA05-FCV002:Cons
4819|CMA05-CRYO|LINA-CMA05-FCV002:CSlopeCons
4819|CMA05-CRYO|LINA-CMA05-FCV002:DCons
4819|CMA05-CRYO|LINA-CMA05-FCV002:ICons
4819|CMA05-CRYO|LINA-CMA05-FCV002:OpenAct
4819|CMA05-CRYO|LINA-CMA05-FCV002:OSlopeCons
4819|CMA05-CRYO|LINA-CMA05-FCV002:PCons
4819|CMA05-CRYO|LINA-CMA05-FCV005:ACons
4819|CMA05-CRYO|LINA-CMA05-FCV005:Cons
4819|CMA05-CRYO|LINA-CMA05-FCV005:CSlopeCons
4819|CMA05-CRYO|LINA-CMA05-FCV005:DCons
4819|CMA05-CRYO|LINA-CMA05-FCV005:ICons
4819|CMA05-CRYO|LINA-CMA05-FCV005:OpenAct
4819|CMA05-CRYO|LINA-CMA05-FCV005:OSlopeCons
4819|CMA05-CRYO|LINA-CMA05-FCV005:PCons
4819|CMA05-CRYO|LINA-CMA05-FCV010:ACons
4819|CMA05-CRYO|LINA-CMA05-FCV010:Cons
4819|CMA05-CRYO|LINA-CMA05-FCV010:CSlopeCons
4819|CMA05-CRYO|LINA-CMA05-FCV010:DCons
4819|CMA05-CRYO|LINA-CMA05-FCV010:ICons
4819|CMA05-CRYO|LINA-CMA05-FCV010:OpenAct
4819|CMA05-CRYO|LINA-CMA05-FCV010:OSlopeCons
4819|CMA05-CRYO|LINA-CMA05-FCV010:PCons
4819|CMA05-CRYO|LINA-CMA05-FV005:ClosingCmd
4819|CMA05-CRYO|LINA-CMA05-FV005:Defect
4819|CMA05-CRYO|LINA-CMA05-FV005:OpeningCmd
4819|CMA05-CRYO|LINA-CMA05-FV005:State
4819|CMA05-CRYO|LINA-CMA05-FV010:ClosingCmd
4819|CMA05-CRYO|LINA-CMA05-FV010:Defect
4819|CMA05-CRYO|LINA-CMA05-FV010:OpeningCmd
4819|CMA05-CRYO|LINA-CMA05-FV010:State
4819|CMA05-CRYO|LINA-CMA05-FV011:ClosingCmd
4819|CMA05-CRYO|LINA-CMA05-FV011:Defect
4819|CMA05-CRYO|LINA-CMA05-FV011:OpeningCmd
4819|CMA05-CRYO|LINA-CMA05-FV011:State
4819|CMA05-CRYO|LINA-CMA05-FV020:ClosingCmd
4819|CMA05-CRYO|LINA-CMA05-FV020:Defect
4819|CMA05-CRYO|LINA-CMA05-FV020:OpeningCmd
4819|CMA05-CRYO|LINA-CMA05-FV020:State
4819|CMA05-CRYO|LINA-CMA05-FV120:ClosingCmd
4819|CMA05-CRYO|LINA-CMA05-FV120:Defect
4819|CMA05-CRYO|LINA-CMA05-FV120:OpeningCmd
4819|CMA05-CRYO|LINA-CMA05-FV120:State
4819|CMA05-CRYO|LINA-CMA05-LQ:Num
4819|CMA05-CRYO|LINA-CMA05-LT200:LevelMes
4819|CMA05-CRYO|LINA-CMA05-OBSCHARGE01:ChargeEstime
4819|CMA05-CRYO|LINA-CMA05-OBSCHARGE01:DebitEntree
4819|CMA05-CRYO|LINA-CMA05-OBSCHARGE01:DebitSortie
4819|CMA05-CRYO|LINA-CMA05-OBSCHARGE01:Densite
4819|CMA05-CRYO|LINA-CMA05-OBSCHARGE01:EnergieInterne
4819|CMA05-CRYO|LINA-CMA05-OBSCHARGE01:NumeroMatrice
4819|CMA05-CRYO|LINA-CMA05-OBSCHARGE02:ChargeEstime
4819|CMA05-CRYO|LINA-CMA05-OBSCHARGE02:DebitEntree
4819|CMA05-CRYO|LINA-CMA05-OBSCHARGE02:DebitSortie
4819|CMA05-CRYO|LINA-CMA05-OBSCHARGE02:Densite
4819|CMA05-CRYO|LINA-CMA05-OBSCHARGE02:EnergieInterne
4819|CMA05-CRYO|LINA-CMA05-OBSCHARGE02:NumeroMatrice
4819|CMA05-CRYO|LINA-CMA05-PLC:Qd_count
4819|CMA05-CRYO|LINA-CMA05-PT001:PMes
4819|CMA05-CRYO|LINA-CMA05-PT010:PMes
4819|CMA05-CRYO|LINA-CMA05-PT120:PMes
4819|CMA05-CRYO|LINA-CMA05-PTRES001:PTempMes
4819|CMA05-CRYO|LINA-CMA05-TT001:ResMes
4819|CMA05-CRYO|LINA-CMA05-TT001:TempMes
4819|CMA05-CRYO|LINA-CMA05-TT005:ResMes
4819|CMA05-CRYO|LINA-CMA05-TT005:TempMes
4819|CMA05-CRYO|LINA-CMA05-TT010:ResMes
4819|CMA05-CRYO|LINA-CMA05-TT010:TempMes
4819|CMA05-CRYO|LINA-CMA05-TT011:ResMes
4819|CMA05-CRYO|LINA-CMA05-TT011:TempMes
4819|CMA05-CRYO|LINA-CMA05-TT015:ResMes
4819|CMA05-CRYO|LINA-CMA05-TT015:TempMes
4819|CMA05-CRYO|LINA-CMA05-TT101:ResMes
4819|CMA05-CRYO|LINA-CMA05-TT101:TempMes
4819|CMA05-CRYO|LINA-CMA05-TT102:ResMes
4819|CMA05-CRYO|LINA-CMA05-TT102:TempMes
4819|CMA05-CRYO|LINA-CMA05-TT103:ResMes
4819|CMA05-CRYO|LINA-CMA05-TT103:TempMes
4819|CMA05-CRYO|LINA-CMA05-TT104:ResMes
4819|CMA05-CRYO|LINA-CMA05-TT104:TempMes
4819|CMA05-CRYO|LINA-CMA05-TT112:ResMes
4819|CMA05-CRYO|LINA-CMA05-TT112:TempMes
4819|CMA05-CRYO|LINA-CMA05-TT200:ResMes
4819|CMA05-CRYO|LINA-CMA05-TT200:TempMes
4819|CMA05-CRYO|LINA-CMA05-TT201:ResMes
4819|CMA05-CRYO|LINA-CMA05-TT201:TempMes
4819|CMA05-CRYO|LINA-CMA05-TT202:ResMes
4819|CMA05-CRYO|LINA-CMA05-TT202:TempMes
4819|CMA05-CRYO|LINA-CMA05-TT204:ResMes
4819|CMA05-CRYO|LINA-CMA05-TT204:TempMes
4819|CMA05-CRYO|LINA-CMA05-TT205:ResMes
4819|CMA05-CRYO|LINA-CMA05-TT205:TempMes
4819|CMA05-CRYO|LINA-CMA05-TT215:ResMes
4819|CMA05-CRYO|LINA-CMA05-TT215:TempMes
4819|CMA05-CRYO|LINA-CMA05-TTCAV:ConsGlissante
4819|CMA05-CRYO|LINA-CMA05-VI01:State
4819|CMA05-CRYO|LINA-CMA05-VI02:State
4819|CMA05-CRYO|PLC-CRYO-CMA05:IsAlive
4819|CMA05-CRYO|TRIG-ARCH-CRYO-CMA05:LinacEnable.RVAL
4819|CMA06-CRYO|TRIG-ARCH-CRYO-CMA06:LinacEnable.RVAL
4819|CMA06-CRYO|LINA-CMA06-CHAUF:Cons
4819|CMA06-CRYO|LINA-CMA06-CHAUF:Val
4819|CMA06-CRYO|LINA-CMA06-ETAT:IndicState
4819|CMA06-CRYO|LINA-CMA06-FCV001:ACons
4819|CMA06-CRYO|LINA-CMA06-FCV001:Cons
4819|CMA06-CRYO|LINA-CMA06-FCV001:CSlopeCons
4819|CMA06-CRYO|LINA-CMA06-FCV001:OpenAct
4819|CMA06-CRYO|LINA-CMA06-FCV001:OSlopeCons
4819|CMA06-CRYO|LINA-CMA06-FCV002:ACons
4819|CMA06-CRYO|LINA-CMA06-FCV002:Cons
4819|CMA06-CRYO|LINA-CMA06-FCV002:CSlopeCons
4819|CMA06-CRYO|LINA-CMA06-FCV002:DCons
4819|CMA06-CRYO|LINA-CMA06-FCV002:ICons
4819|CMA06-CRYO|LINA-CMA06-FCV002:OpenAct
4819|CMA06-CRYO|LINA-CMA06-FCV002:OSlopeCons
4819|CMA06-CRYO|LINA-CMA06-FCV002:PCons
4819|CMA06-CRYO|LINA-CMA06-FCV005:ACons
4819|CMA06-CRYO|LINA-CMA06-FCV005:Cons
4819|CMA06-CRYO|LINA-CMA06-FCV005:CSlopeCons
4819|CMA06-CRYO|LINA-CMA06-FCV005:DCons
4819|CMA06-CRYO|LINA-CMA06-FCV005:ICons
4819|CMA06-CRYO|LINA-CMA06-FCV005:OpenAct
4819|CMA06-CRYO|LINA-CMA06-FCV005:OSlopeCons
4819|CMA06-CRYO|LINA-CMA06-FCV005:PCons
4819|CMA06-CRYO|LINA-CMA06-FCV010:ACons
4819|CMA06-CRYO|LINA-CMA06-FCV010:Cons
4819|CMA06-CRYO|LINA-CMA06-FCV010:CSlopeCons
4819|CMA06-CRYO|LINA-CMA06-FCV010:DCons
4819|CMA06-CRYO|LINA-CMA06-FCV010:ICons
4819|CMA06-CRYO|LINA-CMA06-FCV010:OpenAct
4819|CMA06-CRYO|LINA-CMA06-FCV010:OSlopeCons
4819|CMA06-CRYO|LINA-CMA06-FCV010:PCons
4819|CMA06-CRYO|LINA-CMA06-FV005:ClosingCmd
4819|CMA06-CRYO|LINA-CMA06-FV005:Defect
4819|CMA06-CRYO|LINA-CMA06-FV005:OpeningCmd
4819|CMA06-CRYO|LINA-CMA06-FV005:State
4819|CMA06-CRYO|LINA-CMA06-FV010:ClosingCmd
4819|CMA06-CRYO|LINA-CMA06-FV010:Defect
4819|CMA06-CRYO|LINA-CMA06-FV010:OpeningCmd
4819|CMA06-CRYO|LINA-CMA06-FV010:State
4819|CMA06-CRYO|LINA-CMA06-FV011:ClosingCmd
4819|CMA06-CRYO|LINA-CMA06-FV011:Defect
4819|CMA06-CRYO|LINA-CMA06-FV011:OpeningCmd
4819|CMA06-CRYO|LINA-CMA06-FV011:State
4819|CMA06-CRYO|LINA-CMA06-FV020:ClosingCmd
4819|CMA06-CRYO|LINA-CMA06-FV020:Defect
4819|CMA06-CRYO|LINA-CMA06-FV020:OpeningCmd
4819|CMA06-CRYO|LINA-CMA06-FV020:State
4819|CMA06-CRYO|LINA-CMA06-FV120:ClosingCmd
4819|CMA06-CRYO|LINA-CMA06-FV120:Defect
4819|CMA06-CRYO|LINA-CMA06-FV120:OpeningCmd
4819|CMA06-CRYO|LINA-CMA06-FV120:State
4819|CMA06-CRYO|LINA-CMA06-LQ:Num
4819|CMA06-CRYO|LINA-CMA06-LT200:LevelMes
4819|CMA06-CRYO|LINA-CMA06-OBSCHARGE01:ChargeEstime
4819|CMA06-CRYO|LINA-CMA06-OBSCHARGE01:DebitEntree
4819|CMA06-CRYO|LINA-CMA06-OBSCHARGE01:DebitSortie
4819|CMA06-CRYO|LINA-CMA06-OBSCHARGE01:Densite
4819|CMA06-CRYO|LINA-CMA06-OBSCHARGE01:EnergieInterne
4819|CMA06-CRYO|LINA-CMA06-OBSCHARGE01:NumeroMatrice
4819|CMA06-CRYO|LINA-CMA06-OBSCHARGE02:ChargeEstime
4819|CMA06-CRYO|LINA-CMA06-OBSCHARGE02:DebitEntree
4819|CMA06-CRYO|LINA-CMA06-OBSCHARGE02:DebitSortie
4819|CMA06-CRYO|LINA-CMA06-OBSCHARGE02:Densite
4819|CMA06-CRYO|LINA-CMA06-OBSCHARGE02:EnergieInterne
4819|CMA06-CRYO|LINA-CMA06-OBSCHARGE02:NumeroMatrice
4819|CMA06-CRYO|LINA-CMA06-PLC:Qd_count
4819|CMA06-CRYO|LINA-CMA06-PT001:PMes
4819|CMA06-CRYO|LINA-CMA06-PT010:PMes
4819|CMA06-CRYO|LINA-CMA06-PT120:PMes
4819|CMA06-CRYO|LINA-CMA06-PTRES001:PTempMes
4819|CMA06-CRYO|LINA-CMA06-TT001:ResMes
4819|CMA06-CRYO|LINA-CMA06-TT001:TempMes
4819|CMA06-CRYO|LINA-CMA06-TT005:ResMes
4819|CMA06-CRYO|LINA-CMA06-TT005:TempMes
4819|CMA06-CRYO|LINA-CMA06-TT010:ResMes
4819|CMA06-CRYO|LINA-CMA06-TT010:TempMes
4819|CMA06-CRYO|LINA-CMA06-TT011:ResMes
4819|CMA06-CRYO|LINA-CMA06-TT011:TempMes
4819|CMA06-CRYO|LINA-CMA06-TT015:ResMes
4819|CMA06-CRYO|LINA-CMA06-TT015:TempMes
4819|CMA06-CRYO|LINA-CMA06-TT101:ResMes
4819|CMA06-CRYO|LINA-CMA06-TT101:TempMes
4819|CMA06-CRYO|LINA-CMA06-TT102:ResMes
4819|CMA06-CRYO|LINA-CMA06-TT102:TempMes
4819|CMA06-CRYO|LINA-CMA06-TT103:ResMes
4819|CMA06-CRYO|LINA-CMA06-TT103:TempMes
4819|CMA06-CRYO|LINA-CMA06-TT104:ResMes
4819|CMA06-CRYO|LINA-CMA06-TT104:TempMes
4819|CMA06-CRYO|LINA-CMA06-TT112:ResMes
4819|CMA06-CRYO|LINA-CMA06-TT112:TempMes
4819|CMA06-CRYO|LINA-CMA06-TT200:ResMes
4819|CMA06-CRYO|LINA-CMA06-TT200:TempMes
4819|CMA06-CRYO|LINA-CMA06-TT201:ResMes
4819|CMA06-CRYO|LINA-CMA06-TT201:TempMes
4819|CMA06-CRYO|LINA-CMA06-TT202:ResMes
4819|CMA06-CRYO|LINA-CMA06-TT202:TempMes
4819|CMA06-CRYO|LINA-CMA06-TT204:ResMes
4819|CMA06-CRYO|LINA-CMA06-TT204:TempMes
4819|CMA06-CRYO|LINA-CMA06-TT205:ResMes
4819|CMA06-CRYO|LINA-CMA06-TT205:TempMes
4819|CMA06-CRYO|LINA-CMA06-TT215:ResMes
4819|CMA06-CRYO|LINA-CMA06-TT215:TempMes
4819|CMA06-CRYO|LINA-CMA06-TTCAV:ConsGlissante
4819|CMA06-CRYO|LINA-CMA06-VI01:State
4819|CMA06-CRYO|LINA-CMA06-VI02:State
4819|CMA06-CRYO|PLC-CRYO-CMA06:IsAlive
4819|CMA06-CRYO|TRIG-ARCH-CRYO-CMA06:LinacEnable.RVAL
4819|CMA07-CRYO|TRIG-ARCH-CRYO-CMA07:LinacEnable.RVAL
4819|CMA07-CRYO|LINA-CMA07-CHAUF:Cons
4819|CMA07-CRYO|LINA-CMA07-CHAUF:Val
4819|CMA07-CRYO|LINA-CMA07-ETAT:IndicState
4819|CMA07-CRYO|LINA-CMA07-FCV001:ACons
4819|CMA07-CRYO|LINA-CMA07-FCV001:Cons
4819|CMA07-CRYO|LINA-CMA07-FCV001:CSlopeCons
4819|CMA07-CRYO|LINA-CMA07-FCV001:OpenAct
4819|CMA07-CRYO|LINA-CMA07-FCV001:OSlopeCons
4819|CMA07-CRYO|LINA-CMA07-FCV002:ACons
4819|CMA07-CRYO|LINA-CMA07-FCV002:Cons
4819|CMA07-CRYO|LINA-CMA07-FCV002:CSlopeCons
4819|CMA07-CRYO|LINA-CMA07-FCV002:DCons
4819|CMA07-CRYO|LINA-CMA07-FCV002:ICons
4819|CMA07-CRYO|LINA-CMA07-FCV002:OpenAct
4819|CMA07-CRYO|LINA-CMA07-FCV002:OSlopeCons
4819|CMA07-CRYO|LINA-CMA07-FCV002:PCons
4819|CMA07-CRYO|LINA-CMA07-FCV005:ACons
4819|CMA07-CRYO|LINA-CMA07-FCV005:Cons
4819|CMA07-CRYO|LINA-CMA07-FCV005:CSlopeCons
4819|CMA07-CRYO|LINA-CMA07-FCV005:DCons
4819|CMA07-CRYO|LINA-CMA07-FCV005:ICons
4819|CMA07-CRYO|LINA-CMA07-FCV005:OpenAct
4819|CMA07-CRYO|LINA-CMA07-FCV005:OSlopeCons
4819|CMA07-CRYO|LINA-CMA07-FCV005:PCons
4819|CMA07-CRYO|LINA-CMA07-FCV010:ACons
4819|CMA07-CRYO|LINA-CMA07-FCV010:Cons
4819|CMA07-CRYO|LINA-CMA07-FCV010:CSlopeCons
4819|CMA07-CRYO|LINA-CMA07-FCV010:DCons
4819|CMA07-CRYO|LINA-CMA07-FCV010:ICons
4819|CMA07-CRYO|LINA-CMA07-FCV010:OpenAct
4819|CMA07-CRYO|LINA-CMA07-FCV010:OSlopeCons
4819|CMA07-CRYO|LINA-CMA07-FCV010:PCons
4819|CMA07-CRYO|LINA-CMA07-FV005:ClosingCmd
4819|CMA07-CRYO|LINA-CMA07-FV005:Defect
4819|CMA07-CRYO|LINA-CMA07-FV005:OpeningCmd
4819|CMA07-CRYO|LINA-CMA07-FV005:State
4819|CMA07-CRYO|LINA-CMA07-FV010:ClosingCmd
4819|CMA07-CRYO|LINA-CMA07-FV010:Defect
4819|CMA07-CRYO|LINA-CMA07-FV010:OpeningCmd
4819|CMA07-CRYO|LINA-CMA07-FV010:State
4819|CMA07-CRYO|LINA-CMA07-FV011:ClosingCmd
4819|CMA07-CRYO|LINA-CMA07-FV011:Defect
4819|CMA07-CRYO|LINA-CMA07-FV011:OpeningCmd
4819|CMA07-CRYO|LINA-CMA07-FV011:State
4819|CMA07-CRYO|LINA-CMA07-FV020:ClosingCmd
4819|CMA07-CRYO|LINA-CMA07-FV020:Defect
4819|CMA07-CRYO|LINA-CMA07-FV020:OpeningCmd
4819|CMA07-CRYO|LINA-CMA07-FV020:State
4819|CMA07-CRYO|LINA-CMA07-FV120:ClosingCmd
4819|CMA07-CRYO|LINA-CMA07-FV120:Defect
4819|CMA07-CRYO|LINA-CMA07-FV120:OpeningCmd
4819|CMA07-CRYO|LINA-CMA07-FV120:State
4819|CMA07-CRYO|LINA-CMA07-LQ:Num
4819|CMA07-CRYO|LINA-CMA07-LT200:LevelMes
4819|CMA07-CRYO|LINA-CMA07-OBSCHARGE01:ChargeEstime
4819|CMA07-CRYO|LINA-CMA07-OBSCHARGE01:DebitEntree
4819|CMA07-CRYO|LINA-CMA07-OBSCHARGE01:DebitSortie
4819|CMA07-CRYO|LINA-CMA07-OBSCHARGE01:Densite
4819|CMA07-CRYO|LINA-CMA07-OBSCHARGE01:EnergieInterne
4819|CMA07-CRYO|LINA-CMA07-OBSCHARGE01:NumeroMatrice
4819|CMA07-CRYO|LINA-CMA07-OBSCHARGE02:ChargeEstime
4819|CMA07-CRYO|LINA-CMA07-OBSCHARGE02:DebitEntree
4819|CMA07-CRYO|LINA-CMA07-OBSCHARGE02:DebitSortie
4819|CMA07-CRYO|LINA-CMA07-OBSCHARGE02:Densite
4819|CMA07-CRYO|LINA-CMA07-OBSCHARGE02:EnergieInterne
4819|CMA07-CRYO|LINA-CMA07-OBSCHARGE02:NumeroMatrice
4819|CMA07-CRYO|LINA-CMA07-PLC:Qd_count
4819|CMA07-CRYO|LINA-CMA07-PT001:PMes
4819|CMA07-CRYO|LINA-CMA07-PT010:PMes
4819|CMA07-CRYO|LINA-CMA07-PT120:PMes
4819|CMA07-CRYO|LINA-CMA07-PTRES001:PTempMes
4819|CMA07-CRYO|LINA-CMA07-TT001:ResMes
4819|CMA07-CRYO|LINA-CMA07-TT001:TempMes
4819|CMA07-CRYO|LINA-CMA07-TT005:ResMes
4819|CMA07-CRYO|LINA-CMA07-TT005:TempMes
4819|CMA07-CRYO|LINA-CMA07-TT010:ResMes
4819|CMA07-CRYO|LINA-CMA07-TT010:TempMes
4819|CMA07-CRYO|LINA-CMA07-TT011:ResMes
4819|CMA07-CRYO|LINA-CMA07-TT011:TempMes
4819|CMA07-CRYO|LINA-CMA07-TT015:ResMes
4819|CMA07-CRYO|LINA-CMA07-TT015:TempMes
4819|CMA07-CRYO|LINA-CMA07-TT101:ResMes
4819|CMA07-CRYO|LINA-CMA07-TT101:TempMes
4819|CMA07-CRYO|LINA-CMA07-TT102:ResMes
4819|CMA07-CRYO|LINA-CMA07-TT102:TempMes
4819|CMA07-CRYO|LINA-CMA07-TT103:ResMes
4819|CMA07-CRYO|LINA-CMA07-TT103:TempMes
4819|CMA07-CRYO|LINA-CMA07-TT104:ResMes
4819|CMA07-CRYO|LINA-CMA07-TT104:TempMes
4819|CMA07-CRYO|LINA-CMA07-TT112:ResMes
4819|CMA07-CRYO|LINA-CMA07-TT112:TempMes
4819|CMA07-CRYO|LINA-CMA07-TT200:ResMes
4819|CMA07-CRYO|LINA-CMA07-TT200:TempMes
4819|CMA07-CRYO|LINA-CMA07-TT201:ResMes
4819|CMA07-CRYO|LINA-CMA07-TT201:TempMes
4819|CMA07-CRYO|LINA-CMA07-TT202:ResMes
4819|CMA07-CRYO|LINA-CMA07-TT202:TempMes
4819|CMA07-CRYO|LINA-CMA07-TT204:ResMes
4819|CMA07-CRYO|LINA-CMA07-TT204:TempMes
4819|CMA07-CRYO|LINA-CMA07-TT205:ResMes
4819|CMA07-CRYO|LINA-CMA07-TT205:TempMes
4819|CMA07-CRYO|LINA-CMA07-TT215:ResMes
4819|CMA07-CRYO|LINA-CMA07-TT215:TempMes
4819|CMA07-CRYO|LINA-CMA07-TTCAV:ConsGlissante
4819|CMA07-CRYO|LINA-CMA07-VI01:State
4819|CMA07-CRYO|LINA-CMA07-VI02:State
4819|CMA07-CRYO|PLC-CRYO-CMA07:IsAlive
4819|CMA07-CRYO|TRIG-ARCH-CRYO-CMA07:LinacEnable.RVAL
4819|CMA08-CRYO|TRIG-ARCH-CRYO-CMA08:LinacEnable.RVAL
4819|CMA08-CRYO|LINA-CMA08-CHAUF:Cons
4819|CMA08-CRYO|LINA-CMA08-CHAUF:Val
4819|CMA08-CRYO|LINA-CMA08-ETAT:IndicState
4819|CMA08-CRYO|LINA-CMA08-FCV001:ACons
4819|CMA08-CRYO|LINA-CMA08-FCV001:Cons
4819|CMA08-CRYO|LINA-CMA08-FCV001:CSlopeCons
4819|CMA08-CRYO|LINA-CMA08-FCV001:OpenAct
4819|CMA08-CRYO|LINA-CMA08-FCV001:OSlopeCons
4819|CMA08-CRYO|LINA-CMA08-FCV002:ACons
4819|CMA08-CRYO|LINA-CMA08-FCV002:Cons
4819|CMA08-CRYO|LINA-CMA08-FCV002:CSlopeCons
4819|CMA08-CRYO|LINA-CMA08-FCV002:DCons
4819|CMA08-CRYO|LINA-CMA08-FCV002:ICons
4819|CMA08-CRYO|LINA-CMA08-FCV002:OpenAct
4819|CMA08-CRYO|LINA-CMA08-FCV002:OSlopeCons
4819|CMA08-CRYO|LINA-CMA08-FCV002:PCons
4819|CMA08-CRYO|LINA-CMA08-FCV005:ACons
4819|CMA08-CRYO|LINA-CMA08-FCV005:Cons
4819|CMA08-CRYO|LINA-CMA08-FCV005:CSlopeCons
4819|CMA08-CRYO|LINA-CMA08-FCV005:DCons
4819|CMA08-CRYO|LINA-CMA08-FCV005:ICons
4819|CMA08-CRYO|LINA-CMA08-FCV005:OpenAct
4819|CMA08-CRYO|LINA-CMA08-FCV005:OSlopeCons
4819|CMA08-CRYO|LINA-CMA08-FCV005:PCons
4819|CMA08-CRYO|LINA-CMA08-FCV010:ACons
4819|CMA08-CRYO|LINA-CMA08-FCV010:Cons
4819|CMA08-CRYO|LINA-CMA08-FCV010:CSlopeCons
4819|CMA08-CRYO|LINA-CMA08-FCV010:DCons
4819|CMA08-CRYO|LINA-CMA08-FCV010:ICons
4819|CMA08-CRYO|LINA-CMA08-FCV010:OpenAct
4819|CMA08-CRYO|LINA-CMA08-FCV010:OSlopeCons
4819|CMA08-CRYO|LINA-CMA08-FCV010:PCons
4819|CMA08-CRYO|LINA-CMA08-FV005:ClosingCmd
4819|CMA08-CRYO|LINA-CMA08-FV005:Defect
4819|CMA08-CRYO|LINA-CMA08-FV005:OpeningCmd
4819|CMA08-CRYO|LINA-CMA08-FV005:State
4819|CMA08-CRYO|LINA-CMA08-FV010:ClosingCmd
4819|CMA08-CRYO|LINA-CMA08-FV010:Defect
4819|CMA08-CRYO|LINA-CMA08-FV010:OpeningCmd
4819|CMA08-CRYO|LINA-CMA08-FV010:State
4819|CMA08-CRYO|LINA-CMA08-FV011:ClosingCmd
4819|CMA08-CRYO|LINA-CMA08-FV011:Defect
4819|CMA08-CRYO|LINA-CMA08-FV011:OpeningCmd
4819|CMA08-CRYO|LINA-CMA08-FV011:State
4819|CMA08-CRYO|LINA-CMA08-FV020:ClosingCmd
4819|CMA08-CRYO|LINA-CMA08-FV020:Defect
4819|CMA08-CRYO|LINA-CMA08-FV020:OpeningCmd
4819|CMA08-CRYO|LINA-CMA08-FV020:State
4819|CMA08-CRYO|LINA-CMA08-FV120:ClosingCmd
4819|CMA08-CRYO|LINA-CMA08-FV120:Defect
4819|CMA08-CRYO|LINA-CMA08-FV120:OpeningCmd
4819|CMA08-CRYO|LINA-CMA08-FV120:State
4819|CMA08-CRYO|LINA-CMA08-LQ:Num
4819|CMA08-CRYO|LINA-CMA08-LT200:LevelMes
4819|CMA08-CRYO|LINA-CMA08-OBSCHARGE01:ChargeEstime
4819|CMA08-CRYO|LINA-CMA08-OBSCHARGE01:DebitEntree
4819|CMA08-CRYO|LINA-CMA08-OBSCHARGE01:DebitSortie
4819|CMA08-CRYO|LINA-CMA08-OBSCHARGE01:Densite
4819|CMA08-CRYO|LINA-CMA08-OBSCHARGE01:EnergieInterne
4819|CMA08-CRYO|LINA-CMA08-OBSCHARGE01:NumeroMatrice
4819|CMA08-CRYO|LINA-CMA08-OBSCHARGE02:ChargeEstime
4819|CMA08-CRYO|LINA-CMA08-OBSCHARGE02:DebitEntree
4819|CMA08-CRYO|LINA-CMA08-OBSCHARGE02:DebitSortie
4819|CMA08-CRYO|LINA-CMA08-OBSCHARGE02:Densite
4819|CMA08-CRYO|LINA-CMA08-OBSCHARGE02:EnergieInterne
4819|CMA08-CRYO|LINA-CMA08-OBSCHARGE02:NumeroMatrice
4819|CMA08-CRYO|LINA-CMA08-PLC:Qd_count
4819|CMA08-CRYO|LINA-CMA08-PT001:PMes
4819|CMA08-CRYO|LINA-CMA08-PT010:PMes
4819|CMA08-CRYO|LINA-CMA08-PT120:PMes
4819|CMA08-CRYO|LINA-CMA08-PTRES001:PTempMes
4819|CMA08-CRYO|LINA-CMA08-TT001:ResMes
4819|CMA08-CRYO|LINA-CMA08-TT001:TempMes
4819|CMA08-CRYO|LINA-CMA08-TT005:ResMes
4819|CMA08-CRYO|LINA-CMA08-TT005:TempMes
4819|CMA08-CRYO|LINA-CMA08-TT010:ResMes
4819|CMA08-CRYO|LINA-CMA08-TT010:TempMes
4819|CMA08-CRYO|LINA-CMA08-TT011:ResMes
4819|CMA08-CRYO|LINA-CMA08-TT011:TempMes
4819|CMA08-CRYO|LINA-CMA08-TT015:ResMes
4819|CMA08-CRYO|LINA-CMA08-TT015:TempMes
4819|CMA08-CRYO|LINA-CMA08-TT101:ResMes
4819|CMA08-CRYO|LINA-CMA08-TT101:TempMes
4819|CMA08-CRYO|LINA-CMA08-TT102:ResMes
4819|CMA08-CRYO|LINA-CMA08-TT102:TempMes
4819|CMA08-CRYO|LINA-CMA08-TT103:ResMes
4819|CMA08-CRYO|LINA-CMA08-TT103:TempMes
4819|CMA08-CRYO|LINA-CMA08-TT104:ResMes
4819|CMA08-CRYO|LINA-CMA08-TT104:TempMes
4819|CMA08-CRYO|LINA-CMA08-TT112:ResMes
4819|CMA08-CRYO|LINA-CMA08-TT112:TempMes
4819|CMA08-CRYO|LINA-CMA08-TT200:ResMes
4819|CMA08-CRYO|LINA-CMA08-TT200:TempMes
4819|CMA08-CRYO|LINA-CMA08-TT201:ResMes
4819|CMA08-CRYO|LINA-CMA08-TT201:TempMes
4819|CMA08-CRYO|LINA-CMA08-TT202:ResMes
4819|CMA08-CRYO|LINA-CMA08-TT202:TempMes
4819|CMA08-CRYO|LINA-CMA08-TT204:ResMes
4819|CMA08-CRYO|LINA-CMA08-TT204:TempMes
4819|CMA08-CRYO|LINA-CMA08-TT205:ResMes
4819|CMA08-CRYO|LINA-CMA08-TT205:TempMes
4819|CMA08-CRYO|LINA-CMA08-TT215:ResMes
4819|CMA08-CRYO|LINA-CMA08-TT215:TempMes
4819|CMA08-CRYO|LINA-CMA08-TTCAV:ConsGlissante
4819|CMA08-CRYO|LINA-CMA08-VI01:State
4819|CMA08-CRYO|LINA-CMA08-VI02:State
4819|CMA08-CRYO|PLC-CRYO-CMA08:IsAlive
4819|CMA08-CRYO|TRIG-ARCH-CRYO-CMA08:LinacEnable.RVAL
4819|CMA09-CRYO|TRIG-ARCH-CRYO-CMA09:LinacEnable.RVAL
4819|CMA09-CRYO|LINA-CMA09-CHAUF:Cons
4819|CMA09-CRYO|LINA-CMA09-CHAUF:Val
4819|CMA09-CRYO|LINA-CMA09-ETAT:IndicState
4819|CMA09-CRYO|LINA-CMA09-FCV001:ACons
4819|CMA09-CRYO|LINA-CMA09-FCV001:Cons
4819|CMA09-CRYO|LINA-CMA09-FCV001:CSlopeCons
4819|CMA09-CRYO|LINA-CMA09-FCV001:OpenAct
4819|CMA09-CRYO|LINA-CMA09-FCV001:OSlopeCons
4819|CMA09-CRYO|LINA-CMA09-FCV002:ACons
4819|CMA09-CRYO|LINA-CMA09-FCV002:Cons
4819|CMA09-CRYO|LINA-CMA09-FCV002:CSlopeCons
4819|CMA09-CRYO|LINA-CMA09-FCV002:DCons
4819|CMA09-CRYO|LINA-CMA09-FCV002:ICons
4819|CMA09-CRYO|LINA-CMA09-FCV002:OpenAct
4819|CMA09-CRYO|LINA-CMA09-FCV002:OSlopeCons
4819|CMA09-CRYO|LINA-CMA09-FCV002:PCons
4819|CMA09-CRYO|LINA-CMA09-FCV005:ACons
4819|CMA09-CRYO|LINA-CMA09-FCV005:Cons
4819|CMA09-CRYO|LINA-CMA09-FCV005:CSlopeCons
4819|CMA09-CRYO|LINA-CMA09-FCV005:DCons
4819|CMA09-CRYO|LINA-CMA09-FCV005:ICons
4819|CMA09-CRYO|LINA-CMA09-FCV005:OpenAct
4819|CMA09-CRYO|LINA-CMA09-FCV005:OSlopeCons
4819|CMA09-CRYO|LINA-CMA09-FCV005:PCons
4819|CMA09-CRYO|LINA-CMA09-FCV010:ACons
4819|CMA09-CRYO|LINA-CMA09-FCV010:Cons
4819|CMA09-CRYO|LINA-CMA09-FCV010:CSlopeCons
4819|CMA09-CRYO|LINA-CMA09-FCV010:DCons
4819|CMA09-CRYO|LINA-CMA09-FCV010:ICons
4819|CMA09-CRYO|LINA-CMA09-FCV010:OpenAct
4819|CMA09-CRYO|LINA-CMA09-FCV010:OSlopeCons
4819|CMA09-CRYO|LINA-CMA09-FCV010:PCons
4819|CMA09-CRYO|LINA-CMA09-FV005:ClosingCmd
4819|CMA09-CRYO|LINA-CMA09-FV005:Defect
4819|CMA09-CRYO|LINA-CMA09-FV005:OpeningCmd
4819|CMA09-CRYO|LINA-CMA09-FV005:State
4819|CMA09-CRYO|LINA-CMA09-FV010:ClosingCmd
4819|CMA09-CRYO|LINA-CMA09-FV010:Defect
4819|CMA09-CRYO|LINA-CMA09-FV010:OpeningCmd
4819|CMA09-CRYO|LINA-CMA09-FV010:State
4819|CMA09-CRYO|LINA-CMA09-FV011:ClosingCmd
4819|CMA09-CRYO|LINA-CMA09-FV011:Defect
4819|CMA09-CRYO|LINA-CMA09-FV011:OpeningCmd
4819|CMA09-CRYO|LINA-CMA09-FV011:State
4819|CMA09-CRYO|LINA-CMA09-FV020:ClosingCmd
4819|CMA09-CRYO|LINA-CMA09-FV020:Defect
4819|CMA09-CRYO|LINA-CMA09-FV020:OpeningCmd
4819|CMA09-CRYO|LINA-CMA09-FV020:State
4819|CMA09-CRYO|LINA-CMA09-FV120:ClosingCmd
4819|CMA09-CRYO|LINA-CMA09-FV120:Defect
4819|CMA09-CRYO|LINA-CMA09-FV120:OpeningCmd
4819|CMA09-CRYO|LINA-CMA09-FV120:State
4819|CMA09-CRYO|LINA-CMA09-LQ:Num
4819|CMA09-CRYO|LINA-CMA09-LT200:LevelMes
4819|CMA09-CRYO|LINA-CMA09-OBSCHARGE01:ChargeEstime
4819|CMA09-CRYO|LINA-CMA09-OBSCHARGE01:DebitEntree
4819|CMA09-CRYO|LINA-CMA09-OBSCHARGE01:DebitSortie
4819|CMA09-CRYO|LINA-CMA09-OBSCHARGE01:Densite
4819|CMA09-CRYO|LINA-CMA09-OBSCHARGE01:EnergieInterne
4819|CMA09-CRYO|LINA-CMA09-OBSCHARGE01:NumeroMatrice
4819|CMA09-CRYO|LINA-CMA09-OBSCHARGE02:ChargeEstime
4819|CMA09-CRYO|LINA-CMA09-OBSCHARGE02:DebitEntree
4819|CMA09-CRYO|LINA-CMA09-OBSCHARGE02:DebitSortie
4819|CMA09-CRYO|LINA-CMA09-OBSCHARGE02:Densite
4819|CMA09-CRYO|LINA-CMA09-OBSCHARGE02:EnergieInterne
4819|CMA09-CRYO|LINA-CMA09-OBSCHARGE02:NumeroMatrice
4819|CMA09-CRYO|LINA-CMA09-PLC:Qd_count
4819|CMA09-CRYO|LINA-CMA09-PT001:PMes
4819|CMA09-CRYO|LINA-CMA09-PT010:PMes
4819|CMA09-CRYO|LINA-CMA09-PT120:PMes
4819|CMA09-CRYO|LINA-CMA09-PTRES001:PTempMes
4819|CMA09-CRYO|LINA-CMA09-TT001:ResMes
4819|CMA09-CRYO|LINA-CMA09-TT001:TempMes
4819|CMA09-CRYO|LINA-CMA09-TT005:ResMes
4819|CMA09-CRYO|LINA-CMA09-TT005:TempMes
4819|CMA09-CRYO|LINA-CMA09-TT010:ResMes
4819|CMA09-CRYO|LINA-CMA09-TT010:TempMes
4819|CMA09-CRYO|LINA-CMA09-TT011:ResMes
4819|CMA09-CRYO|LINA-CMA09-TT011:TempMes
4819|CMA09-CRYO|LINA-CMA09-TT015:ResMes
4819|CMA09-CRYO|LINA-CMA09-TT015:TempMes
4819|CMA09-CRYO|LINA-CMA09-TT101:ResMes
4819|CMA09-CRYO|LINA-CMA09-TT101:TempMes
4819|CMA09-CRYO|LINA-CMA09-TT102:ResMes
4819|CMA09-CRYO|LINA-CMA09-TT102:TempMes
4819|CMA09-CRYO|LINA-CMA09-TT103:ResMes
4819|CMA09-CRYO|LINA-CMA09-TT103:TempMes
4819|CMA09-CRYO|LINA-CMA09-TT104:ResMes
4819|CMA09-CRYO|LINA-CMA09-TT104:TempMes
4819|CMA09-CRYO|LINA-CMA09-TT112:ResMes
4819|CMA09-CRYO|LINA-CMA09-TT112:TempMes
4819|CMA09-CRYO|LINA-CMA09-TT200:ResMes
4819|CMA09-CRYO|LINA-CMA09-TT200:TempMes
4819|CMA09-CRYO|LINA-CMA09-TT201:ResMes
4819|CMA09-CRYO|LINA-CMA09-TT201:TempMes
4819|CMA09-CRYO|LINA-CMA09-TT202:ResMes
4819|CMA09-CRYO|LINA-CMA09-TT202:TempMes
4819|CMA09-CRYO|LINA-CMA09-TT204:ResMes
4819|CMA09-CRYO|LINA-CMA09-TT204:TempMes
4819|CMA09-CRYO|LINA-CMA09-TT205:ResMes
4819|CMA09-CRYO|LINA-CMA09-TT205:TempMes
4819|CMA09-CRYO|LINA-CMA09-TT215:ResMes
4819|CMA09-CRYO|LINA-CMA09-TT215:TempMes
4819|CMA09-CRYO|LINA-CMA09-TTCAV:ConsGlissante
4819|CMA09-CRYO|LINA-CMA09-VI01:State
4819|CMA09-CRYO|LINA-CMA09-VI02:State
4819|CMA09-CRYO|PLC-CRYO-CMA09:IsAlive
4819|CMA09-CRYO|TRIG-ARCH-CRYO-CMA09:LinacEnable.RVAL
4819|CMA10-CRYO|TRIG-ARCH-CRYO-CMA10:LinacEnable.RVAL
4819|CMA10-CRYO|LINA-CMA10-CHAUF:Cons
4819|CMA10-CRYO|LINA-CMA10-CHAUF:Val
4819|CMA10-CRYO|LINA-CMA10-ETAT:IndicState
4819|CMA10-CRYO|LINA-CMA10-FCV001:ACons
4819|CMA10-CRYO|LINA-CMA10-FCV001:Cons
4819|CMA10-CRYO|LINA-CMA10-FCV001:CSlopeCons
4819|CMA10-CRYO|LINA-CMA10-FCV001:OpenAct
4819|CMA10-CRYO|LINA-CMA10-FCV001:OSlopeCons
4819|CMA10-CRYO|LINA-CMA10-FCV002:ACons
4819|CMA10-CRYO|LINA-CMA10-FCV002:Cons
4819|CMA10-CRYO|LINA-CMA10-FCV002:CSlopeCons
4819|CMA10-CRYO|LINA-CMA10-FCV002:DCons
4819|CMA10-CRYO|LINA-CMA10-FCV002:ICons
4819|CMA10-CRYO|LINA-CMA10-FCV002:OpenAct
4819|CMA10-CRYO|LINA-CMA10-FCV002:OSlopeCons
4819|CMA10-CRYO|LINA-CMA10-FCV002:PCons
4819|CMA10-CRYO|LINA-CMA10-FCV005:ACons
4819|CMA10-CRYO|LINA-CMA10-FCV005:Cons
4819|CMA10-CRYO|LINA-CMA10-FCV005:CSlopeCons
4819|CMA10-CRYO|LINA-CMA10-FCV005:DCons
4819|CMA10-CRYO|LINA-CMA10-FCV005:ICons
4819|CMA10-CRYO|LINA-CMA10-FCV005:OpenAct
4819|CMA10-CRYO|LINA-CMA10-FCV005:OSlopeCons
4819|CMA10-CRYO|LINA-CMA10-FCV005:PCons
4819|CMA10-CRYO|LINA-CMA10-FCV010:ACons
4819|CMA10-CRYO|LINA-CMA10-FCV010:Cons
4819|CMA10-CRYO|LINA-CMA10-FCV010:CSlopeCons
4819|CMA10-CRYO|LINA-CMA10-FCV010:DCons
4819|CMA10-CRYO|LINA-CMA10-FCV010:ICons
4819|CMA10-CRYO|LINA-CMA10-FCV010:OpenAct
4819|CMA10-CRYO|LINA-CMA10-FCV010:OSlopeCons
4819|CMA10-CRYO|LINA-CMA10-FCV010:PCons
4819|CMA10-CRYO|LINA-CMA10-FV005:ClosingCmd
4819|CMA10-CRYO|LINA-CMA10-FV005:Defect
4819|CMA10-CRYO|LINA-CMA10-FV005:OpeningCmd
4819|CMA10-CRYO|LINA-CMA10-FV005:State
4819|CMA10-CRYO|LINA-CMA10-FV010:ClosingCmd
4819|CMA10-CRYO|LINA-CMA10-FV010:Defect
4819|CMA10-CRYO|LINA-CMA10-FV010:OpeningCmd
4819|CMA10-CRYO|LINA-CMA10-FV010:State
4819|CMA10-CRYO|LINA-CMA10-FV011:ClosingCmd
4819|CMA10-CRYO|LINA-CMA10-FV011:Defect
4819|CMA10-CRYO|LINA-CMA10-FV011:OpeningCmd
4819|CMA10-CRYO|LINA-CMA10-FV011:State
4819|CMA10-CRYO|LINA-CMA10-FV020:ClosingCmd
4819|CMA10-CRYO|LINA-CMA10-FV020:Defect
4819|CMA10-CRYO|LINA-CMA10-FV020:OpeningCmd
4819|CMA10-CRYO|LINA-CMA10-FV020:State
4819|CMA10-CRYO|LINA-CMA10-FV120:ClosingCmd
4819|CMA10-CRYO|LINA-CMA10-FV120:Defect
4819|CMA10-CRYO|LINA-CMA10-FV120:OpeningCmd
4819|CMA10-CRYO|LINA-CMA10-FV120:State
4819|CMA10-CRYO|LINA-CMA10-LQ:Num
4819|CMA10-CRYO|LINA-CMA10-LT200:LevelMes
4819|CMA10-CRYO|LINA-CMA10-OBSCHARGE01:ChargeEstime
4819|CMA10-CRYO|LINA-CMA10-OBSCHARGE01:DebitEntree
4819|CMA10-CRYO|LINA-CMA10-OBSCHARGE01:DebitSortie
4819|CMA10-CRYO|LINA-CMA10-OBSCHARGE01:Densite
4819|CMA10-CRYO|LINA-CMA10-OBSCHARGE01:EnergieInterne
4819|CMA10-CRYO|LINA-CMA10-OBSCHARGE01:NumeroMatrice
4819|CMA10-CRYO|LINA-CMA10-OBSCHARGE02:ChargeEstime
4819|CMA10-CRYO|LINA-CMA10-OBSCHARGE02:DebitEntree
4819|CMA10-CRYO|LINA-CMA10-OBSCHARGE02:DebitSortie
4819|CMA10-CRYO|LINA-CMA10-OBSCHARGE02:Densite
4819|CMA10-CRYO|LINA-CMA10-OBSCHARGE02:EnergieInterne
4819|CMA10-CRYO|LINA-CMA10-OBSCHARGE02:NumeroMatrice
4819|CMA10-CRYO|LINA-CMA10-PLC:Qd_count
4819|CMA10-CRYO|LINA-CMA10-PT001:PMes
4819|CMA10-CRYO|LINA-CMA10-PT010:PMes
4819|CMA10-CRYO|LINA-CMA10-PT120:PMes
4819|CMA10-CRYO|LINA-CMA10-PTRES001:PTempMes
4819|CMA10-CRYO|LINA-CMA10-TT001:ResMes
4819|CMA10-CRYO|LINA-CMA10-TT001:TempMes
4819|CMA10-CRYO|LINA-CMA10-TT005:ResMes
4819|CMA10-CRYO|LINA-CMA10-TT005:TempMes
4819|CMA10-CRYO|LINA-CMA10-TT010:ResMes
4819|CMA10-CRYO|LINA-CMA10-TT010:TempMes
4819|CMA10-CRYO|LINA-CMA10-TT011:ResMes
4819|CMA10-CRYO|LINA-CMA10-TT011:TempMes
4819|CMA10-CRYO|LINA-CMA10-TT015:ResMes
4819|CMA10-CRYO|LINA-CMA10-TT015:TempMes
4819|CMA10-CRYO|LINA-CMA10-TT101:ResMes
4819|CMA10-CRYO|LINA-CMA10-TT101:TempMes
4819|CMA10-CRYO|LINA-CMA10-TT102:ResMes
4819|CMA10-CRYO|LINA-CMA10-TT102:TempMes
4819|CMA10-CRYO|LINA-CMA10-TT103:ResMes
4819|CMA10-CRYO|LINA-CMA10-TT103:TempMes
4819|CMA10-CRYO|LINA-CMA10-TT104:ResMes
4819|CMA10-CRYO|LINA-CMA10-TT104:TempMes
4819|CMA10-CRYO|LINA-CMA10-TT112:ResMes
4819|CMA10-CRYO|LINA-CMA10-TT112:TempMes
4819|CMA10-CRYO|LINA-CMA10-TT200:ResMes
4819|CMA10-CRYO|LINA-CMA10-TT200:TempMes
4819|CMA10-CRYO|LINA-CMA10-TT201:ResMes
4819|CMA10-CRYO|LINA-CMA10-TT201:TempMes
4819|CMA10-CRYO|LINA-CMA10-TT202:ResMes
4819|CMA10-CRYO|LINA-CMA10-TT202:TempMes
4819|CMA10-CRYO|LINA-CMA10-TT204:ResMes
4819|CMA10-CRYO|LINA-CMA10-TT204:TempMes
4819|CMA10-CRYO|LINA-CMA10-TT205:ResMes
4819|CMA10-CRYO|LINA-CMA10-TT205:TempMes
4819|CMA10-CRYO|LINA-CMA10-TT215:ResMes
4819|CMA10-CRYO|LINA-CMA10-TT215:TempMes
4819|CMA10-CRYO|LINA-CMA10-TTCAV:ConsGlissante
4819|CMA10-CRYO|LINA-CMA10-VI01:State
4819|CMA10-CRYO|LINA-CMA10-VI02:State
4819|CMA10-CRYO|PLC-CRYO-CMA10:IsAlive
4819|CMA10-CRYO|TRIG-ARCH-CRYO-CMA10:LinacEnable.RVAL
4819|CMA11-CRYO|TRIG-ARCH-CRYO-CMA11:LinacEnable.RVAL
4819|CMA11-CRYO|LINA-CMA11-CHAUF:Cons
4819|CMA11-CRYO|LINA-CMA11-CHAUF:Val
4819|CMA11-CRYO|LINA-CMA11-ETAT:IndicState
4819|CMA11-CRYO|LINA-CMA11-FCV001:ACons
4819|CMA11-CRYO|LINA-CMA11-FCV001:Cons
4819|CMA11-CRYO|LINA-CMA11-FCV001:CSlopeCons
4819|CMA11-CRYO|LINA-CMA11-FCV001:OpenAct
4819|CMA11-CRYO|LINA-CMA11-FCV001:OSlopeCons
4819|CMA11-CRYO|LINA-CMA11-FCV002:ACons
4819|CMA11-CRYO|LINA-CMA11-FCV002:Cons
4819|CMA11-CRYO|LINA-CMA11-FCV002:CSlopeCons
4819|CMA11-CRYO|LINA-CMA11-FCV002:DCons
4819|CMA11-CRYO|LINA-CMA11-FCV002:ICons
4819|CMA11-CRYO|LINA-CMA11-FCV002:OpenAct
4819|CMA11-CRYO|LINA-CMA11-FCV002:OSlopeCons
4819|CMA11-CRYO|LINA-CMA11-FCV002:PCons
4819|CMA11-CRYO|LINA-CMA11-FCV005:ACons
4819|CMA11-CRYO|LINA-CMA11-FCV005:Cons
4819|CMA11-CRYO|LINA-CMA11-FCV005:CSlopeCons
4819|CMA11-CRYO|LINA-CMA11-FCV005:DCons
4819|CMA11-CRYO|LINA-CMA11-FCV005:ICons
4819|CMA11-CRYO|LINA-CMA11-FCV005:OpenAct
4819|CMA11-CRYO|LINA-CMA11-FCV005:OSlopeCons
4819|CMA11-CRYO|LINA-CMA11-FCV005:PCons
4819|CMA11-CRYO|LINA-CMA11-FCV010:ACons
4819|CMA11-CRYO|LINA-CMA11-FCV010:Cons
4819|CMA11-CRYO|LINA-CMA11-FCV010:CSlopeCons
4819|CMA11-CRYO|LINA-CMA11-FCV010:DCons
4819|CMA11-CRYO|LINA-CMA11-FCV010:ICons
4819|CMA11-CRYO|LINA-CMA11-FCV010:OpenAct
4819|CMA11-CRYO|LINA-CMA11-FCV010:OSlopeCons
4819|CMA11-CRYO|LINA-CMA11-FCV010:PCons
4819|CMA11-CRYO|LINA-CMA11-FV005:ClosingCmd
4819|CMA11-CRYO|LINA-CMA11-FV005:Defect
4819|CMA11-CRYO|LINA-CMA11-FV005:OpeningCmd
4819|CMA11-CRYO|LINA-CMA11-FV005:State
4819|CMA11-CRYO|LINA-CMA11-FV010:ClosingCmd
4819|CMA11-CRYO|LINA-CMA11-FV010:Defect
4819|CMA11-CRYO|LINA-CMA11-FV010:OpeningCmd
4819|CMA11-CRYO|LINA-CMA11-FV010:State
4819|CMA11-CRYO|LINA-CMA11-FV011:ClosingCmd
4819|CMA11-CRYO|LINA-CMA11-FV011:Defect
4819|CMA11-CRYO|LINA-CMA11-FV011:OpeningCmd
4819|CMA11-CRYO|LINA-CMA11-FV011:State
4819|CMA11-CRYO|LINA-CMA11-FV020:ClosingCmd
4819|CMA11-CRYO|LINA-CMA11-FV020:Defect
4819|CMA11-CRYO|LINA-CMA11-FV020:OpeningCmd
4819|CMA11-CRYO|LINA-CMA11-FV020:State
4819|CMA11-CRYO|LINA-CMA11-FV120:ClosingCmd
4819|CMA11-CRYO|LINA-CMA11-FV120:Defect
4819|CMA11-CRYO|LINA-CMA11-FV120:OpeningCmd
4819|CMA11-CRYO|LINA-CMA11-FV120:State
4819|CMA11-CRYO|LINA-CMA11-LQ:Num
4819|CMA11-CRYO|LINA-CMA11-LT200:LevelMes
4819|CMA11-CRYO|LINA-CMA11-OBSCHARGE01:ChargeEstime
4819|CMA11-CRYO|LINA-CMA11-OBSCHARGE01:DebitEntree
4819|CMA11-CRYO|LINA-CMA11-OBSCHARGE01:DebitSortie
4819|CMA11-CRYO|LINA-CMA11-OBSCHARGE01:Densite
4819|CMA11-CRYO|LINA-CMA11-OBSCHARGE01:EnergieInterne
4819|CMA11-CRYO|LINA-CMA11-OBSCHARGE01:NumeroMatrice
4819|CMA11-CRYO|LINA-CMA11-OBSCHARGE02:ChargeEstime
4819|CMA11-CRYO|LINA-CMA11-OBSCHARGE02:DebitEntree
4819|CMA11-CRYO|LINA-CMA11-OBSCHARGE02:DebitSortie
4819|CMA11-CRYO|LINA-CMA11-OBSCHARGE02:Densite
4819|CMA11-CRYO|LINA-CMA11-OBSCHARGE02:EnergieInterne
4819|CMA11-CRYO|LINA-CMA11-OBSCHARGE02:NumeroMatrice
4819|CMA11-CRYO|LINA-CMA11-PLC:Qd_count
4819|CMA11-CRYO|LINA-CMA11-PT001:PMes
4819|CMA11-CRYO|LINA-CMA11-PT010:PMes
4819|CMA11-CRYO|LINA-CMA11-PT120:PMes
4819|CMA11-CRYO|LINA-CMA11-PTRES001:PTempMes
4819|CMA11-CRYO|LINA-CMA11-TT001:ResMes
4819|CMA11-CRYO|LINA-CMA11-TT001:TempMes
4819|CMA11-CRYO|LINA-CMA11-TT005:ResMes
4819|CMA11-CRYO|LINA-CMA11-TT005:TempMes
4819|CMA11-CRYO|LINA-CMA11-TT010:ResMes
4819|CMA11-CRYO|LINA-CMA11-TT010:TempMes
4819|CMA11-CRYO|LINA-CMA11-TT011:ResMes
4819|CMA11-CRYO|LINA-CMA11-TT011:TempMes
4819|CMA11-CRYO|LINA-CMA11-TT015:ResMes
4819|CMA11-CRYO|LINA-CMA11-TT015:TempMes
4819|CMA11-CRYO|LINA-CMA11-TT101:ResMes
4819|CMA11-CRYO|LINA-CMA11-TT101:TempMes
4819|CMA11-CRYO|LINA-CMA11-TT102:ResMes
4819|CMA11-CRYO|LINA-CMA11-TT102:TempMes
4819|CMA11-CRYO|LINA-CMA11-TT103:ResMes
4819|CMA11-CRYO|LINA-CMA11-TT103:TempMes
4819|CMA11-CRYO|LINA-CMA11-TT104:ResMes
4819|CMA11-CRYO|LINA-CMA11-TT104:TempMes
4819|CMA11-CRYO|LINA-CMA11-TT112:ResMes
4819|CMA11-CRYO|LINA-CMA11-TT112:TempMes
4819|CMA11-CRYO|LINA-CMA11-TT200:ResMes
4819|CMA11-CRYO|LINA-CMA11-TT200:TempMes
4819|CMA11-CRYO|LINA-CMA11-TT201:ResMes
4819|CMA11-CRYO|LINA-CMA11-TT201:TempMes
4819|CMA11-CRYO|LINA-CMA11-TT202:ResMes
4819|CMA11-CRYO|LINA-CMA11-TT202:TempMes
4819|CMA11-CRYO|LINA-CMA11-TT204:ResMes
4819|CMA11-CRYO|LINA-CMA11-TT204:TempMes
4819|CMA11-CRYO|LINA-CMA11-TT205:ResMes
4819|CMA11-CRYO|LINA-CMA11-TT205:TempMes
4819|CMA11-CRYO|LINA-CMA11-TT215:ResMes
4819|CMA11-CRYO|LINA-CMA11-TT215:TempMes
4819|CMA11-CRYO|LINA-CMA11-TTCAV:ConsGlissante
4819|CMA11-CRYO|LINA-CMA11-VI01:State
4819|CMA11-CRYO|LINA-CMA11-VI02:State
4819|CMA11-CRYO|PLC-CRYO-CMA11:IsAlive
4819|CMA11-CRYO|TRIG-ARCH-CRYO-CMA11:LinacEnable.RVAL
4819|CMA12-CRYO|TRIG-ARCH-CRYO-CMA12:LinacEnable.RVAL
4819|CMA12-CRYO|LINA-CMA12-CHAUF:Cons
4819|CMA12-CRYO|LINA-CMA12-CHAUF:Val
4819|CMA12-CRYO|LINA-CMA12-ETAT:IndicState
4819|CMA12-CRYO|LINA-CMA12-FCV001:ACons
4819|CMA12-CRYO|LINA-CMA12-FCV001:Cons
4819|CMA12-CRYO|LINA-CMA12-FCV001:CSlopeCons
4819|CMA12-CRYO|LINA-CMA12-FCV001:OpenAct
4819|CMA12-CRYO|LINA-CMA12-FCV001:OSlopeCons
4819|CMA12-CRYO|LINA-CMA12-FCV002:ACons
4819|CMA12-CRYO|LINA-CMA12-FCV002:Cons
4819|CMA12-CRYO|LINA-CMA12-FCV002:CSlopeCons
4819|CMA12-CRYO|LINA-CMA12-FCV002:DCons
4819|CMA12-CRYO|LINA-CMA12-FCV002:ICons
4819|CMA12-CRYO|LINA-CMA12-FCV002:OpenAct
4819|CMA12-CRYO|LINA-CMA12-FCV002:OSlopeCons
4819|CMA12-CRYO|LINA-CMA12-FCV002:PCons
4819|CMA12-CRYO|LINA-CMA12-FCV005:ACons
4819|CMA12-CRYO|LINA-CMA12-FCV005:Cons
4819|CMA12-CRYO|LINA-CMA12-FCV005:CSlopeCons
4819|CMA12-CRYO|LINA-CMA12-FCV005:DCons
4819|CMA12-CRYO|LINA-CMA12-FCV005:ICons
4819|CMA12-CRYO|LINA-CMA12-FCV005:OpenAct
4819|CMA12-CRYO|LINA-CMA12-FCV005:OSlopeCons
4819|CMA12-CRYO|LINA-CMA12-FCV005:PCons
4819|CMA12-CRYO|LINA-CMA12-FCV010:ACons
4819|CMA12-CRYO|LINA-CMA12-FCV010:Cons
4819|CMA12-CRYO|LINA-CMA12-FCV010:CSlopeCons
4819|CMA12-CRYO|LINA-CMA12-FCV010:DCons
4819|CMA12-CRYO|LINA-CMA12-FCV010:ICons
4819|CMA12-CRYO|LINA-CMA12-FCV010:OpenAct
4819|CMA12-CRYO|LINA-CMA12-FCV010:OSlopeCons
4819|CMA12-CRYO|LINA-CMA12-FCV010:PCons
4819|CMA12-CRYO|LINA-CMA12-FV005:ClosingCmd
4819|CMA12-CRYO|LINA-CMA12-FV005:Defect
4819|CMA12-CRYO|LINA-CMA12-FV005:OpeningCmd
4819|CMA12-CRYO|LINA-CMA12-FV005:State
4819|CMA12-CRYO|LINA-CMA12-FV010:ClosingCmd
4819|CMA12-CRYO|LINA-CMA12-FV010:Defect
4819|CMA12-CRYO|LINA-CMA12-FV010:OpeningCmd
4819|CMA12-CRYO|LINA-CMA12-FV010:State
4819|CMA12-CRYO|LINA-CMA12-FV011:ClosingCmd
4819|CMA12-CRYO|LINA-CMA12-FV011:Defect
4819|CMA12-CRYO|LINA-CMA12-FV011:OpeningCmd
4819|CMA12-CRYO|LINA-CMA12-FV011:State
4819|CMA12-CRYO|LINA-CMA12-FV020:ClosingCmd
4819|CMA12-CRYO|LINA-CMA12-FV020:Defect
4819|CMA12-CRYO|LINA-CMA12-FV020:OpeningCmd
4819|CMA12-CRYO|LINA-CMA12-FV020:State
4819|CMA12-CRYO|LINA-CMA12-FV120:ClosingCmd
4819|CMA12-CRYO|LINA-CMA12-FV120:Defect
4819|CMA12-CRYO|LINA-CMA12-FV120:OpeningCmd
4819|CMA12-CRYO|LINA-CMA12-FV120:State
4819|CMA12-CRYO|LINA-CMA12-LQ:Num
4819|CMA12-CRYO|LINA-CMA12-LT200:LevelMes
4819|CMA12-CRYO|LINA-CMA12-OBSCHARGE01:ChargeEstime
4819|CMA12-CRYO|LINA-CMA12-OBSCHARGE01:DebitEntree
4819|CMA12-CRYO|LINA-CMA12-OBSCHARGE01:DebitSortie
4819|CMA12-CRYO|LINA-CMA12-OBSCHARGE01:Densite
4819|CMA12-CRYO|LINA-CMA12-OBSCHARGE01:EnergieInterne
4819|CMA12-CRYO|LINA-CMA12-OBSCHARGE01:NumeroMatrice
4819|CMA12-CRYO|LINA-CMA12-OBSCHARGE02:ChargeEstime
4819|CMA12-CRYO|LINA-CMA12-OBSCHARGE02:DebitEntree
4819|CMA12-CRYO|LINA-CMA12-OBSCHARGE02:DebitSortie
4819|CMA12-CRYO|LINA-CMA12-OBSCHARGE02:Densite
4819|CMA12-CRYO|LINA-CMA12-OBSCHARGE02:EnergieInterne
4819|CMA12-CRYO|LINA-CMA12-OBSCHARGE02:NumeroMatrice
4819|CMA12-CRYO|LINA-CMA12-PLC:Qd_count
4819|CMA12-CRYO|LINA-CMA12-PT001:PMes
4819|CMA12-CRYO|LINA-CMA12-PT010:PMes
4819|CMA12-CRYO|LINA-CMA12-PT120:PMes
4819|CMA12-CRYO|LINA-CMA12-PTRES001:PTempMes
4819|CMA12-CRYO|LINA-CMA12-TT001:ResMes
4819|CMA12-CRYO|LINA-CMA12-TT001:TempMes
4819|CMA12-CRYO|LINA-CMA12-TT005:ResMes
4819|CMA12-CRYO|LINA-CMA12-TT005:TempMes
4819|CMA12-CRYO|LINA-CMA12-TT010:ResMes
4819|CMA12-CRYO|LINA-CMA12-TT010:TempMes
4819|CMA12-CRYO|LINA-CMA12-TT011:ResMes
4819|CMA12-CRYO|LINA-CMA12-TT011:TempMes
4819|CMA12-CRYO|LINA-CMA12-TT015:ResMes
4819|CMA12-CRYO|LINA-CMA12-TT015:TempMes
4819|CMA12-CRYO|LINA-CMA12-TT101:ResMes
4819|CMA12-CRYO|LINA-CMA12-TT101:TempMes
4819|CMA12-CRYO|LINA-CMA12-TT102:ResMes
4819|CMA12-CRYO|LINA-CMA12-TT102:TempMes
4819|CMA12-CRYO|LINA-CMA12-TT103:ResMes
4819|CMA12-CRYO|LINA-CMA12-TT103:TempMes
4819|CMA12-CRYO|LINA-CMA12-TT104:ResMes
4819|CMA12-CRYO|LINA-CMA12-TT104:TempMes
4819|CMA12-CRYO|LINA-CMA12-TT112:ResMes
4819|CMA12-CRYO|LINA-CMA12-TT112:TempMes
4819|CMA12-CRYO|LINA-CMA12-TT200:ResMes
4819|CMA12-CRYO|LINA-CMA12-TT200:TempMes
4819|CMA12-CRYO|LINA-CMA12-TT201:ResMes
4819|CMA12-CRYO|LINA-CMA12-TT201:TempMes
4819|CMA12-CRYO|LINA-CMA12-TT202:ResMes
4819|CMA12-CRYO|LINA-CMA12-TT202:TempMes
4819|CMA12-CRYO|LINA-CMA12-TT204:ResMes
4819|CMA12-CRYO|LINA-CMA12-TT204:TempMes
4819|CMA12-CRYO|LINA-CMA12-TT205:ResMes
4819|CMA12-CRYO|LINA-CMA12-TT205:TempMes
4819|CMA12-CRYO|LINA-CMA12-TT215:ResMes
4819|CMA12-CRYO|LINA-CMA12-TT215:TempMes
4819|CMA12-CRYO|LINA-CMA12-TTCAV:ConsGlissante
4819|CMA12-CRYO|LINA-CMA12-VI01:State
4819|CMA12-CRYO|LINA-CMA12-VI02:State
4819|CMA12-CRYO|PLC-CRYO-CMA12:IsAlive
4819|CMA12-CRYO|TRIG-ARCH-CRYO-CMA12:LinacEnable.RVAL
4819|CONCENTRATEUR|TRIG-ARCH-CRYO-CMACONC:LinacEnable.RVAL
4819|CONCENTRATEUR|LIN-CRYO-ETAT:IndicState
4819|CONCENTRATEUR|LIN-CRYO-PT230:PMes
4819|CONCENTRATEUR|LIN-CRYO-PT240:PMes
4819|CONCENTRATEUR|LIN-CRYO-PT250:PMes
4819|CONCENTRATEUR|LIN-CRYO-PT260:PMes
4819|CONCENTRATEUR|LIN-CRYO-TT230:ResMes
4819|CONCENTRATEUR|LIN-CRYO-TT230:TempMes
4819|CONCENTRATEUR|LIN-CRYO-TT240:ResMes
4819|CONCENTRATEUR|LIN-CRYO-TT240:TempMes
4819|CONCENTRATEUR|LIN-CRYO-TT250:ResMes
4819|CONCENTRATEUR|LIN-CRYO-TT250:TempMes
4819|CONCENTRATEUR|LIN-CRYO-TT260:ResMes
4819|CONCENTRATEUR|LIN-CRYO-TT260:TempMes
4819|CONCENTRATEUR|LINB-BOITRAC-PT020:PMainMes
4819|CONCENTRATEUR|LINB-BOITRAC-PT020:PSecMes
4819|CONCENTRATEUR|PLC-CRYO-CONC:IsAlive
4819|CONCENTRATEUR|TRIG-ARCH-CRYO-CMACONC:LinacEnable.RVAL
4819|Defaut|LINA-CMA01-FCV001:Defect
4819|Defaut|LINA-CMA01-FCV002:Defect
4819|Defaut|LINA-CMA01-FCV005:Defect
4819|Defaut|LINA-CMA01-FCV010:Defect
4819|Defaut|LINA-CMA01-LT200:Defect
4819|Defaut|LINA-CMA01-PT001:Defect
4819|Defaut|LINA-CMA01-PT010:Defect
4819|Defaut|LINA-CMA01-PT120:Defect
4819|Defaut|LINA-CMA01-TT005:Defect
4819|Defaut|LINA-CMA01-TT011:Defect
4819|Defaut|LINA-CMA01-TT103:Defect
4819|Defaut|LINA-CMA02-FCV001:Defect
4819|Defaut|LINA-CMA02-FCV002:Defect
4819|Defaut|LINA-CMA02-FCV005:Defect
4819|Defaut|LINA-CMA02-FCV010:Defect
4819|Defaut|LINA-CMA02-LT200:Defect
4819|Defaut|LINA-CMA02-PT001:Defect
4819|Defaut|LINA-CMA02-PT010:Defect
4819|Defaut|LINA-CMA02-PT120:Defect
4819|Defaut|LINA-CMA02-TT005:Defect
4819|Defaut|LINA-CMA02-TT011:Defect
4819|Defaut|LINA-CMA02-TT103:Defect
4819|Defaut|LINA-CMA03-FCV001:Defect
4819|Defaut|LINA-CMA03-FCV002:Defect
4819|Defaut|LINA-CMA03-FCV005:Defect
4819|Defaut|LINA-CMA03-FCV010:Defect
4819|Defaut|LINA-CMA03-LT200:Defect
4819|Defaut|LINA-CMA03-PT001:Defect
4819|Defaut|LINA-CMA03-PT010:Defect
4819|Defaut|LINA-CMA03-PT020:Defect
4819|Defaut|LINA-CMA03-PT120:Defect
4819|Defaut|LINA-CMA03-TT005:Defect
4819|Defaut|LINA-CMA03-TT011:Defect
4819|Defaut|LINA-CMA03-TT103:Defect
4819|Defaut|LINA-CMA04-FCV001:Defect
4819|Defaut|LINA-CMA04-FCV002:Defect
4819|Defaut|LINA-CMA04-FCV005:Defect
4819|Defaut|LINA-CMA04-FCV010:Defect
4819|Defaut|LINA-CMA04-LT200:Defect
4819|Defaut|LINA-CMA04-PT001:Defect
4819|Defaut|LINA-CMA04-PT010:Defect
4819|Defaut|LINA-CMA04-PT120:Defect
4819|Defaut|LINA-CMA04-TT005:Defect
4819|Defaut|LINA-CMA04-TT011:Defect
4819|Defaut|LINA-CMA04-TT103:Defect
4819|Defaut|LINA-CMA05-FCV001:Defect
4819|Defaut|LINA-CMA05-FCV002:Defect
4819|Defaut|LINA-CMA05-FCV005:Defect
4819|Defaut|LINA-CMA05-FCV010:Defect
4819|Defaut|LINA-CMA05-LT200:Defect
4819|Defaut|LINA-CMA05-PT001:Defect
4819|Defaut|LINA-CMA05-PT010:Defect
4819|Defaut|LINA-CMA05-PT120:Defect
4819|Defaut|LINA-CMA05-TT005:Defect
4819|Defaut|LINA-CMA05-TT011:Defect
4819|Defaut|LINA-CMA05-TT103:Defect
4819|Defaut|LINA-CMA06-FCV001:Defect
4819|Defaut|LINA-CMA06-FCV002:Defect
4819|Defaut|LINA-CMA06-FCV005:Defect
4819|Defaut|LINA-CMA06-FCV010:Defect
4819|Defaut|LINA-CMA06-LT200:Defect
4819|Defaut|LINA-CMA06-PT001:Defect
4819|Defaut|LINA-CMA06-PT010:Defect
4819|Defaut|LINA-CMA06-PT120:Defect
4819|Defaut|LINA-CMA06-TT005:Defect
4819|Defaut|LINA-CMA06-TT011:Defect
4819|Defaut|LINA-CMA06-TT103:Defect
4819|Defaut|LINA-CMA07-FCV001:Defect
4819|Defaut|LINA-CMA07-FCV002:Defect
4819|Defaut|LINA-CMA07-FCV005:Defect
4819|Defaut|LINA-CMA07-FCV010:Defect
4819|Defaut|LINA-CMA07-LT200:Defect
4819|Defaut|LINA-CMA07-PT001:Defect
4819|Defaut|LINA-CMA07-PT010:Defect
4819|Defaut|LINA-CMA07-PT020:Defect
4819|Defaut|LINA-CMA07-PT120:Defect
4819|Defaut|LINA-CMA07-TT005:Defect
4819|Defaut|LINA-CMA07-TT011:Defect
4819|Defaut|LINA-CMA07-TT103:Defect
4819|Defaut|LINA-CMA08-FCV001:Defect
4819|Defaut|LINA-CMA08-FCV002:Defect
4819|Defaut|LINA-CMA08-FCV005:Defect
4819|Defaut|LINA-CMA08-FCV010:Defect
4819|Defaut|LINA-CMA08-LT200:Defect
4819|Defaut|LINA-CMA08-PT001:Defect
4819|Defaut|LINA-CMA08-PT010:Defect
4819|Defaut|LINA-CMA08-PT120:Defect
4819|Defaut|LINA-CMA08-TT005:Defect
4819|Defaut|LINA-CMA08-TT011:Defect
4819|Defaut|LINA-CMA08-TT103:Defect
4819|Defaut|LINA-CMA09-FCV001:Defect
4819|Defaut|LINA-CMA09-FCV002:Defect
4819|Defaut|LINA-CMA09-FCV005:Defect
4819|Defaut|LINA-CMA09-FCV010:Defect
4819|Defaut|LINA-CMA09-LT200:Defect
4819|Defaut|LINA-CMA09-PT001:Defect
4819|Defaut|LINA-CMA09-PT010:Defect
4819|Defaut|LINA-CMA09-PT120:Defect
4819|Defaut|LINA-CMA09-TT005:Defect
4819|Defaut|LINA-CMA09-TT011:Defect
4819|Defaut|LINA-CMA09-TT103:Defect
4819|Defaut|LINA-CMA10-FCV001:Defect
4819|Defaut|LINA-CMA10-FCV002:Defect
4819|Defaut|LINA-CMA10-FCV005:Defect
4819|Defaut|LINA-CMA10-FCV010:Defect
4819|Defaut|LINA-CMA10-LT200:Defect
4819|Defaut|LINA-CMA10-PT001:Defect
4819|Defaut|LINA-CMA10-PT010:Defect
4819|Defaut|LINA-CMA10-PT020:Defect
4819|Defaut|LINA-CMA10-PT120:Defect
4819|Defaut|LINA-CMA10-TT005:Defect
4819|Defaut|LINA-CMA10-TT011:Defect
4819|Defaut|LINA-CMA10-TT103:Defect
4819|Defaut|LINA-CMA11-FCV001:Defect
4819|Defaut|LINA-CMA11-FCV002:Defect
4819|Defaut|LINA-CMA11-FCV005:Defect
4819|Defaut|LINA-CMA11-FCV010:Defect
4819|Defaut|LINA-CMA11-LT200:Defect
4819|Defaut|LINA-CMA11-PT001:Defect
4819|Defaut|LINA-CMA11-PT010:Defect
4819|Defaut|LINA-CMA11-PT120:Defect
4819|Defaut|LINA-CMA11-TT005:Defect
4819|Defaut|LINA-CMA11-TT011:Defect
4819|Defaut|LINA-CMA11-TT103:Defect
4819|Defaut|LINA-CMA12-FCV001:Defect
4819|Defaut|LINA-CMA12-FCV002:Defect
4819|Defaut|LINA-CMA12-FCV005:Defect
4819|Defaut|LINA-CMA12-FCV010:Defect
4819|Defaut|LINA-CMA12-LT200:Defect
4819|Defaut|LINA-CMA12-PT001:Defect
4819|Defaut|LINA-CMA12-PT010:Defect
4819|Defaut|LINA-CMA12-PT120:Defect
4819|Defaut|LINA-CMA12-TT005:Defect
4819|Defaut|LINA-CMA12-TT011:Defect
4819|Defaut|LINA-CMA12-TT103:Defect
4819|LIN-CRYO-TACONIS|LIN-CRYO-TACONIS:Alrm
4819|LIN-CRYO-TACONIS|LIN-CRYO-TACONIS:Alrm
4819|LIN-CRYO-TACONIS|LIN-CRYO-TACONIS:AmplitudeFFT
4819|LIN-CRYO-TACONIS|LIN-CRYO-TACONIS:DeltaPression
4819|LIN-CRYO-TACONIS|LIN-CRYO-TACONIS:FreqFFT
4819|LIN-CRYO-TACONIS|LIN-CRYO-TACONIS:MaxPression
4819|LIN-CRYO-TACONIS|LIN-CRYO-TACONIS:MinPression
4819|LINA-CMA01-TACONIS|LINA-CMA01-TACONIS:Alrm
4819|LINA-CMA01-TACONIS|LINA-CMA01-TACONIS:Alrm
4819|LINA-CMA01-TACONIS|LINA-CMA01-TACONIS:AmplitudeFFT
4819|LINA-CMA01-TACONIS|LINA-CMA01-TACONIS:DeltaPression
4819|LINA-CMA01-TACONIS|LINA-CMA01-TACONIS:FreqFFT
4819|LINA-CMA01-TACONIS|LINA-CMA01-TACONIS:MaxPression
4819|LINA-CMA01-TACONIS|LINA-CMA01-TACONIS:MinPression
4819|LINA-CMA02-TACONIS|LINA-CMA02-TACONIS:Alrm
4819|LINA-CMA02-TACONIS|LINA-CMA02-TACONIS:Alrm
4819|LINA-CMA02-TACONIS|LINA-CMA02-TACONIS:AmplitudeFFT
4819|LINA-CMA02-TACONIS|LINA-CMA02-TACONIS:DeltaPression
4819|LINA-CMA02-TACONIS|LINA-CMA02-TACONIS:FreqFFT
4819|LINA-CMA02-TACONIS|LINA-CMA02-TACONIS:MaxPression
4819|LINA-CMA02-TACONIS|LINA-CMA02-TACONIS:MinPression
4819|LINA-CMA03-TACONIS|LINA-CMA03-TACONIS:Alrm
4819|LINA-CMA03-TACONIS|LINA-CMA03-TACONIS:Alrm
4819|LINA-CMA03-TACONIS|LINA-CMA03-TACONIS:AmplitudeFFT
4819|LINA-CMA03-TACONIS|LINA-CMA03-TACONIS:DeltaPression
4819|LINA-CMA03-TACONIS|LINA-CMA03-TACONIS:FreqFFT
4819|LINA-CMA03-TACONIS|LINA-CMA03-TACONIS:MaxPression
4819|LINA-CMA03-TACONIS|LINA-CMA03-TACONIS:MinPression
4819|LINA-CMA04-TACONIS|LINA-CMA04-TACONIS:Alrm
4819|LINA-CMA04-TACONIS|LINA-CMA04-TACONIS:Alrm
4819|LINA-CMA04-TACONIS|LINA-CMA04-TACONIS:AmplitudeFFT
4819|LINA-CMA04-TACONIS|LINA-CMA04-TACONIS:DeltaPression
4819|LINA-CMA04-TACONIS|LINA-CMA04-TACONIS:FreqFFT
4819|LINA-CMA04-TACONIS|LINA-CMA04-TACONIS:MaxPression
4819|LINA-CMA04-TACONIS|LINA-CMA04-TACONIS:MinPression
4819|LINA-CMA05-TACONIS|LINA-CMA05-TACONIS:Alrm
4819|LINA-CMA05-TACONIS|LINA-CMA05-TACONIS:Alrm
4819|LINA-CMA05-TACONIS|LINA-CMA05-TACONIS:AmplitudeFFT
4819|LINA-CMA05-TACONIS|LINA-CMA05-TACONIS:DeltaPression
4819|LINA-CMA05-TACONIS|LINA-CMA05-TACONIS:FreqFFT
4819|LINA-CMA05-TACONIS|LINA-CMA05-TACONIS:MaxPression
4819|LINA-CMA05-TACONIS|LINA-CMA05-TACONIS:MinPression
4819|LINA-CMA06-TACONIS|LINA-CMA06-TACONIS:Alrm
4819|LINA-CMA06-TACONIS|LINA-CMA06-TACONIS:Alrm
4819|LINA-CMA06-TACONIS|LINA-CMA06-TACONIS:AmplitudeFFT
4819|LINA-CMA06-TACONIS|LINA-CMA06-TACONIS:DeltaPression
4819|LINA-CMA06-TACONIS|LINA-CMA06-TACONIS:FreqFFT
4819|LINA-CMA06-TACONIS|LINA-CMA06-TACONIS:MaxPression
4819|LINA-CMA06-TACONIS|LINA-CMA06-TACONIS:MinPression
4819|LINA-CMA07-TACONIS|LINA-CMA07-TACONIS:Alrm
4819|LINA-CMA07-TACONIS|LINA-CMA07-TACONIS:Alrm
4819|LINA-CMA07-TACONIS|LINA-CMA07-TACONIS:AmplitudeFFT
4819|LINA-CMA07-TACONIS|LINA-CMA07-TACONIS:DeltaPression
4819|LINA-CMA07-TACONIS|LINA-CMA07-TACONIS:FreqFFT
4819|LINA-CMA07-TACONIS|LINA-CMA07-TACONIS:MaxPression
4819|LINA-CMA07-TACONIS|LINA-CMA07-TACONIS:MinPression
4819|LINA-CMA08-TACONIS|LINA-CMA08-TACONIS:Alrm
4819|LINA-CMA08-TACONIS|LINA-CMA08-TACONIS:Alrm
4819|LINA-CMA08-TACONIS|LINA-CMA08-TACONIS:AmplitudeFFT
4819|LINA-CMA08-TACONIS|LINA-CMA08-TACONIS:DeltaPression
4819|LINA-CMA08-TACONIS|LINA-CMA08-TACONIS:FreqFFT
4819|LINA-CMA08-TACONIS|LINA-CMA08-TACONIS:MaxPression
4819|LINA-CMA08-TACONIS|LINA-CMA08-TACONIS:MinPression
4819|LINA-CMA09-TACONIS|LINA-CMA09-TACONIS:Alrm
4819|LINA-CMA09-TACONIS|LINA-CMA09-TACONIS:Alrm
4819|LINA-CMA09-TACONIS|LINA-CMA09-TACONIS:AmplitudeFFT
4819|LINA-CMA09-TACONIS|LINA-CMA09-TACONIS:DeltaPression
4819|LINA-CMA09-TACONIS|LINA-CMA09-TACONIS:FreqFFT
4819|LINA-CMA09-TACONIS|LINA-CMA09-TACONIS:MaxPression
4819|LINA-CMA09-TACONIS|LINA-CMA09-TACONIS:MinPression
4819|LINA-CMA10-TACONIS|LINA-CMA10-TACONIS:Alrm
4819|LINA-CMA10-TACONIS|LINA-CMA10-TACONIS:Alrm
4819|LINA-CMA10-TACONIS|LINA-CMA10-TACONIS:AmplitudeFFT
4819|LINA-CMA10-TACONIS|LINA-CMA10-TACONIS:DeltaPression
4819|LINA-CMA10-TACONIS|LINA-CMA10-TACONIS:FreqFFT
4819|LINA-CMA10-TACONIS|LINA-CMA10-TACONIS:MaxPression
4819|LINA-CMA10-TACONIS|LINA-CMA10-TACONIS:MinPression
4819|LINA-CMA11-TACONIS|LINA-CMA11-TACONIS:Alrm
4819|LINA-CMA11-TACONIS|LINA-CMA11-TACONIS:Alrm
4819|LINA-CMA11-TACONIS|LINA-CMA11-TACONIS:AmplitudeFFT
4819|LINA-CMA11-TACONIS|LINA-CMA11-TACONIS:DeltaPression
4819|LINA-CMA11-TACONIS|LINA-CMA11-TACONIS:FreqFFT
4819|LINA-CMA11-TACONIS|LINA-CMA11-TACONIS:MaxPression
4819|LINA-CMA11-TACONIS|LINA-CMA11-TACONIS:MinPression
4819|LINA-CMA12-TACONIS|LINA-CMA12-TACONIS:Alrm
4819|LINA-CMA12-TACONIS|LINA-CMA12-TACONIS:Alrm
4819|LINA-CMA12-TACONIS|LINA-CMA12-TACONIS:AmplitudeFFT
4819|LINA-CMA12-TACONIS|LINA-CMA12-TACONIS:DeltaPression
4819|LINA-CMA12-TACONIS|LINA-CMA12-TACONIS:FreqFFT
4819|LINA-CMA12-TACONIS|LINA-CMA12-TACONIS:MaxPression
4819|LINA-CMA12-TACONIS|LINA-CMA12-TACONIS:MinPression
4819|TURBO|BVA-GT07:Pwd
4819|TURBO|BVA-GT07:Temp
4819|TURBO|BVB-GT09:Pwd
4819|TURBO|BVB-GT09:Temp
4819|TURBO|BVC-GT08:Pwd
4819|TURBO|BVC-GT08:Temp
4819|TURBO|CMA-GT01:Pwd
4819|TURBO|CMA-GT01:Temp
4819|TURBO|CMA-GT02:Pwd
4819|TURBO|CMA-GT02:Temp
4819|TURBO|CMA-GT03:Pwd
4819|TURBO|CMA-GT03:Temp
4819|TURBO|CMA-GT04:Pwd
4819|TURBO|CMA-GT04:Temp
4819|TURBO|CMB-GT05:Pwd
4819|TURBO|CMB-GT05:Temp
4819|TURBO|CMB-GT06:Pwd
4819|TURBO|CMB-GT06:Temp
4820|CMB-BAV|TRIG-ARCH-CRYO-CMBBAV:LinacEnable.RVAL
4820|CMB-BAV|LINB-CMB01-PT020:PMainMes
4820|CMB-BAV|LINB-CMB01-PT020:PSecMes
4820|CMB-BAV|LINB-CMB02-PT020:PMainMes
4820|CMB-BAV|LINB-CMB02-PT020:PSecMes
4820|CMB-BAV|LINB-CMB05-PT020:PMainMes
4820|CMB-BAV|LINB-CMB05-PT020:PSecMes
4820|CMB-BAV|LINB-CMB07-PT020:PMainMes
4820|CMB-BAV|LINB-CMB07-PT020:PSecMes
4820|CMB-BAV|TRIG-ARCH-CRYO-CMBBAV:LinacEnable.RVAL
4820|CMB01-CRYO|TRIG-ARCH-CRYO-CMB01:LinacEnable.RVAL
4820|CMB01-CRYO|LINB-CMB01-CH108:Cons
4820|CMB01-CRYO|LINB-CMB01-CH108:Val
4820|CMB01-CRYO|LINB-CMB01-CH109:Cons
4820|CMB01-CRYO|LINB-CMB01-CH109:Val
4820|CMB01-CRYO|LINB-CMB01-CH118:Cons
4820|CMB01-CRYO|LINB-CMB01-CH118:Val
4820|CMB01-CRYO|LINB-CMB01-CH119:Cons
4820|CMB01-CRYO|LINB-CMB01-CH119:Val
4820|CMB01-CRYO|LINB-CMB01-ETAT:IndicState
4820|CMB01-CRYO|LINB-CMB01-FCV001:ACons
4820|CMB01-CRYO|LINB-CMB01-FCV001:Cons
4820|CMB01-CRYO|LINB-CMB01-FCV001:CSlopeCons
4820|CMB01-CRYO|LINB-CMB01-FCV001:OpenAct
4820|CMB01-CRYO|LINB-CMB01-FCV001:OSlopeCons
4820|CMB01-CRYO|LINB-CMB01-FCV002:ACons
4820|CMB01-CRYO|LINB-CMB01-FCV002:Cons
4820|CMB01-CRYO|LINB-CMB01-FCV002:CSlopeCons
4820|CMB01-CRYO|LINB-CMB01-FCV002:DCons
4820|CMB01-CRYO|LINB-CMB01-FCV002:ICons
4820|CMB01-CRYO|LINB-CMB01-FCV002:OpenAct
4820|CMB01-CRYO|LINB-CMB01-FCV002:OSlopeCons
4820|CMB01-CRYO|LINB-CMB01-FCV002:PCons
4820|CMB01-CRYO|LINB-CMB01-FCV005:ACons
4820|CMB01-CRYO|LINB-CMB01-FCV005:Cons
4820|CMB01-CRYO|LINB-CMB01-FCV005:CSlopeCons
4820|CMB01-CRYO|LINB-CMB01-FCV005:DCons
4820|CMB01-CRYO|LINB-CMB01-FCV005:ICons
4820|CMB01-CRYO|LINB-CMB01-FCV005:OpenAct
4820|CMB01-CRYO|LINB-CMB01-FCV005:OSlopeCons
4820|CMB01-CRYO|LINB-CMB01-FCV005:PCons
4820|CMB01-CRYO|LINB-CMB01-FCV010:ACons
4820|CMB01-CRYO|LINB-CMB01-FCV010:Cons
4820|CMB01-CRYO|LINB-CMB01-FCV010:CSlopeCons
4820|CMB01-CRYO|LINB-CMB01-FCV010:DCons
4820|CMB01-CRYO|LINB-CMB01-FCV010:ICons
4820|CMB01-CRYO|LINB-CMB01-FCV010:OpenAct
4820|CMB01-CRYO|LINB-CMB01-FCV010:OSlopeCons
4820|CMB01-CRYO|LINB-CMB01-FCV010:PCons
4820|CMB01-CRYO|LINB-CMB01-FV005:ClosingCmd
4820|CMB01-CRYO|LINB-CMB01-FV005:Defect
4820|CMB01-CRYO|LINB-CMB01-FV005:OpeningCmd
4820|CMB01-CRYO|LINB-CMB01-FV005:State
4820|CMB01-CRYO|LINB-CMB01-FV010:ClosingCmd
4820|CMB01-CRYO|LINB-CMB01-FV010:Defect
4820|CMB01-CRYO|LINB-CMB01-FV010:OpeningCmd
4820|CMB01-CRYO|LINB-CMB01-FV010:State
4820|CMB01-CRYO|LINB-CMB01-FV011:ClosingCmd
4820|CMB01-CRYO|LINB-CMB01-FV011:Defect
4820|CMB01-CRYO|LINB-CMB01-FV011:OpeningCmd
4820|CMB01-CRYO|LINB-CMB01-FV011:State
4820|CMB01-CRYO|LINB-CMB01-FV020:ClosingCmd
4820|CMB01-CRYO|LINB-CMB01-FV020:Defect
4820|CMB01-CRYO|LINB-CMB01-FV020:OpeningCmd
4820|CMB01-CRYO|LINB-CMB01-FV020:State
4820|CMB01-CRYO|LINB-CMB01-FV120V:ClosingCmd
4820|CMB01-CRYO|LINB-CMB01-FV120V:Defect
4820|CMB01-CRYO|LINB-CMB01-FV120V:OpeningCmd
4820|CMB01-CRYO|LINB-CMB01-FV120V:State
4820|CMB01-CRYO|LINB-CMB01-LQ:Num
4820|CMB01-CRYO|LINB-CMB01-LT200:LevelMes
4820|CMB01-CRYO|LINB-CMB01-OBSCHARGE01:ChargeEstime
4820|CMB01-CRYO|LINB-CMB01-OBSCHARGE01:DebitEntree
4820|CMB01-CRYO|LINB-CMB01-OBSCHARGE01:DebitSortie
4820|CMB01-CRYO|LINB-CMB01-OBSCHARGE01:Densite
4820|CMB01-CRYO|LINB-CMB01-OBSCHARGE01:EnergieInterne
4820|CMB01-CRYO|LINB-CMB01-OBSCHARGE01:NumeroMatrice
4820|CMB01-CRYO|LINB-CMB01-OBSCHARGE02:ChargeEstime
4820|CMB01-CRYO|LINB-CMB01-OBSCHARGE02:DebitEntree
4820|CMB01-CRYO|LINB-CMB01-OBSCHARGE02:DebitSortie
4820|CMB01-CRYO|LINB-CMB01-OBSCHARGE02:Densite
4820|CMB01-CRYO|LINB-CMB01-OBSCHARGE02:EnergieInterne
4820|CMB01-CRYO|LINB-CMB01-OBSCHARGE02:NumeroMatrice
4820|CMB01-CRYO|LINB-CMB01-PLC:Qd_count_Cavite1
4820|CMB01-CRYO|LINB-CMB01-PLC:Qd_count_Cavite2
4820|CMB01-CRYO|LINB-CMB01-PT001:PMes
4820|CMB01-CRYO|LINB-CMB01-PT010:PMes
4820|CMB01-CRYO|LINB-CMB01-PT120:PMes
4820|CMB01-CRYO|LINB-CMB01-PTRES001:PTempMes
4820|CMB01-CRYO|LINB-CMB01-TT001:ResMes
4820|CMB01-CRYO|LINB-CMB01-TT001:TempMes
4820|CMB01-CRYO|LINB-CMB01-TT005:ResMes
4820|CMB01-CRYO|LINB-CMB01-TT005:TempMes
4820|CMB01-CRYO|LINB-CMB01-TT010:ResMes
4820|CMB01-CRYO|LINB-CMB01-TT010:TempMes
4820|CMB01-CRYO|LINB-CMB01-TT011:ResMes
4820|CMB01-CRYO|LINB-CMB01-TT011:TempMes
4820|CMB01-CRYO|LINB-CMB01-TT015:ResMes
4820|CMB01-CRYO|LINB-CMB01-TT015:TempMes
4820|CMB01-CRYO|LINB-CMB01-TT100:ResMes
4820|CMB01-CRYO|LINB-CMB01-TT100:TempMes
4820|CMB01-CRYO|LINB-CMB01-TT101:ResMes
4820|CMB01-CRYO|LINB-CMB01-TT101:TempMes
4820|CMB01-CRYO|LINB-CMB01-TT102:ResMes
4820|CMB01-CRYO|LINB-CMB01-TT102:TempMes
4820|CMB01-CRYO|LINB-CMB01-TT103:ResMes
4820|CMB01-CRYO|LINB-CMB01-TT103:TempMes
4820|CMB01-CRYO|LINB-CMB01-TT104:ResMes
4820|CMB01-CRYO|LINB-CMB01-TT104:TempMes
4820|CMB01-CRYO|LINB-CMB01-TT105:ResMes
4820|CMB01-CRYO|LINB-CMB01-TT105:TempMes
4820|CMB01-CRYO|LINB-CMB01-TT106:ResMes
4820|CMB01-CRYO|LINB-CMB01-TT106:TempMes
4820|CMB01-CRYO|LINB-CMB01-TT108:Defect
4820|CMB01-CRYO|LINB-CMB01-TT108:ResMes
4820|CMB01-CRYO|LINB-CMB01-TT108:TempMes
4820|CMB01-CRYO|LINB-CMB01-TT109N:Defect
4820|CMB01-CRYO|LINB-CMB01-TT109N:ResMes
4820|CMB01-CRYO|LINB-CMB01-TT109N:TempMes
4820|CMB01-CRYO|LINB-CMB01-TT109S:Defect
4820|CMB01-CRYO|LINB-CMB01-TT109S:ResMes
4820|CMB01-CRYO|LINB-CMB01-TT109S:TempMes
4820|CMB01-CRYO|LINB-CMB01-TT111:ResMes
4820|CMB01-CRYO|LINB-CMB01-TT111:TempMes
4820|CMB01-CRYO|LINB-CMB01-TT112:ResMes
4820|CMB01-CRYO|LINB-CMB01-TT112:TempMes
4820|CMB01-CRYO|LINB-CMB01-TT113:ResMes
4820|CMB01-CRYO|LINB-CMB01-TT113:TempMes
4820|CMB01-CRYO|LINB-CMB01-TT115:ResMes
4820|CMB01-CRYO|LINB-CMB01-TT115:TempMes
4820|CMB01-CRYO|LINB-CMB01-TT116:ResMes
4820|CMB01-CRYO|LINB-CMB01-TT116:TempMes
4820|CMB01-CRYO|LINB-CMB01-TT118:Defect
4820|CMB01-CRYO|LINB-CMB01-TT118:ResMes
4820|CMB01-CRYO|LINB-CMB01-TT118:TempMes
4820|CMB01-CRYO|LINB-CMB01-TT119N:Defect
4820|CMB01-CRYO|LINB-CMB01-TT119N:ResMes
4820|CMB01-CRYO|LINB-CMB01-TT119N:TempMes
4820|CMB01-CRYO|LINB-CMB01-TT119S:Defect
4820|CMB01-CRYO|LINB-CMB01-TT119S:ResMes
4820|CMB01-CRYO|LINB-CMB01-TT119S:TempMes
4820|CMB01-CRYO|LINB-CMB01-TT200:ResMes
4820|CMB01-CRYO|LINB-CMB01-TT200:TempMes
4820|CMB01-CRYO|LINB-CMB01-TT201:ResMes
4820|CMB01-CRYO|LINB-CMB01-TT201:TempMes
4820|CMB01-CRYO|LINB-CMB01-TT202:ResMes
4820|CMB01-CRYO|LINB-CMB01-TT202:TempMes
4820|CMB01-CRYO|LINB-CMB01-TT203:ResMes
4820|CMB01-CRYO|LINB-CMB01-TT203:TempMes
4820|CMB01-CRYO|LINB-CMB01-TT204:ResMes
4820|CMB01-CRYO|LINB-CMB01-TT204:TempMes
4820|CMB01-CRYO|LINB-CMB01-TT205:ResMes
4820|CMB01-CRYO|LINB-CMB01-TT205:TempMes
4820|CMB01-CRYO|LINB-CMB01-TT212:ResMes
4820|CMB01-CRYO|LINB-CMB01-TT212:TempMes
4820|CMB01-CRYO|LINB-CMB01-TT213:ResMes
4820|CMB01-CRYO|LINB-CMB01-TT213:TempMes
4820|CMB01-CRYO|LINB-CMB01-TT214:ResMes
4820|CMB01-CRYO|LINB-CMB01-TT214:TempMes
4820|CMB01-CRYO|LINB-CMB01-TT215:ResMes
4820|CMB01-CRYO|LINB-CMB01-TT215:TempMes
4820|CMB01-CRYO|LINB-CMB01-TTCAV:ConsGlissante
4820|CMB01-CRYO|LINB-CMB01-VI01:State
4820|CMB01-CRYO|LINB-CMB01-VI02:State
4820|CMB01-CRYO|PLC-CRYO-CMB01:IsAlive
4820|CMB01-CRYO|TRIG-ARCH-CRYO-CMB01:LinacEnable.RVAL
4820|CMB02-CRYO|TRIG-ARCH-CRYO-CMB02:LinacEnable.RVAL
4820|CMB02-CRYO|LINB-CMB02-CH108:Cons
4820|CMB02-CRYO|LINB-CMB02-CH108:Val
4820|CMB02-CRYO|LINB-CMB02-CH109:Cons
4820|CMB02-CRYO|LINB-CMB02-CH109:Val
4820|CMB02-CRYO|LINB-CMB02-CH118:Cons
4820|CMB02-CRYO|LINB-CMB02-CH118:Val
4820|CMB02-CRYO|LINB-CMB02-CH119:Cons
4820|CMB02-CRYO|LINB-CMB02-CH119:Val
4820|CMB02-CRYO|LINB-CMB02-ETAT:IndicState
4820|CMB02-CRYO|LINB-CMB02-FCV001:ACons
4820|CMB02-CRYO|LINB-CMB02-FCV001:Cons
4820|CMB02-CRYO|LINB-CMB02-FCV001:CSlopeCons
4820|CMB02-CRYO|LINB-CMB02-FCV001:OpenAct
4820|CMB02-CRYO|LINB-CMB02-FCV001:OSlopeCons
4820|CMB02-CRYO|LINB-CMB02-FCV002:ACons
4820|CMB02-CRYO|LINB-CMB02-FCV002:Cons
4820|CMB02-CRYO|LINB-CMB02-FCV002:CSlopeCons
4820|CMB02-CRYO|LINB-CMB02-FCV002:DCons
4820|CMB02-CRYO|LINB-CMB02-FCV002:ICons
4820|CMB02-CRYO|LINB-CMB02-FCV002:OpenAct
4820|CMB02-CRYO|LINB-CMB02-FCV002:OSlopeCons
4820|CMB02-CRYO|LINB-CMB02-FCV002:PCons
4820|CMB02-CRYO|LINB-CMB02-FCV005:ACons
4820|CMB02-CRYO|LINB-CMB02-FCV005:Cons
4820|CMB02-CRYO|LINB-CMB02-FCV005:CSlopeCons
4820|CMB02-CRYO|LINB-CMB02-FCV005:DCons
4820|CMB02-CRYO|LINB-CMB02-FCV005:ICons
4820|CMB02-CRYO|LINB-CMB02-FCV005:OpenAct
4820|CMB02-CRYO|LINB-CMB02-FCV005:OSlopeCons
4820|CMB02-CRYO|LINB-CMB02-FCV005:PCons
4820|CMB02-CRYO|LINB-CMB02-FCV010:ACons
4820|CMB02-CRYO|LINB-CMB02-FCV010:Cons
4820|CMB02-CRYO|LINB-CMB02-FCV010:CSlopeCons
4820|CMB02-CRYO|LINB-CMB02-FCV010:DCons
4820|CMB02-CRYO|LINB-CMB02-FCV010:ICons
4820|CMB02-CRYO|LINB-CMB02-FCV010:OpenAct
4820|CMB02-CRYO|LINB-CMB02-FCV010:OSlopeCons
4820|CMB02-CRYO|LINB-CMB02-FCV010:PCons
4820|CMB02-CRYO|LINB-CMB02-FV005:ClosingCmd
4820|CMB02-CRYO|LINB-CMB02-FV005:Defect
4820|CMB02-CRYO|LINB-CMB02-FV005:OpeningCmd
4820|CMB02-CRYO|LINB-CMB02-FV005:State
4820|CMB02-CRYO|LINB-CMB02-FV010:ClosingCmd
4820|CMB02-CRYO|LINB-CMB02-FV010:Defect
4820|CMB02-CRYO|LINB-CMB02-FV010:OpeningCmd
4820|CMB02-CRYO|LINB-CMB02-FV010:State
4820|CMB02-CRYO|LINB-CMB02-FV011:ClosingCmd
4820|CMB02-CRYO|LINB-CMB02-FV011:Defect
4820|CMB02-CRYO|LINB-CMB02-FV011:OpeningCmd
4820|CMB02-CRYO|LINB-CMB02-FV011:State
4820|CMB02-CRYO|LINB-CMB02-FV020:ClosingCmd
4820|CMB02-CRYO|LINB-CMB02-FV020:Defect
4820|CMB02-CRYO|LINB-CMB02-FV020:OpeningCmd
4820|CMB02-CRYO|LINB-CMB02-FV020:State
4820|CMB02-CRYO|LINB-CMB02-FV120V:ClosingCmd
4820|CMB02-CRYO|LINB-CMB02-FV120V:Defect
4820|CMB02-CRYO|LINB-CMB02-FV120V:OpeningCmd
4820|CMB02-CRYO|LINB-CMB02-FV120V:State
4820|CMB02-CRYO|LINB-CMB02-LQ:Num
4820|CMB02-CRYO|LINB-CMB02-LT200:LevelMes
4820|CMB02-CRYO|LINB-CMB02-OBSCHARGE01:ChargeEstime
4820|CMB02-CRYO|LINB-CMB02-OBSCHARGE01:DebitEntree
4820|CMB02-CRYO|LINB-CMB02-OBSCHARGE01:DebitSortie
4820|CMB02-CRYO|LINB-CMB02-OBSCHARGE01:Densite
4820|CMB02-CRYO|LINB-CMB02-OBSCHARGE01:EnergieInterne
4820|CMB02-CRYO|LINB-CMB02-OBSCHARGE01:NumeroMatrice
4820|CMB02-CRYO|LINB-CMB02-OBSCHARGE02:ChargeEstime
4820|CMB02-CRYO|LINB-CMB02-OBSCHARGE02:DebitEntree
4820|CMB02-CRYO|LINB-CMB02-OBSCHARGE02:DebitSortie
4820|CMB02-CRYO|LINB-CMB02-OBSCHARGE02:Densite
4820|CMB02-CRYO|LINB-CMB02-OBSCHARGE02:EnergieInterne
4820|CMB02-CRYO|LINB-CMB02-OBSCHARGE02:NumeroMatrice
4820|CMB02-CRYO|LINB-CMB02-PLC:Qd_count_Cavite1
4820|CMB02-CRYO|LINB-CMB02-PLC:Qd_count_Cavite2
4820|CMB02-CRYO|LINB-CMB02-PT001:PMes
4820|CMB02-CRYO|LINB-CMB02-PT010:PMes
4820|CMB02-CRYO|LINB-CMB02-PT120:PMes
4820|CMB02-CRYO|LINB-CMB02-PTRES001:PTempMes
4820|CMB02-CRYO|LINB-CMB02-TT001:ResMes
4820|CMB02-CRYO|LINB-CMB02-TT001:TempMes
4820|CMB02-CRYO|LINB-CMB02-TT005:ResMes
4820|CMB02-CRYO|LINB-CMB02-TT005:TempMes
4820|CMB02-CRYO|LINB-CMB02-TT010:ResMes
4820|CMB02-CRYO|LINB-CMB02-TT010:TempMes
4820|CMB02-CRYO|LINB-CMB02-TT011:ResMes
4820|CMB02-CRYO|LINB-CMB02-TT011:TempMes
4820|CMB02-CRYO|LINB-CMB02-TT015:ResMes
4820|CMB02-CRYO|LINB-CMB02-TT015:TempMes
4820|CMB02-CRYO|LINB-CMB02-TT100:ResMes
4820|CMB02-CRYO|LINB-CMB02-TT100:TempMes
4820|CMB02-CRYO|LINB-CMB02-TT101:ResMes
4820|CMB02-CRYO|LINB-CMB02-TT101:TempMes
4820|CMB02-CRYO|LINB-CMB02-TT102:ResMes
4820|CMB02-CRYO|LINB-CMB02-TT102:TempMes
4820|CMB02-CRYO|LINB-CMB02-TT103:ResMes
4820|CMB02-CRYO|LINB-CMB02-TT103:TempMes
4820|CMB02-CRYO|LINB-CMB02-TT104:ResMes
4820|CMB02-CRYO|LINB-CMB02-TT104:TempMes
4820|CMB02-CRYO|LINB-CMB02-TT105:ResMes
4820|CMB02-CRYO|LINB-CMB02-TT105:TempMes
4820|CMB02-CRYO|LINB-CMB02-TT106:ResMes
4820|CMB02-CRYO|LINB-CMB02-TT106:TempMes
4820|CMB02-CRYO|LINB-CMB02-TT108:Defect
4820|CMB02-CRYO|LINB-CMB02-TT108:ResMes
4820|CMB02-CRYO|LINB-CMB02-TT108:TempMes
4820|CMB02-CRYO|LINB-CMB02-TT109N:Defect
4820|CMB02-CRYO|LINB-CMB02-TT109N:ResMes
4820|CMB02-CRYO|LINB-CMB02-TT109N:TempMes
4820|CMB02-CRYO|LINB-CMB02-TT109S:Defect
4820|CMB02-CRYO|LINB-CMB02-TT109S:ResMes
4820|CMB02-CRYO|LINB-CMB02-TT109S:TempMes
4820|CMB02-CRYO|LINB-CMB02-TT111:ResMes
4820|CMB02-CRYO|LINB-CMB02-TT111:TempMes
4820|CMB02-CRYO|LINB-CMB02-TT112:ResMes
4820|CMB02-CRYO|LINB-CMB02-TT112:TempMes
4820|CMB02-CRYO|LINB-CMB02-TT113:ResMes
4820|CMB02-CRYO|LINB-CMB02-TT113:TempMes
4820|CMB02-CRYO|LINB-CMB02-TT115:ResMes
4820|CMB02-CRYO|LINB-CMB02-TT115:TempMes
4820|CMB02-CRYO|LINB-CMB02-TT116:ResMes
4820|CMB02-CRYO|LINB-CMB02-TT116:TempMes
4820|CMB02-CRYO|LINB-CMB02-TT118:Defect
4820|CMB02-CRYO|LINB-CMB02-TT118:ResMes
4820|CMB02-CRYO|LINB-CMB02-TT118:TempMes
4820|CMB02-CRYO|LINB-CMB02-TT119N:Defect
4820|CMB02-CRYO|LINB-CMB02-TT119N:ResMes
4820|CMB02-CRYO|LINB-CMB02-TT119N:TempMes
4820|CMB02-CRYO|LINB-CMB02-TT119S:Defect
4820|CMB02-CRYO|LINB-CMB02-TT119S:ResMes
4820|CMB02-CRYO|LINB-CMB02-TT119S:TempMes
4820|CMB02-CRYO|LINB-CMB02-TT200:ResMes
4820|CMB02-CRYO|LINB-CMB02-TT200:TempMes
4820|CMB02-CRYO|LINB-CMB02-TT201:ResMes
4820|CMB02-CRYO|LINB-CMB02-TT201:TempMes
4820|CMB02-CRYO|LINB-CMB02-TT202:ResMes
4820|CMB02-CRYO|LINB-CMB02-TT202:TempMes
4820|CMB02-CRYO|LINB-CMB02-TT203:ResMes
4820|CMB02-CRYO|LINB-CMB02-TT203:TempMes
4820|CMB02-CRYO|LINB-CMB02-TT204:ResMes
4820|CMB02-CRYO|LINB-CMB02-TT204:TempMes
4820|CMB02-CRYO|LINB-CMB02-TT205:ResMes
4820|CMB02-CRYO|LINB-CMB02-TT205:TempMes
4820|CMB02-CRYO|LINB-CMB02-TT212:ResMes
4820|CMB02-CRYO|LINB-CMB02-TT212:TempMes
4820|CMB02-CRYO|LINB-CMB02-TT213:ResMes
4820|CMB02-CRYO|LINB-CMB02-TT213:TempMes
4820|CMB02-CRYO|LINB-CMB02-TT214:ResMes
4820|CMB02-CRYO|LINB-CMB02-TT214:TempMes
4820|CMB02-CRYO|LINB-CMB02-TT215:ResMes
4820|CMB02-CRYO|LINB-CMB02-TT215:TempMes
4820|CMB02-CRYO|LINB-CMB02-TTCAV:ConsGlissante
4820|CMB02-CRYO|LINB-CMB02-VI01:State
4820|CMB02-CRYO|LINB-CMB02-VI02:State
4820|CMB02-CRYO|PLC-CRYO-CMB02:IsAlive
4820|CMB02-CRYO|TRIG-ARCH-CRYO-CMB02:LinacEnable.RVAL
4820|CMB03-CRYO|TRIG-ARCH-CRYO-CMB03:LinacEnable.RVAL
4820|CMB03-CRYO|LINB-CMB03-CH108:Cons
4820|CMB03-CRYO|LINB-CMB03-CH108:Val
4820|CMB03-CRYO|LINB-CMB03-CH109:Cons
4820|CMB03-CRYO|LINB-CMB03-CH109:Val
4820|CMB03-CRYO|LINB-CMB03-CH118:Cons
4820|CMB03-CRYO|LINB-CMB03-CH118:Val
4820|CMB03-CRYO|LINB-CMB03-CH119:Cons
4820|CMB03-CRYO|LINB-CMB03-CH119:Val
4820|CMB03-CRYO|LINB-CMB03-ETAT:IndicState
4820|CMB03-CRYO|LINB-CMB03-FCV001:ACons
4820|CMB03-CRYO|LINB-CMB03-FCV001:Cons
4820|CMB03-CRYO|LINB-CMB03-FCV001:CSlopeCons
4820|CMB03-CRYO|LINB-CMB03-FCV001:OpenAct
4820|CMB03-CRYO|LINB-CMB03-FCV001:OSlopeCons
4820|CMB03-CRYO|LINB-CMB03-FCV002:ACons
4820|CMB03-CRYO|LINB-CMB03-FCV002:Cons
4820|CMB03-CRYO|LINB-CMB03-FCV002:CSlopeCons
4820|CMB03-CRYO|LINB-CMB03-FCV002:DCons
4820|CMB03-CRYO|LINB-CMB03-FCV002:ICons
4820|CMB03-CRYO|LINB-CMB03-FCV002:OpenAct
4820|CMB03-CRYO|LINB-CMB03-FCV002:OSlopeCons
4820|CMB03-CRYO|LINB-CMB03-FCV002:PCons
4820|CMB03-CRYO|LINB-CMB03-FCV005:ACons
4820|CMB03-CRYO|LINB-CMB03-FCV005:Cons
4820|CMB03-CRYO|LINB-CMB03-FCV005:CSlopeCons
4820|CMB03-CRYO|LINB-CMB03-FCV005:DCons
4820|CMB03-CRYO|LINB-CMB03-FCV005:ICons
4820|CMB03-CRYO|LINB-CMB03-FCV005:OpenAct
4820|CMB03-CRYO|LINB-CMB03-FCV005:OSlopeCons
4820|CMB03-CRYO|LINB-CMB03-FCV005:PCons
4820|CMB03-CRYO|LINB-CMB03-FCV010:ACons
4820|CMB03-CRYO|LINB-CMB03-FCV010:Cons
4820|CMB03-CRYO|LINB-CMB03-FCV010:CSlopeCons
4820|CMB03-CRYO|LINB-CMB03-FCV010:DCons
4820|CMB03-CRYO|LINB-CMB03-FCV010:ICons
4820|CMB03-CRYO|LINB-CMB03-FCV010:OpenAct
4820|CMB03-CRYO|LINB-CMB03-FCV010:OSlopeCons
4820|CMB03-CRYO|LINB-CMB03-FCV010:PCons
4820|CMB03-CRYO|LINB-CMB03-FV005:ClosingCmd
4820|CMB03-CRYO|LINB-CMB03-FV005:Defect
4820|CMB03-CRYO|LINB-CMB03-FV005:OpeningCmd
4820|CMB03-CRYO|LINB-CMB03-FV005:State
4820|CMB03-CRYO|LINB-CMB03-FV010:ClosingCmd
4820|CMB03-CRYO|LINB-CMB03-FV010:Defect
4820|CMB03-CRYO|LINB-CMB03-FV010:OpeningCmd
4820|CMB03-CRYO|LINB-CMB03-FV010:State
4820|CMB03-CRYO|LINB-CMB03-FV011:ClosingCmd
4820|CMB03-CRYO|LINB-CMB03-FV011:Defect
4820|CMB03-CRYO|LINB-CMB03-FV011:OpeningCmd
4820|CMB03-CRYO|LINB-CMB03-FV011:State
4820|CMB03-CRYO|LINB-CMB03-FV020:ClosingCmd
4820|CMB03-CRYO|LINB-CMB03-FV020:Defect
4820|CMB03-CRYO|LINB-CMB03-FV020:OpeningCmd
4820|CMB03-CRYO|LINB-CMB03-FV020:State
4820|CMB03-CRYO|LINB-CMB03-FV120V:ClosingCmd
4820|CMB03-CRYO|LINB-CMB03-FV120V:Defect
4820|CMB03-CRYO|LINB-CMB03-FV120V:OpeningCmd
4820|CMB03-CRYO|LINB-CMB03-FV120V:State
4820|CMB03-CRYO|LINB-CMB03-LQ:Num
4820|CMB03-CRYO|LINB-CMB03-LT200:LevelMes
4820|CMB03-CRYO|LINB-CMB03-OBSCHARGE01:ChargeEstime
4820|CMB03-CRYO|LINB-CMB03-OBSCHARGE01:DebitEntree
4820|CMB03-CRYO|LINB-CMB03-OBSCHARGE01:DebitSortie
4820|CMB03-CRYO|LINB-CMB03-OBSCHARGE01:Densite
4820|CMB03-CRYO|LINB-CMB03-OBSCHARGE01:EnergieInterne
4820|CMB03-CRYO|LINB-CMB03-OBSCHARGE01:NumeroMatrice
4820|CMB03-CRYO|LINB-CMB03-OBSCHARGE02:ChargeEstime
4820|CMB03-CRYO|LINB-CMB03-OBSCHARGE02:DebitEntree
4820|CMB03-CRYO|LINB-CMB03-OBSCHARGE02:DebitSortie
4820|CMB03-CRYO|LINB-CMB03-OBSCHARGE02:Densite
4820|CMB03-CRYO|LINB-CMB03-OBSCHARGE02:EnergieInterne
4820|CMB03-CRYO|LINB-CMB03-OBSCHARGE02:NumeroMatrice
4820|CMB03-CRYO|LINB-CMB03-PLC:Qd_count_Cavite1
4820|CMB03-CRYO|LINB-CMB03-PLC:Qd_count_Cavite2
4820|CMB03-CRYO|LINB-CMB03-PT001:PMes
4820|CMB03-CRYO|LINB-CMB03-PT010:PMes
4820|CMB03-CRYO|LINB-CMB03-PT120:PMes
4820|CMB03-CRYO|LINB-CMB03-PTRES001:PTempMes
4820|CMB03-CRYO|LINB-CMB03-TT001:ResMes
4820|CMB03-CRYO|LINB-CMB03-TT001:TempMes
4820|CMB03-CRYO|LINB-CMB03-TT005:ResMes
4820|CMB03-CRYO|LINB-CMB03-TT005:TempMes
4820|CMB03-CRYO|LINB-CMB03-TT010:ResMes
4820|CMB03-CRYO|LINB-CMB03-TT010:TempMes
4820|CMB03-CRYO|LINB-CMB03-TT011:ResMes
4820|CMB03-CRYO|LINB-CMB03-TT011:TempMes
4820|CMB03-CRYO|LINB-CMB03-TT015:ResMes
4820|CMB03-CRYO|LINB-CMB03-TT015:TempMes
4820|CMB03-CRYO|LINB-CMB03-TT100:ResMes
4820|CMB03-CRYO|LINB-CMB03-TT100:TempMes
4820|CMB03-CRYO|LINB-CMB03-TT101:ResMes
4820|CMB03-CRYO|LINB-CMB03-TT101:TempMes
4820|CMB03-CRYO|LINB-CMB03-TT102:ResMes
4820|CMB03-CRYO|LINB-CMB03-TT102:TempMes
4820|CMB03-CRYO|LINB-CMB03-TT103:ResMes
4820|CMB03-CRYO|LINB-CMB03-TT103:TempMes
4820|CMB03-CRYO|LINB-CMB03-TT104:ResMes
4820|CMB03-CRYO|LINB-CMB03-TT104:TempMes
4820|CMB03-CRYO|LINB-CMB03-TT105:ResMes
4820|CMB03-CRYO|LINB-CMB03-TT105:TempMes
4820|CMB03-CRYO|LINB-CMB03-TT106:ResMes
4820|CMB03-CRYO|LINB-CMB03-TT106:TempMes
4820|CMB03-CRYO|LINB-CMB03-TT108:Defect
4820|CMB03-CRYO|LINB-CMB03-TT108:ResMes
4820|CMB03-CRYO|LINB-CMB03-TT108:TempMes
4820|CMB03-CRYO|LINB-CMB03-TT109N:Defect
4820|CMB03-CRYO|LINB-CMB03-TT109N:ResMes
4820|CMB03-CRYO|LINB-CMB03-TT109N:TempMes
4820|CMB03-CRYO|LINB-CMB03-TT109S:Defect
4820|CMB03-CRYO|LINB-CMB03-TT109S:ResMes
4820|CMB03-CRYO|LINB-CMB03-TT109S:TempMes
4820|CMB03-CRYO|LINB-CMB03-TT111:ResMes
4820|CMB03-CRYO|LINB-CMB03-TT111:TempMes
4820|CMB03-CRYO|LINB-CMB03-TT112:ResMes
4820|CMB03-CRYO|LINB-CMB03-TT112:TempMes
4820|CMB03-CRYO|LINB-CMB03-TT113:ResMes
4820|CMB03-CRYO|LINB-CMB03-TT113:TempMes
4820|CMB03-CRYO|LINB-CMB03-TT115:ResMes
4820|CMB03-CRYO|LINB-CMB03-TT115:TempMes
4820|CMB03-CRYO|LINB-CMB03-TT116:ResMes
4820|CMB03-CRYO|LINB-CMB03-TT116:TempMes
4820|CMB03-CRYO|LINB-CMB03-TT118:Defect
4820|CMB03-CRYO|LINB-CMB03-TT118:ResMes
4820|CMB03-CRYO|LINB-CMB03-TT118:TempMes
4820|CMB03-CRYO|LINB-CMB03-TT119N:Defect
4820|CMB03-CRYO|LINB-CMB03-TT119N:ResMes
4820|CMB03-CRYO|LINB-CMB03-TT119N:TempMes
4820|CMB03-CRYO|LINB-CMB03-TT119S:Defect
4820|CMB03-CRYO|LINB-CMB03-TT119S:ResMes
4820|CMB03-CRYO|LINB-CMB03-TT119S:TempMes
4820|CMB03-CRYO|LINB-CMB03-TT200:ResMes
4820|CMB03-CRYO|LINB-CMB03-TT200:TempMes
4820|CMB03-CRYO|LINB-CMB03-TT201:ResMes
4820|CMB03-CRYO|LINB-CMB03-TT201:TempMes
4820|CMB03-CRYO|LINB-CMB03-TT202:ResMes
4820|CMB03-CRYO|LINB-CMB03-TT202:TempMes
4820|CMB03-CRYO|LINB-CMB03-TT203:ResMes
4820|CMB03-CRYO|LINB-CMB03-TT203:TempMes
4820|CMB03-CRYO|LINB-CMB03-TT204:ResMes
4820|CMB03-CRYO|LINB-CMB03-TT204:TempMes
4820|CMB03-CRYO|LINB-CMB03-TT205:ResMes
4820|CMB03-CRYO|LINB-CMB03-TT205:TempMes
4820|CMB03-CRYO|LINB-CMB03-TT212:ResMes
4820|CMB03-CRYO|LINB-CMB03-TT212:TempMes
4820|CMB03-CRYO|LINB-CMB03-TT213:ResMes
4820|CMB03-CRYO|LINB-CMB03-TT213:TempMes
4820|CMB03-CRYO|LINB-CMB03-TT214:ResMes
4820|CMB03-CRYO|LINB-CMB03-TT214:TempMes
4820|CMB03-CRYO|LINB-CMB03-TT215:ResMes
4820|CMB03-CRYO|LINB-CMB03-TT215:TempMes
4820|CMB03-CRYO|LINB-CMB03-TTCAV:ConsGlissante
4820|CMB03-CRYO|LINB-CMB03-VI01:State
4820|CMB03-CRYO|LINB-CMB03-VI02:State
4820|CMB03-CRYO|PLC-CRYO-CMB03:IsAlive
4820|CMB03-CRYO|TRIG-ARCH-CRYO-CMB03:LinacEnable.RVAL
4820|CMB04-CRYO|TRIG-ARCH-CRYO-CMB04:LinacEnable.RVAL
4820|CMB04-CRYO|LINB-CMB04-CH108:Cons
4820|CMB04-CRYO|LINB-CMB04-CH108:Val
4820|CMB04-CRYO|LINB-CMB04-CH109:Cons
4820|CMB04-CRYO|LINB-CMB04-CH109:Val
4820|CMB04-CRYO|LINB-CMB04-CH118:Cons
4820|CMB04-CRYO|LINB-CMB04-CH118:Val
4820|CMB04-CRYO|LINB-CMB04-CH119:Cons
4820|CMB04-CRYO|LINB-CMB04-CH119:Val
4820|CMB04-CRYO|LINB-CMB04-ETAT:IndicState
4820|CMB04-CRYO|LINB-CMB04-FCV001:ACons
4820|CMB04-CRYO|LINB-CMB04-FCV001:Cons
4820|CMB04-CRYO|LINB-CMB04-FCV001:CSlopeCons
4820|CMB04-CRYO|LINB-CMB04-FCV001:OpenAct
4820|CMB04-CRYO|LINB-CMB04-FCV001:OSlopeCons
4820|CMB04-CRYO|LINB-CMB04-FCV002:ACons
4820|CMB04-CRYO|LINB-CMB04-FCV002:Cons
4820|CMB04-CRYO|LINB-CMB04-FCV002:CSlopeCons
4820|CMB04-CRYO|LINB-CMB04-FCV002:DCons
4820|CMB04-CRYO|LINB-CMB04-FCV002:ICons
4820|CMB04-CRYO|LINB-CMB04-FCV002:OpenAct
4820|CMB04-CRYO|LINB-CMB04-FCV002:OSlopeCons
4820|CMB04-CRYO|LINB-CMB04-FCV002:PCons
4820|CMB04-CRYO|LINB-CMB04-FCV005:ACons
4820|CMB04-CRYO|LINB-CMB04-FCV005:Cons
4820|CMB04-CRYO|LINB-CMB04-FCV005:CSlopeCons
4820|CMB04-CRYO|LINB-CMB04-FCV005:DCons
4820|CMB04-CRYO|LINB-CMB04-FCV005:ICons
4820|CMB04-CRYO|LINB-CMB04-FCV005:OpenAct
4820|CMB04-CRYO|LINB-CMB04-FCV005:OSlopeCons
4820|CMB04-CRYO|LINB-CMB04-FCV005:PCons
4820|CMB04-CRYO|LINB-CMB04-FCV010:ACons
4820|CMB04-CRYO|LINB-CMB04-FCV010:Cons
4820|CMB04-CRYO|LINB-CMB04-FCV010:CSlopeCons
4820|CMB04-CRYO|LINB-CMB04-FCV010:DCons
4820|CMB04-CRYO|LINB-CMB04-FCV010:ICons
4820|CMB04-CRYO|LINB-CMB04-FCV010:OpenAct
4820|CMB04-CRYO|LINB-CMB04-FCV010:OSlopeCons
4820|CMB04-CRYO|LINB-CMB04-FCV010:PCons
4820|CMB04-CRYO|LINB-CMB04-FV005:ClosingCmd
4820|CMB04-CRYO|LINB-CMB04-FV005:Defect
4820|CMB04-CRYO|LINB-CMB04-FV005:OpeningCmd
4820|CMB04-CRYO|LINB-CMB04-FV005:State
4820|CMB04-CRYO|LINB-CMB04-FV010:ClosingCmd
4820|CMB04-CRYO|LINB-CMB04-FV010:Defect
4820|CMB04-CRYO|LINB-CMB04-FV010:OpeningCmd
4820|CMB04-CRYO|LINB-CMB04-FV010:State
4820|CMB04-CRYO|LINB-CMB04-FV011:ClosingCmd
4820|CMB04-CRYO|LINB-CMB04-FV011:Defect
4820|CMB04-CRYO|LINB-CMB04-FV011:OpeningCmd
4820|CMB04-CRYO|LINB-CMB04-FV011:State
4820|CMB04-CRYO|LINB-CMB04-FV020:ClosingCmd
4820|CMB04-CRYO|LINB-CMB04-FV020:Defect
4820|CMB04-CRYO|LINB-CMB04-FV020:OpeningCmd
4820|CMB04-CRYO|LINB-CMB04-FV020:State
4820|CMB04-CRYO|LINB-CMB04-FV120V:ClosingCmd
4820|CMB04-CRYO|LINB-CMB04-FV120V:Defect
4820|CMB04-CRYO|LINB-CMB04-FV120V:OpeningCmd
4820|CMB04-CRYO|LINB-CMB04-FV120V:State
4820|CMB04-CRYO|LINB-CMB04-LQ:Num
4820|CMB04-CRYO|LINB-CMB04-LT200:LevelMes
4820|CMB04-CRYO|LINB-CMB04-OBSCHARGE01:ChargeEstime
4820|CMB04-CRYO|LINB-CMB04-OBSCHARGE01:DebitEntree
4820|CMB04-CRYO|LINB-CMB04-OBSCHARGE01:DebitSortie
4820|CMB04-CRYO|LINB-CMB04-OBSCHARGE01:Densite
4820|CMB04-CRYO|LINB-CMB04-OBSCHARGE01:EnergieInterne
4820|CMB04-CRYO|LINB-CMB04-OBSCHARGE01:NumeroMatrice
4820|CMB04-CRYO|LINB-CMB04-OBSCHARGE02:ChargeEstime
4820|CMB04-CRYO|LINB-CMB04-OBSCHARGE02:DebitEntree
4820|CMB04-CRYO|LINB-CMB04-OBSCHARGE02:DebitSortie
4820|CMB04-CRYO|LINB-CMB04-OBSCHARGE02:Densite
4820|CMB04-CRYO|LINB-CMB04-OBSCHARGE02:EnergieInterne
4820|CMB04-CRYO|LINB-CMB04-OBSCHARGE02:NumeroMatrice
4820|CMB04-CRYO|LINB-CMB04-PLC:Qd_count_Cavite1
4820|CMB04-CRYO|LINB-CMB04-PLC:Qd_count_Cavite2
4820|CMB04-CRYO|LINB-CMB04-PT001:PMes
4820|CMB04-CRYO|LINB-CMB04-PT010:PMes
4820|CMB04-CRYO|LINB-CMB04-PT120:PMes
4820|CMB04-CRYO|LINB-CMB04-PTRES001:PTempMes
4820|CMB04-CRYO|LINB-CMB04-TT001:ResMes
4820|CMB04-CRYO|LINB-CMB04-TT001:TempMes
4820|CMB04-CRYO|LINB-CMB04-TT005:ResMes
4820|CMB04-CRYO|LINB-CMB04-TT005:TempMes
4820|CMB04-CRYO|LINB-CMB04-TT010:ResMes
4820|CMB04-CRYO|LINB-CMB04-TT010:TempMes
4820|CMB04-CRYO|LINB-CMB04-TT011:ResMes
4820|CMB04-CRYO|LINB-CMB04-TT011:TempMes
4820|CMB04-CRYO|LINB-CMB04-TT015:ResMes
4820|CMB04-CRYO|LINB-CMB04-TT015:TempMes
4820|CMB04-CRYO|LINB-CMB04-TT100:ResMes
4820|CMB04-CRYO|LINB-CMB04-TT100:TempMes
4820|CMB04-CRYO|LINB-CMB04-TT101:ResMes
4820|CMB04-CRYO|LINB-CMB04-TT101:TempMes
4820|CMB04-CRYO|LINB-CMB04-TT102:ResMes
4820|CMB04-CRYO|LINB-CMB04-TT102:TempMes
4820|CMB04-CRYO|LINB-CMB04-TT103:ResMes
4820|CMB04-CRYO|LINB-CMB04-TT103:TempMes
4820|CMB04-CRYO|LINB-CMB04-TT104:ResMes
4820|CMB04-CRYO|LINB-CMB04-TT104:TempMes
4820|CMB04-CRYO|LINB-CMB04-TT105:ResMes
4820|CMB04-CRYO|LINB-CMB04-TT105:TempMes
4820|CMB04-CRYO|LINB-CMB04-TT106:ResMes
4820|CMB04-CRYO|LINB-CMB04-TT106:TempMes
4820|CMB04-CRYO|LINB-CMB04-TT108:Defect
4820|CMB04-CRYO|LINB-CMB04-TT108:ResMes
4820|CMB04-CRYO|LINB-CMB04-TT108:TempMes
4820|CMB04-CRYO|LINB-CMB04-TT109N:Defect
4820|CMB04-CRYO|LINB-CMB04-TT109N:ResMes
4820|CMB04-CRYO|LINB-CMB04-TT109N:TempMes
4820|CMB04-CRYO|LINB-CMB04-TT109S:Defect
4820|CMB04-CRYO|LINB-CMB04-TT109S:ResMes
4820|CMB04-CRYO|LINB-CMB04-TT109S:TempMes
4820|CMB04-CRYO|LINB-CMB04-TT111:ResMes
4820|CMB04-CRYO|LINB-CMB04-TT111:TempMes
4820|CMB04-CRYO|LINB-CMB04-TT112:ResMes
4820|CMB04-CRYO|LINB-CMB04-TT112:TempMes
4820|CMB04-CRYO|LINB-CMB04-TT113:ResMes
4820|CMB04-CRYO|LINB-CMB04-TT113:TempMes
4820|CMB04-CRYO|LINB-CMB04-TT115:ResMes
4820|CMB04-CRYO|LINB-CMB04-TT115:TempMes
4820|CMB04-CRYO|LINB-CMB04-TT116:ResMes
4820|CMB04-CRYO|LINB-CMB04-TT116:TempMes
4820|CMB04-CRYO|LINB-CMB04-TT118:Defect
4820|CMB04-CRYO|LINB-CMB04-TT118:ResMes
4820|CMB04-CRYO|LINB-CMB04-TT118:TempMes
4820|CMB04-CRYO|LINB-CMB04-TT119N:Defect
4820|CMB04-CRYO|LINB-CMB04-TT119N:ResMes
4820|CMB04-CRYO|LINB-CMB04-TT119N:TempMes
4820|CMB04-CRYO|LINB-CMB04-TT119S:Defect
4820|CMB04-CRYO|LINB-CMB04-TT119S:ResMes
4820|CMB04-CRYO|LINB-CMB04-TT119S:TempMes
4820|CMB04-CRYO|LINB-CMB04-TT200:ResMes
4820|CMB04-CRYO|LINB-CMB04-TT200:TempMes
4820|CMB04-CRYO|LINB-CMB04-TT201:ResMes
4820|CMB04-CRYO|LINB-CMB04-TT201:TempMes
4820|CMB04-CRYO|LINB-CMB04-TT202:ResMes
4820|CMB04-CRYO|LINB-CMB04-TT202:TempMes
4820|CMB04-CRYO|LINB-CMB04-TT203:ResMes
4820|CMB04-CRYO|LINB-CMB04-TT203:TempMes
4820|CMB04-CRYO|LINB-CMB04-TT204:ResMes
4820|CMB04-CRYO|LINB-CMB04-TT204:TempMes
4820|CMB04-CRYO|LINB-CMB04-TT205:ResMes
4820|CMB04-CRYO|LINB-CMB04-TT205:TempMes
4820|CMB04-CRYO|LINB-CMB04-TT212:ResMes
4820|CMB04-CRYO|LINB-CMB04-TT212:TempMes
4820|CMB04-CRYO|LINB-CMB04-TT213:ResMes
4820|CMB04-CRYO|LINB-CMB04-TT213:TempMes
4820|CMB04-CRYO|LINB-CMB04-TT214:ResMes
4820|CMB04-CRYO|LINB-CMB04-TT214:TempMes
4820|CMB04-CRYO|LINB-CMB04-TT215:ResMes
4820|CMB04-CRYO|LINB-CMB04-TT215:TempMes
4820|CMB04-CRYO|LINB-CMB04-TTCAV:ConsGlissante
4820|CMB04-CRYO|LINB-CMB04-VI01:State
4820|CMB04-CRYO|LINB-CMB04-VI02:State
4820|CMB04-CRYO|PLC-CRYO-CMB04:IsAlive
4820|CMB04-CRYO|TRIG-ARCH-CRYO-CMB04:LinacEnable.RVAL
4820|CMB05-CRYO|TRIG-ARCH-CRYO-CMB05:LinacEnable.RVAL
4820|CMB05-CRYO|LINB-CMB05-CH108:Cons
4820|CMB05-CRYO|LINB-CMB05-CH108:Val
4820|CMB05-CRYO|LINB-CMB05-CH109:Cons
4820|CMB05-CRYO|LINB-CMB05-CH109:Val
4820|CMB05-CRYO|LINB-CMB05-CH118:Cons
4820|CMB05-CRYO|LINB-CMB05-CH118:Val
4820|CMB05-CRYO|LINB-CMB05-CH119:Cons
4820|CMB05-CRYO|LINB-CMB05-CH119:Val
4820|CMB05-CRYO|LINB-CMB05-ETAT:IndicState
4820|CMB05-CRYO|LINB-CMB05-FCV001:ACons
4820|CMB05-CRYO|LINB-CMB05-FCV001:Cons
4820|CMB05-CRYO|LINB-CMB05-FCV001:CSlopeCons
4820|CMB05-CRYO|LINB-CMB05-FCV001:OpenAct
4820|CMB05-CRYO|LINB-CMB05-FCV001:OSlopeCons
4820|CMB05-CRYO|LINB-CMB05-FCV002:ACons
4820|CMB05-CRYO|LINB-CMB05-FCV002:Cons
4820|CMB05-CRYO|LINB-CMB05-FCV002:CSlopeCons
4820|CMB05-CRYO|LINB-CMB05-FCV002:DCons
4820|CMB05-CRYO|LINB-CMB05-FCV002:ICons
4820|CMB05-CRYO|LINB-CMB05-FCV002:OpenAct
4820|CMB05-CRYO|LINB-CMB05-FCV002:OSlopeCons
4820|CMB05-CRYO|LINB-CMB05-FCV002:PCons
4820|CMB05-CRYO|LINB-CMB05-FCV005:ACons
4820|CMB05-CRYO|LINB-CMB05-FCV005:Cons
4820|CMB05-CRYO|LINB-CMB05-FCV005:CSlopeCons
4820|CMB05-CRYO|LINB-CMB05-FCV005:DCons
4820|CMB05-CRYO|LINB-CMB05-FCV005:ICons
4820|CMB05-CRYO|LINB-CMB05-FCV005:OpenAct
4820|CMB05-CRYO|LINB-CMB05-FCV005:OSlopeCons
4820|CMB05-CRYO|LINB-CMB05-FCV005:PCons
4820|CMB05-CRYO|LINB-CMB05-FCV010:ACons
4820|CMB05-CRYO|LINB-CMB05-FCV010:Cons
4820|CMB05-CRYO|LINB-CMB05-FCV010:CSlopeCons
4820|CMB05-CRYO|LINB-CMB05-FCV010:DCons
4820|CMB05-CRYO|LINB-CMB05-FCV010:ICons
4820|CMB05-CRYO|LINB-CMB05-FCV010:OpenAct
4820|CMB05-CRYO|LINB-CMB05-FCV010:OSlopeCons
4820|CMB05-CRYO|LINB-CMB05-FCV010:PCons
4820|CMB05-CRYO|LINB-CMB05-FV005:ClosingCmd
4820|CMB05-CRYO|LINB-CMB05-FV005:Defect
4820|CMB05-CRYO|LINB-CMB05-FV005:OpeningCmd
4820|CMB05-CRYO|LINB-CMB05-FV005:State
4820|CMB05-CRYO|LINB-CMB05-FV010:ClosingCmd
4820|CMB05-CRYO|LINB-CMB05-FV010:Defect
4820|CMB05-CRYO|LINB-CMB05-FV010:OpeningCmd
4820|CMB05-CRYO|LINB-CMB05-FV010:State
4820|CMB05-CRYO|LINB-CMB05-FV011:ClosingCmd
4820|CMB05-CRYO|LINB-CMB05-FV011:Defect
4820|CMB05-CRYO|LINB-CMB05-FV011:OpeningCmd
4820|CMB05-CRYO|LINB-CMB05-FV011:State
4820|CMB05-CRYO|LINB-CMB05-FV020:ClosingCmd
4820|CMB05-CRYO|LINB-CMB05-FV020:Defect
4820|CMB05-CRYO|LINB-CMB05-FV020:OpeningCmd
4820|CMB05-CRYO|LINB-CMB05-FV020:State
4820|CMB05-CRYO|LINB-CMB05-FV120V:ClosingCmd
4820|CMB05-CRYO|LINB-CMB05-FV120V:Defect
4820|CMB05-CRYO|LINB-CMB05-FV120V:OpeningCmd
4820|CMB05-CRYO|LINB-CMB05-FV120V:State
4820|CMB05-CRYO|LINB-CMB05-LQ:Num
4820|CMB05-CRYO|LINB-CMB05-LT200:LevelMes
4820|CMB05-CRYO|LINB-CMB05-OBSCHARGE01:ChargeEstime
4820|CMB05-CRYO|LINB-CMB05-OBSCHARGE01:DebitEntree
4820|CMB05-CRYO|LINB-CMB05-OBSCHARGE01:DebitSortie
4820|CMB05-CRYO|LINB-CMB05-OBSCHARGE01:Densite
4820|CMB05-CRYO|LINB-CMB05-OBSCHARGE01:EnergieInterne
4820|CMB05-CRYO|LINB-CMB05-OBSCHARGE01:NumeroMatrice
4820|CMB05-CRYO|LINB-CMB05-OBSCHARGE02:ChargeEstime
4820|CMB05-CRYO|LINB-CMB05-OBSCHARGE02:DebitEntree
4820|CMB05-CRYO|LINB-CMB05-OBSCHARGE02:DebitSortie
4820|CMB05-CRYO|LINB-CMB05-OBSCHARGE02:Densite
4820|CMB05-CRYO|LINB-CMB05-OBSCHARGE02:EnergieInterne
4820|CMB05-CRYO|LINB-CMB05-OBSCHARGE02:NumeroMatrice
4820|CMB05-CRYO|LINB-CMB05-PLC:Qd_count_Cavite1
4820|CMB05-CRYO|LINB-CMB05-PLC:Qd_count_Cavite2
4820|CMB05-CRYO|LINB-CMB05-PT001:PMes
4820|CMB05-CRYO|LINB-CMB05-PT010:PMes
4820|CMB05-CRYO|LINB-CMB05-PT120:PMes
4820|CMB05-CRYO|LINB-CMB05-PTRES001:PTempMes
4820|CMB05-CRYO|LINB-CMB05-TT001:ResMes
4820|CMB05-CRYO|LINB-CMB05-TT001:TempMes
4820|CMB05-CRYO|LINB-CMB05-TT005:ResMes
4820|CMB05-CRYO|LINB-CMB05-TT005:TempMes
4820|CMB05-CRYO|LINB-CMB05-TT010:ResMes
4820|CMB05-CRYO|LINB-CMB05-TT010:TempMes
4820|CMB05-CRYO|LINB-CMB05-TT011:ResMes
4820|CMB05-CRYO|LINB-CMB05-TT011:TempMes
4820|CMB05-CRYO|LINB-CMB05-TT015:ResMes
4820|CMB05-CRYO|LINB-CMB05-TT015:TempMes
4820|CMB05-CRYO|LINB-CMB05-TT100:ResMes
4820|CMB05-CRYO|LINB-CMB05-TT100:TempMes
4820|CMB05-CRYO|LINB-CMB05-TT101:ResMes
4820|CMB05-CRYO|LINB-CMB05-TT101:TempMes
4820|CMB05-CRYO|LINB-CMB05-TT102:ResMes
4820|CMB05-CRYO|LINB-CMB05-TT102:TempMes
4820|CMB05-CRYO|LINB-CMB05-TT103:ResMes
4820|CMB05-CRYO|LINB-CMB05-TT103:TempMes
4820|CMB05-CRYO|LINB-CMB05-TT104:ResMes
4820|CMB05-CRYO|LINB-CMB05-TT104:TempMes
4820|CMB05-CRYO|LINB-CMB05-TT105:ResMes
4820|CMB05-CRYO|LINB-CMB05-TT105:TempMes
4820|CMB05-CRYO|LINB-CMB05-TT106:ResMes
4820|CMB05-CRYO|LINB-CMB05-TT106:TempMes
4820|CMB05-CRYO|LINB-CMB05-TT108:Defect
4820|CMB05-CRYO|LINB-CMB05-TT108:ResMes
4820|CMB05-CRYO|LINB-CMB05-TT108:TempMes
4820|CMB05-CRYO|LINB-CMB05-TT109N:Defect
4820|CMB05-CRYO|LINB-CMB05-TT109N:ResMes
4820|CMB05-CRYO|LINB-CMB05-TT109N:TempMes
4820|CMB05-CRYO|LINB-CMB05-TT109S:Defect
4820|CMB05-CRYO|LINB-CMB05-TT109S:ResMes
4820|CMB05-CRYO|LINB-CMB05-TT109S:TempMes
4820|CMB05-CRYO|LINB-CMB05-TT111:ResMes
4820|CMB05-CRYO|LINB-CMB05-TT111:TempMes
4820|CMB05-CRYO|LINB-CMB05-TT112:ResMes
4820|CMB05-CRYO|LINB-CMB05-TT112:TempMes
4820|CMB05-CRYO|LINB-CMB05-TT113:ResMes
4820|CMB05-CRYO|LINB-CMB05-TT113:TempMes
4820|CMB05-CRYO|LINB-CMB05-TT115:ResMes
4820|CMB05-CRYO|LINB-CMB05-TT115:TempMes
4820|CMB05-CRYO|LINB-CMB05-TT116:ResMes
4820|CMB05-CRYO|LINB-CMB05-TT116:TempMes
4820|CMB05-CRYO|LINB-CMB05-TT118:Defect
4820|CMB05-CRYO|LINB-CMB05-TT118:ResMes
4820|CMB05-CRYO|LINB-CMB05-TT118:TempMes
4820|CMB05-CRYO|LINB-CMB05-TT119N:Defect
4820|CMB05-CRYO|LINB-CMB05-TT119N:ResMes
4820|CMB05-CRYO|LINB-CMB05-TT119N:TempMes
4820|CMB05-CRYO|LINB-CMB05-TT119S:Defect
4820|CMB05-CRYO|LINB-CMB05-TT119S:ResMes
4820|CMB05-CRYO|LINB-CMB05-TT119S:TempMes
4820|CMB05-CRYO|LINB-CMB05-TT200:ResMes
4820|CMB05-CRYO|LINB-CMB05-TT200:TempMes
4820|CMB05-CRYO|LINB-CMB05-TT201:ResMes
4820|CMB05-CRYO|LINB-CMB05-TT201:TempMes
4820|CMB05-CRYO|LINB-CMB05-TT202:ResMes
4820|CMB05-CRYO|LINB-CMB05-TT202:TempMes
4820|CMB05-CRYO|LINB-CMB05-TT203:ResMes
4820|CMB05-CRYO|LINB-CMB05-TT203:TempMes
4820|CMB05-CRYO|LINB-CMB05-TT204:ResMes
4820|CMB05-CRYO|LINB-CMB05-TT204:TempMes
4820|CMB05-CRYO|LINB-CMB05-TT205:ResMes
4820|CMB05-CRYO|LINB-CMB05-TT205:TempMes
4820|CMB05-CRYO|LINB-CMB05-TT212:ResMes
4820|CMB05-CRYO|LINB-CMB05-TT212:TempMes
4820|CMB05-CRYO|LINB-CMB05-TT213:ResMes
4820|CMB05-CRYO|LINB-CMB05-TT213:TempMes
4820|CMB05-CRYO|LINB-CMB05-TT214:ResMes
4820|CMB05-CRYO|LINB-CMB05-TT214:TempMes
4820|CMB05-CRYO|LINB-CMB05-TT215:ResMes
4820|CMB05-CRYO|LINB-CMB05-TT215:TempMes
4820|CMB05-CRYO|LINB-CMB05-TTCAV:ConsGlissante
4820|CMB05-CRYO|LINB-CMB05-VI01:State
4820|CMB05-CRYO|LINB-CMB05-VI02:State
4820|CMB05-CRYO|PLC-CRYO-CMB05:IsAlive
4820|CMB05-CRYO|TRIG-ARCH-CRYO-CMB05:LinacEnable.RVAL
4820|CMB06-CRYO|TRIG-ARCH-CRYO-CMB06:LinacEnable.RVAL
4820|CMB06-CRYO|LINB-CMB06-CH108:Cons
4820|CMB06-CRYO|LINB-CMB06-CH108:Val
4820|CMB06-CRYO|LINB-CMB06-CH109:Cons
4820|CMB06-CRYO|LINB-CMB06-CH109:Val
4820|CMB06-CRYO|LINB-CMB06-CH118:Cons
4820|CMB06-CRYO|LINB-CMB06-CH118:Val
4820|CMB06-CRYO|LINB-CMB06-CH119:Cons
4820|CMB06-CRYO|LINB-CMB06-CH119:Val
4820|CMB06-CRYO|LINB-CMB06-ETAT:IndicState
4820|CMB06-CRYO|LINB-CMB06-FCV001:ACons
4820|CMB06-CRYO|LINB-CMB06-FCV001:Cons
4820|CMB06-CRYO|LINB-CMB06-FCV001:CSlopeCons
4820|CMB06-CRYO|LINB-CMB06-FCV001:OpenAct
4820|CMB06-CRYO|LINB-CMB06-FCV001:OSlopeCons
4820|CMB06-CRYO|LINB-CMB06-FCV002:ACons
4820|CMB06-CRYO|LINB-CMB06-FCV002:Cons
4820|CMB06-CRYO|LINB-CMB06-FCV002:CSlopeCons
4820|CMB06-CRYO|LINB-CMB06-FCV002:DCons
4820|CMB06-CRYO|LINB-CMB06-FCV002:ICons
4820|CMB06-CRYO|LINB-CMB06-FCV002:OpenAct
4820|CMB06-CRYO|LINB-CMB06-FCV002:OSlopeCons
4820|CMB06-CRYO|LINB-CMB06-FCV002:PCons
4820|CMB06-CRYO|LINB-CMB06-FCV005:ACons
4820|CMB06-CRYO|LINB-CMB06-FCV005:Cons
4820|CMB06-CRYO|LINB-CMB06-FCV005:CSlopeCons
4820|CMB06-CRYO|LINB-CMB06-FCV005:DCons
4820|CMB06-CRYO|LINB-CMB06-FCV005:ICons
4820|CMB06-CRYO|LINB-CMB06-FCV005:OpenAct
4820|CMB06-CRYO|LINB-CMB06-FCV005:OSlopeCons
4820|CMB06-CRYO|LINB-CMB06-FCV005:PCons
4820|CMB06-CRYO|LINB-CMB06-FCV010:ACons
4820|CMB06-CRYO|LINB-CMB06-FCV010:Cons
4820|CMB06-CRYO|LINB-CMB06-FCV010:CSlopeCons
4820|CMB06-CRYO|LINB-CMB06-FCV010:DCons
4820|CMB06-CRYO|LINB-CMB06-FCV010:ICons
4820|CMB06-CRYO|LINB-CMB06-FCV010:OpenAct
4820|CMB06-CRYO|LINB-CMB06-FCV010:OSlopeCons
4820|CMB06-CRYO|LINB-CMB06-FCV010:PCons
4820|CMB06-CRYO|LINB-CMB06-FV005:ClosingCmd
4820|CMB06-CRYO|LINB-CMB06-FV005:Defect
4820|CMB06-CRYO|LINB-CMB06-FV005:OpeningCmd
4820|CMB06-CRYO|LINB-CMB06-FV005:State
4820|CMB06-CRYO|LINB-CMB06-FV010:ClosingCmd
4820|CMB06-CRYO|LINB-CMB06-FV010:Defect
4820|CMB06-CRYO|LINB-CMB06-FV010:OpeningCmd
4820|CMB06-CRYO|LINB-CMB06-FV010:State
4820|CMB06-CRYO|LINB-CMB06-FV011:ClosingCmd
4820|CMB06-CRYO|LINB-CMB06-FV011:Defect
4820|CMB06-CRYO|LINB-CMB06-FV011:OpeningCmd
4820|CMB06-CRYO|LINB-CMB06-FV011:State
4820|CMB06-CRYO|LINB-CMB06-FV020:ClosingCmd
4820|CMB06-CRYO|LINB-CMB06-FV020:Defect
4820|CMB06-CRYO|LINB-CMB06-FV020:OpeningCmd
4820|CMB06-CRYO|LINB-CMB06-FV020:State
4820|CMB06-CRYO|LINB-CMB06-FV120V:ClosingCmd
4820|CMB06-CRYO|LINB-CMB06-FV120V:Defect
4820|CMB06-CRYO|LINB-CMB06-FV120V:OpeningCmd
4820|CMB06-CRYO|LINB-CMB06-FV120V:State
4820|CMB06-CRYO|LINB-CMB06-LQ:Num
4820|CMB06-CRYO|LINB-CMB06-LT200:LevelMes
4820|CMB06-CRYO|LINB-CMB06-OBSCHARGE01:ChargeEstime
4820|CMB06-CRYO|LINB-CMB06-OBSCHARGE01:DebitEntree
4820|CMB06-CRYO|LINB-CMB06-OBSCHARGE01:DebitSortie
4820|CMB06-CRYO|LINB-CMB06-OBSCHARGE01:Densite
4820|CMB06-CRYO|LINB-CMB06-OBSCHARGE01:EnergieInterne
4820|CMB06-CRYO|LINB-CMB06-OBSCHARGE01:NumeroMatrice
4820|CMB06-CRYO|LINB-CMB06-OBSCHARGE02:ChargeEstime
4820|CMB06-CRYO|LINB-CMB06-OBSCHARGE02:DebitEntree
4820|CMB06-CRYO|LINB-CMB06-OBSCHARGE02:DebitSortie
4820|CMB06-CRYO|LINB-CMB06-OBSCHARGE02:Densite
4820|CMB06-CRYO|LINB-CMB06-OBSCHARGE02:EnergieInterne
4820|CMB06-CRYO|LINB-CMB06-OBSCHARGE02:NumeroMatrice
4820|CMB06-CRYO|LINB-CMB06-PLC:Qd_count_Cavite1
4820|CMB06-CRYO|LINB-CMB06-PLC:Qd_count_Cavite2
4820|CMB06-CRYO|LINB-CMB06-PT001:PMes
4820|CMB06-CRYO|LINB-CMB06-PT010:PMes
4820|CMB06-CRYO|LINB-CMB06-PT120:PMes
4820|CMB06-CRYO|LINB-CMB06-PTRES001:PTempMes
4820|CMB06-CRYO|LINB-CMB06-TT001:ResMes
4820|CMB06-CRYO|LINB-CMB06-TT001:TempMes
4820|CMB06-CRYO|LINB-CMB06-TT005:ResMes
4820|CMB06-CRYO|LINB-CMB06-TT005:TempMes
4820|CMB06-CRYO|LINB-CMB06-TT010:ResMes
4820|CMB06-CRYO|LINB-CMB06-TT010:TempMes
4820|CMB06-CRYO|LINB-CMB06-TT011:ResMes
4820|CMB06-CRYO|LINB-CMB06-TT011:TempMes
4820|CMB06-CRYO|LINB-CMB06-TT015:ResMes
4820|CMB06-CRYO|LINB-CMB06-TT015:TempMes
4820|CMB06-CRYO|LINB-CMB06-TT100:ResMes
4820|CMB06-CRYO|LINB-CMB06-TT100:TempMes
4820|CMB06-CRYO|LINB-CMB06-TT101:ResMes
4820|CMB06-CRYO|LINB-CMB06-TT101:TempMes
4820|CMB06-CRYO|LINB-CMB06-TT102:ResMes
4820|CMB06-CRYO|LINB-CMB06-TT102:TempMes
4820|CMB06-CRYO|LINB-CMB06-TT103:ResMes
4820|CMB06-CRYO|LINB-CMB06-TT103:TempMes
4820|CMB06-CRYO|LINB-CMB06-TT104:ResMes
4820|CMB06-CRYO|LINB-CMB06-TT104:TempMes
4820|CMB06-CRYO|LINB-CMB06-TT105:ResMes
4820|CMB06-CRYO|LINB-CMB06-TT105:TempMes
4820|CMB06-CRYO|LINB-CMB06-TT106:ResMes
4820|CMB06-CRYO|LINB-CMB06-TT106:TempMes
4820|CMB06-CRYO|LINB-CMB06-TT108:Defect
4820|CMB06-CRYO|LINB-CMB06-TT108:ResMes
4820|CMB06-CRYO|LINB-CMB06-TT108:TempMes
4820|CMB06-CRYO|LINB-CMB06-TT109N:Defect
4820|CMB06-CRYO|LINB-CMB06-TT109N:ResMes
4820|CMB06-CRYO|LINB-CMB06-TT109N:TempMes
4820|CMB06-CRYO|LINB-CMB06-TT109S:Defect
4820|CMB06-CRYO|LINB-CMB06-TT109S:ResMes
4820|CMB06-CRYO|LINB-CMB06-TT109S:TempMes
4820|CMB06-CRYO|LINB-CMB06-TT111:ResMes
4820|CMB06-CRYO|LINB-CMB06-TT111:TempMes
4820|CMB06-CRYO|LINB-CMB06-TT112:ResMes
4820|CMB06-CRYO|LINB-CMB06-TT112:TempMes
4820|CMB06-CRYO|LINB-CMB06-TT113:ResMes
4820|CMB06-CRYO|LINB-CMB06-TT113:TempMes
4820|CMB06-CRYO|LINB-CMB06-TT115:ResMes
4820|CMB06-CRYO|LINB-CMB06-TT115:TempMes
4820|CMB06-CRYO|LINB-CMB06-TT116:ResMes
4820|CMB06-CRYO|LINB-CMB06-TT116:TempMes
4820|CMB06-CRYO|LINB-CMB06-TT118:Defect
4820|CMB06-CRYO|LINB-CMB06-TT118:ResMes
4820|CMB06-CRYO|LINB-CMB06-TT118:TempMes
4820|CMB06-CRYO|LINB-CMB06-TT119N:Defect
4820|CMB06-CRYO|LINB-CMB06-TT119N:ResMes
4820|CMB06-CRYO|LINB-CMB06-TT119N:TempMes
4820|CMB06-CRYO|LINB-CMB06-TT119S:Defect
4820|CMB06-CRYO|LINB-CMB06-TT119S:ResMes
4820|CMB06-CRYO|LINB-CMB06-TT119S:TempMes
4820|CMB06-CRYO|LINB-CMB06-TT200:ResMes
4820|CMB06-CRYO|LINB-CMB06-TT200:TempMes
4820|CMB06-CRYO|LINB-CMB06-TT201:ResMes
4820|CMB06-CRYO|LINB-CMB06-TT201:TempMes
4820|CMB06-CRYO|LINB-CMB06-TT202:ResMes
4820|CMB06-CRYO|LINB-CMB06-TT202:TempMes
4820|CMB06-CRYO|LINB-CMB06-TT203:ResMes
4820|CMB06-CRYO|LINB-CMB06-TT203:TempMes
4820|CMB06-CRYO|LINB-CMB06-TT204:ResMes
4820|CMB06-CRYO|LINB-CMB06-TT204:TempMes
4820|CMB06-CRYO|LINB-CMB06-TT205:ResMes
4820|CMB06-CRYO|LINB-CMB06-TT205:TempMes
4820|CMB06-CRYO|LINB-CMB06-TT212:ResMes
4820|CMB06-CRYO|LINB-CMB06-TT212:TempMes
4820|CMB06-CRYO|LINB-CMB06-TT213:ResMes
4820|CMB06-CRYO|LINB-CMB06-TT213:TempMes
4820|CMB06-CRYO|LINB-CMB06-TT214:ResMes
4820|CMB06-CRYO|LINB-CMB06-TT214:TempMes
4820|CMB06-CRYO|LINB-CMB06-TT215:ResMes
4820|CMB06-CRYO|LINB-CMB06-TT215:TempMes
4820|CMB06-CRYO|LINB-CMB06-TTCAV:ConsGlissante
4820|CMB06-CRYO|LINB-CMB06-VI01:State
4820|CMB06-CRYO|LINB-CMB06-VI02:State
4820|CMB06-CRYO|PLC-CRYO-CMB06:IsAlive
4820|CMB06-CRYO|TRIG-ARCH-CRYO-CMB06:LinacEnable.RVAL
4820|CMB07-CRYO|TRIG-ARCH-CRYO-CMB07:LinacEnable.RVAL
4820|CMB07-CRYO|LINB-CMB07-CH108:Cons
4820|CMB07-CRYO|LINB-CMB07-CH108:Val
4820|CMB07-CRYO|LINB-CMB07-CH109:Cons
4820|CMB07-CRYO|LINB-CMB07-CH109:Val
4820|CMB07-CRYO|LINB-CMB07-CH118:Cons
4820|CMB07-CRYO|LINB-CMB07-CH118:Val
4820|CMB07-CRYO|LINB-CMB07-CH119:Cons
4820|CMB07-CRYO|LINB-CMB07-CH119:Val
4820|CMB07-CRYO|LINB-CMB07-ETAT:IndicState
4820|CMB07-CRYO|LINB-CMB07-FCV001:ACons
4820|CMB07-CRYO|LINB-CMB07-FCV001:Cons
4820|CMB07-CRYO|LINB-CMB07-FCV001:CSlopeCons
4820|CMB07-CRYO|LINB-CMB07-FCV001:OpenAct
4820|CMB07-CRYO|LINB-CMB07-FCV001:OSlopeCons
4820|CMB07-CRYO|LINB-CMB07-FCV002:ACons
4820|CMB07-CRYO|LINB-CMB07-FCV002:Cons
4820|CMB07-CRYO|LINB-CMB07-FCV002:CSlopeCons
4820|CMB07-CRYO|LINB-CMB07-FCV002:DCons
4820|CMB07-CRYO|LINB-CMB07-FCV002:ICons
4820|CMB07-CRYO|LINB-CMB07-FCV002:OpenAct
4820|CMB07-CRYO|LINB-CMB07-FCV002:OSlopeCons
4820|CMB07-CRYO|LINB-CMB07-FCV002:PCons
4820|CMB07-CRYO|LINB-CMB07-FCV005:ACons
4820|CMB07-CRYO|LINB-CMB07-FCV005:Cons
4820|CMB07-CRYO|LINB-CMB07-FCV005:CSlopeCons
4820|CMB07-CRYO|LINB-CMB07-FCV005:DCons
4820|CMB07-CRYO|LINB-CMB07-FCV005:ICons
4820|CMB07-CRYO|LINB-CMB07-FCV005:OpenAct
4820|CMB07-CRYO|LINB-CMB07-FCV005:OSlopeCons
4820|CMB07-CRYO|LINB-CMB07-FCV005:PCons
4820|CMB07-CRYO|LINB-CMB07-FCV010:ACons
4820|CMB07-CRYO|LINB-CMB07-FCV010:Cons
4820|CMB07-CRYO|LINB-CMB07-FCV010:CSlopeCons
4820|CMB07-CRYO|LINB-CMB07-FCV010:DCons
4820|CMB07-CRYO|LINB-CMB07-FCV010:ICons
4820|CMB07-CRYO|LINB-CMB07-FCV010:OpenAct
4820|CMB07-CRYO|LINB-CMB07-FCV010:OSlopeCons
4820|CMB07-CRYO|LINB-CMB07-FCV010:PCons
4820|CMB07-CRYO|LINB-CMB07-FV005:ClosingCmd
4820|CMB07-CRYO|LINB-CMB07-FV005:Defect
4820|CMB07-CRYO|LINB-CMB07-FV005:OpeningCmd
4820|CMB07-CRYO|LINB-CMB07-FV005:State
4820|CMB07-CRYO|LINB-CMB07-FV010:ClosingCmd
4820|CMB07-CRYO|LINB-CMB07-FV010:Defect
4820|CMB07-CRYO|LINB-CMB07-FV010:OpeningCmd
4820|CMB07-CRYO|LINB-CMB07-FV010:State
4820|CMB07-CRYO|LINB-CMB07-FV011:ClosingCmd
4820|CMB07-CRYO|LINB-CMB07-FV011:Defect
4820|CMB07-CRYO|LINB-CMB07-FV011:OpeningCmd
4820|CMB07-CRYO|LINB-CMB07-FV011:State
4820|CMB07-CRYO|LINB-CMB07-FV020:ClosingCmd
4820|CMB07-CRYO|LINB-CMB07-FV020:Defect
4820|CMB07-CRYO|LINB-CMB07-FV020:OpeningCmd
4820|CMB07-CRYO|LINB-CMB07-FV020:State
4820|CMB07-CRYO|LINB-CMB07-FV120V:ClosingCmd
4820|CMB07-CRYO|LINB-CMB07-FV120V:Defect
4820|CMB07-CRYO|LINB-CMB07-FV120V:OpeningCmd
4820|CMB07-CRYO|LINB-CMB07-FV120V:State
4820|CMB07-CRYO|LINB-CMB07-LQ:Num
4820|CMB07-CRYO|LINB-CMB07-LT200:LevelMes
4820|CMB07-CRYO|LINB-CMB07-OBSCHARGE01:ChargeEstime
4820|CMB07-CRYO|LINB-CMB07-OBSCHARGE01:DebitEntree
4820|CMB07-CRYO|LINB-CMB07-OBSCHARGE01:DebitSortie
4820|CMB07-CRYO|LINB-CMB07-OBSCHARGE01:Densite
4820|CMB07-CRYO|LINB-CMB07-OBSCHARGE01:EnergieInterne
4820|CMB07-CRYO|LINB-CMB07-OBSCHARGE01:NumeroMatrice
4820|CMB07-CRYO|LINB-CMB07-OBSCHARGE02:ChargeEstime
4820|CMB07-CRYO|LINB-CMB07-OBSCHARGE02:DebitEntree
4820|CMB07-CRYO|LINB-CMB07-OBSCHARGE02:DebitSortie
4820|CMB07-CRYO|LINB-CMB07-OBSCHARGE02:Densite
4820|CMB07-CRYO|LINB-CMB07-OBSCHARGE02:EnergieInterne
4820|CMB07-CRYO|LINB-CMB07-OBSCHARGE02:NumeroMatrice
4820|CMB07-CRYO|LINB-CMB07-PLC:Qd_count_Cavite1
4820|CMB07-CRYO|LINB-CMB07-PLC:Qd_count_Cavite2
4820|CMB07-CRYO|LINB-CMB07-PT001:PMes
4820|CMB07-CRYO|LINB-CMB07-PT010:PMes
4820|CMB07-CRYO|LINB-CMB07-PT120:PMes
4820|CMB07-CRYO|LINB-CMB07-PTRES001:PTempMes
4820|CMB07-CRYO|LINB-CMB07-TT001:ResMes
4820|CMB07-CRYO|LINB-CMB07-TT001:TempMes
4820|CMB07-CRYO|LINB-CMB07-TT005:ResMes
4820|CMB07-CRYO|LINB-CMB07-TT005:TempMes
4820|CMB07-CRYO|LINB-CMB07-TT010:ResMes
4820|CMB07-CRYO|LINB-CMB07-TT010:TempMes
4820|CMB07-CRYO|LINB-CMB07-TT011:ResMes
4820|CMB07-CRYO|LINB-CMB07-TT011:TempMes
4820|CMB07-CRYO|LINB-CMB07-TT015:ResMes
4820|CMB07-CRYO|LINB-CMB07-TT015:TempMes
4820|CMB07-CRYO|LINB-CMB07-TT100:ResMes
4820|CMB07-CRYO|LINB-CMB07-TT100:TempMes
4820|CMB07-CRYO|LINB-CMB07-TT101:ResMes
4820|CMB07-CRYO|LINB-CMB07-TT101:TempMes
4820|CMB07-CRYO|LINB-CMB07-TT102:ResMes
4820|CMB07-CRYO|LINB-CMB07-TT102:TempMes
4820|CMB07-CRYO|LINB-CMB07-TT103:ResMes
4820|CMB07-CRYO|LINB-CMB07-TT103:TempMes
4820|CMB07-CRYO|LINB-CMB07-TT104:ResMes
4820|CMB07-CRYO|LINB-CMB07-TT104:TempMes
4820|CMB07-CRYO|LINB-CMB07-TT105:ResMes
4820|CMB07-CRYO|LINB-CMB07-TT105:TempMes
4820|CMB07-CRYO|LINB-CMB07-TT106:ResMes
4820|CMB07-CRYO|LINB-CMB07-TT106:TempMes
4820|CMB07-CRYO|LINB-CMB07-TT108:Defect
4820|CMB07-CRYO|LINB-CMB07-TT108:ResMes
4820|CMB07-CRYO|LINB-CMB07-TT108:TempMes
4820|CMB07-CRYO|LINB-CMB07-TT109N:Defect
4820|CMB07-CRYO|LINB-CMB07-TT109N:ResMes
4820|CMB07-CRYO|LINB-CMB07-TT109N:TempMes
4820|CMB07-CRYO|LINB-CMB07-TT109S:Defect
4820|CMB07-CRYO|LINB-CMB07-TT109S:ResMes
4820|CMB07-CRYO|LINB-CMB07-TT109S:TempMes
4820|CMB07-CRYO|LINB-CMB07-TT111:ResMes
4820|CMB07-CRYO|LINB-CMB07-TT111:TempMes
4820|CMB07-CRYO|LINB-CMB07-TT112:ResMes
4820|CMB07-CRYO|LINB-CMB07-TT112:TempMes
4820|CMB07-CRYO|LINB-CMB07-TT113:ResMes
4820|CMB07-CRYO|LINB-CMB07-TT113:TempMes
4820|CMB07-CRYO|LINB-CMB07-TT115:ResMes
4820|CMB07-CRYO|LINB-CMB07-TT115:TempMes
4820|CMB07-CRYO|LINB-CMB07-TT116:ResMes
4820|CMB07-CRYO|LINB-CMB07-TT116:TempMes
4820|CMB07-CRYO|LINB-CMB07-TT118:Defect
4820|CMB07-CRYO|LINB-CMB07-TT118:ResMes
4820|CMB07-CRYO|LINB-CMB07-TT118:TempMes
4820|CMB07-CRYO|LINB-CMB07-TT119N:Defect
4820|CMB07-CRYO|LINB-CMB07-TT119N:ResMes
4820|CMB07-CRYO|LINB-CMB07-TT119N:TempMes
4820|CMB07-CRYO|LINB-CMB07-TT119S:Defect
4820|CMB07-CRYO|LINB-CMB07-TT119S:ResMes
4820|CMB07-CRYO|LINB-CMB07-TT119S:TempMes
4820|CMB07-CRYO|LINB-CMB07-TT200:ResMes
4820|CMB07-CRYO|LINB-CMB07-TT200:TempMes
4820|CMB07-CRYO|LINB-CMB07-TT201:ResMes
4820|CMB07-CRYO|LINB-CMB07-TT201:TempMes
4820|CMB07-CRYO|LINB-CMB07-TT202:ResMes
4820|CMB07-CRYO|LINB-CMB07-TT202:TempMes
4820|CMB07-CRYO|LINB-CMB07-TT203:ResMes
4820|CMB07-CRYO|LINB-CMB07-TT203:TempMes
4820|CMB07-CRYO|LINB-CMB07-TT204:ResMes
4820|CMB07-CRYO|LINB-CMB07-TT204:TempMes
4820|CMB07-CRYO|LINB-CMB07-TT205:ResMes
4820|CMB07-CRYO|LINB-CMB07-TT205:TempMes
4820|CMB07-CRYO|LINB-CMB07-TT212:ResMes
4820|CMB07-CRYO|LINB-CMB07-TT212:TempMes
4820|CMB07-CRYO|LINB-CMB07-TT213:ResMes
4820|CMB07-CRYO|LINB-CMB07-TT213:TempMes
4820|CMB07-CRYO|LINB-CMB07-TT214:ResMes
4820|CMB07-CRYO|LINB-CMB07-TT214:TempMes
4820|CMB07-CRYO|LINB-CMB07-TT215:ResMes
4820|CMB07-CRYO|LINB-CMB07-TT215:TempMes
4820|CMB07-CRYO|LINB-CMB07-TTCAV:ConsGlissante
4820|CMB07-CRYO|LINB-CMB07-VI01:State
4820|CMB07-CRYO|LINB-CMB07-VI02:State
4820|CMB07-CRYO|PLC-CRYO-CMB07:IsAlive
4820|CMB07-CRYO|TRIG-ARCH-CRYO-CMB07:LinacEnable.RVAL
4820|Defaut|LINB-CMB01-FCV001:Defect
4820|Defaut|LINB-CMB01-FCV002:Defect
4820|Defaut|LINB-CMB01-FCV005:Defect
4820|Defaut|LINB-CMB01-FCV010:Defect
4820|Defaut|LINB-CMB01-LT200:Defect
4820|Defaut|LINB-CMB01-PT001:Defect
4820|Defaut|LINB-CMB01-PT010:Defect
4820|Defaut|LINB-CMB01-PT020:Defect
4820|Defaut|LINB-CMB01-PT120:Defect
4820|Defaut|LINB-CMB01-TT005:Defect
4820|Defaut|LINB-CMB01-TT011:Defect
4820|Defaut|LINB-CMB01-TT105:Defect
4820|Defaut|LINB-CMB01-TT115:Defect
4820|Defaut|LINB-CMB02-FCV001:Defect
4820|Defaut|LINB-CMB02-FCV002:Defect
4820|Defaut|LINB-CMB02-FCV005:Defect
4820|Defaut|LINB-CMB02-FCV010:Defect
4820|Defaut|LINB-CMB02-LT200:Defect
4820|Defaut|LINB-CMB02-PT001:Defect
4820|Defaut|LINB-CMB02-PT010:Defect
4820|Defaut|LINB-CMB02-PT020:Defect
4820|Defaut|LINB-CMB02-PT120:Defect
4820|Defaut|LINB-CMB02-TT005:Defect
4820|Defaut|LINB-CMB02-TT011:Defect
4820|Defaut|LINB-CMB02-TT105:Defect
4820|Defaut|LINB-CMB02-TT115:Defect
4820|Defaut|LINB-CMB03-FCV001:Defect
4820|Defaut|LINB-CMB03-FCV002:Defect
4820|Defaut|LINB-CMB03-FCV005:Defect
4820|Defaut|LINB-CMB03-FCV010:Defect
4820|Defaut|LINB-CMB03-LT200:Defect
4820|Defaut|LINB-CMB03-PT001:Defect
4820|Defaut|LINB-CMB03-PT010:Defect
4820|Defaut|LINB-CMB03-PT120:Defect
4820|Defaut|LINB-CMB03-TT005:Defect
4820|Defaut|LINB-CMB03-TT011:Defect
4820|Defaut|LINB-CMB03-TT105:Defect
4820|Defaut|LINB-CMB03-TT115:Defect
4820|Defaut|LINB-CMB04-FCV001:Defect
4820|Defaut|LINB-CMB04-FCV002:Defect
4820|Defaut|LINB-CMB04-FCV005:Defect
4820|Defaut|LINB-CMB04-FCV010:Defect
4820|Defaut|LINB-CMB04-LT200:Defect
4820|Defaut|LINB-CMB04-PT001:Defect
4820|Defaut|LINB-CMB04-PT010:Defect
4820|Defaut|LINB-CMB04-PT120:Defect
4820|Defaut|LINB-CMB04-TT005:Defect
4820|Defaut|LINB-CMB04-TT011:Defect
4820|Defaut|LINB-CMB04-TT105:Defect
4820|Defaut|LINB-CMB04-TT115:Defect
4820|Defaut|LINB-CMB05-FCV001:Defect
4820|Defaut|LINB-CMB05-FCV002:Defect
4820|Defaut|LINB-CMB05-FCV005:Defect
4820|Defaut|LINB-CMB05-FCV010:Defect
4820|Defaut|LINB-CMB05-LT200:Defect
4820|Defaut|LINB-CMB05-PT001:Defect
4820|Defaut|LINB-CMB05-PT010:Defect
4820|Defaut|LINB-CMB05-PT020:Defect
4820|Defaut|LINB-CMB05-PT120:Defect
4820|Defaut|LINB-CMB05-TT005:Defect
4820|Defaut|LINB-CMB05-TT011:Defect
4820|Defaut|LINB-CMB05-TT105:Defect
4820|Defaut|LINB-CMB05-TT115:Defect
4820|Defaut|LINB-CMB06-FCV001:Defect
4820|Defaut|LINB-CMB06-FCV002:Defect
4820|Defaut|LINB-CMB06-FCV005:Defect
4820|Defaut|LINB-CMB06-FCV010:Defect
4820|Defaut|LINB-CMB06-LT200:Defect
4820|Defaut|LINB-CMB06-PT001:Defect
4820|Defaut|LINB-CMB06-PT010:Defect
4820|Defaut|LINB-CMB06-PT120:Defect
4820|Defaut|LINB-CMB06-TT005:Defect
4820|Defaut|LINB-CMB06-TT011:Defect
4820|Defaut|LINB-CMB06-TT105:Defect
4820|Defaut|LINB-CMB06-TT115:Defect
4820|Defaut|LINB-CMB07-FCV001:Defect
4820|Defaut|LINB-CMB07-FCV002:Defect
4820|Defaut|LINB-CMB07-FCV005:Defect
4820|Defaut|LINB-CMB07-FCV010:Defect
4820|Defaut|LINB-CMB07-LT200:Defect
4820|Defaut|LINB-CMB07-PT001:Defect
4820|Defaut|LINB-CMB07-PT010:Defect
4820|Defaut|LINB-CMB07-PT020:Defect
4820|Defaut|LINB-CMB07-PT120:Defect
4820|Defaut|LINB-CMB07-TT005:Defect
4820|Defaut|LINB-CMB07-TT011:Defect
4820|Defaut|LINB-CMB07-TT105:Defect
4820|Defaut|LINB-CMB07-TT115:Defect
4820|LINB-CMB01-TACONIS|LINB-CMB01-TACONIS:Alrm
4820|LINB-CMB01-TACONIS|LINB-CMB01-TACONIS:Alrm
4820|LINB-CMB01-TACONIS|LINB-CMB01-TACONIS:AmplitudeFFT
4820|LINB-CMB01-TACONIS|LINB-CMB01-TACONIS:DeltaPression
4820|LINB-CMB01-TACONIS|LINB-CMB01-TACONIS:FreqFFT
4820|LINB-CMB01-TACONIS|LINB-CMB01-TACONIS:MaxPression
4820|LINB-CMB01-TACONIS|LINB-CMB01-TACONIS:MinPression
4820|LINB-CMB02-TACONIS|LINB-CMB02-TACONIS:Alrm
4820|LINB-CMB02-TACONIS|LINB-CMB02-TACONIS:Alrm
4820|LINB-CMB02-TACONIS|LINB-CMB02-TACONIS:AmplitudeFFT
4820|LINB-CMB02-TACONIS|LINB-CMB02-TACONIS:DeltaPression
4820|LINB-CMB02-TACONIS|LINB-CMB02-TACONIS:FreqFFT
4820|LINB-CMB02-TACONIS|LINB-CMB02-TACONIS:MaxPression
4820|LINB-CMB02-TACONIS|LINB-CMB02-TACONIS:MinPression
4820|LINB-CMB03-TACONIS|LINB-CMB03-TACONIS:Alrm
4820|LINB-CMB03-TACONIS|LINB-CMB03-TACONIS:Alrm
4820|LINB-CMB03-TACONIS|LINB-CMB03-TACONIS:AmplitudeFFT
4820|LINB-CMB03-TACONIS|LINB-CMB03-TACONIS:DeltaPression
4820|LINB-CMB03-TACONIS|LINB-CMB03-TACONIS:FreqFFT
4820|LINB-CMB03-TACONIS|LINB-CMB03-TACONIS:MaxPression
4820|LINB-CMB03-TACONIS|LINB-CMB03-TACONIS:MinPression
4820|LINB-CMB04-TACONIS|LINB-CMB04-TACONIS:Alrm
4820|LINB-CMB04-TACONIS|LINB-CMB04-TACONIS:Alrm
4820|LINB-CMB04-TACONIS|LINB-CMB04-TACONIS:AmplitudeFFT
4820|LINB-CMB04-TACONIS|LINB-CMB04-TACONIS:DeltaPression
4820|LINB-CMB04-TACONIS|LINB-CMB04-TACONIS:FreqFFT
4820|LINB-CMB04-TACONIS|LINB-CMB04-TACONIS:MaxPression
4820|LINB-CMB04-TACONIS|LINB-CMB04-TACONIS:MinPression
4820|LINB-CMB05-TACONIS|LINB-CMB05-TACONIS:Alrm
4820|LINB-CMB05-TACONIS|LINB-CMB05-TACONIS:Alrm
4820|LINB-CMB05-TACONIS|LINB-CMB05-TACONIS:AmplitudeFFT
4820|LINB-CMB05-TACONIS|LINB-CMB05-TACONIS:DeltaPression
4820|LINB-CMB05-TACONIS|LINB-CMB05-TACONIS:FreqFFT
4820|LINB-CMB05-TACONIS|LINB-CMB05-TACONIS:MaxPression
4820|LINB-CMB05-TACONIS|LINB-CMB05-TACONIS:MinPression
4820|LINB-CMB06-TACONIS|LINB-CMB06-TACONIS:Alrm
4820|LINB-CMB06-TACONIS|LINB-CMB06-TACONIS:Alrm
4820|LINB-CMB06-TACONIS|LINB-CMB06-TACONIS:AmplitudeFFT
4820|LINB-CMB06-TACONIS|LINB-CMB06-TACONIS:DeltaPression
4820|LINB-CMB06-TACONIS|LINB-CMB06-TACONIS:FreqFFT
4820|LINB-CMB06-TACONIS|LINB-CMB06-TACONIS:MaxPression
4820|LINB-CMB06-TACONIS|LINB-CMB06-TACONIS:MinPression
4820|LINB-CMB07-TACONIS|LINB-CMB07-TACONIS:Alrm
4820|LINB-CMB07-TACONIS|LINB-CMB07-TACONIS:Alrm
4820|LINB-CMB07-TACONIS|LINB-CMB07-TACONIS:AmplitudeFFT
4820|LINB-CMB07-TACONIS|LINB-CMB07-TACONIS:DeltaPression
4820|LINB-CMB07-TACONIS|LINB-CMB07-TACONIS:FreqFFT
4820|LINB-CMB07-TACONIS|LINB-CMB07-TACONIS:MaxPression
4820|LINB-CMB07-TACONIS|LINB-CMB07-TACONIS:MinPression
4821|Bilan Helium|BILAN-HE:BufferS3
4821|Bilan Helium|BILAN-HE:BufferSP2
4821|Bilan Helium|BILAN-HE:CadreA
4821|Bilan Helium|BILAN-HE:CadreB
4821|Bilan Helium|BILAN-HE:CadreC
4821|Bilan Helium|BILAN-HE:CadreD
4821|Bilan Helium|BILAN-HE:CMA01
4821|Bilan Helium|BILAN-HE:CMA02
4821|Bilan Helium|BILAN-HE:CMA03
4821|Bilan Helium|BILAN-HE:CMA04
4821|Bilan Helium|BILAN-HE:CMA05
4821|Bilan Helium|BILAN-HE:CMA06
4821|Bilan Helium|BILAN-HE:CMA07
4821|Bilan Helium|BILAN-HE:CMA08
4821|Bilan Helium|BILAN-HE:CMA09
4821|Bilan Helium|BILAN-HE:CMA10
4821|Bilan Helium|BILAN-HE:CMA11
4821|Bilan Helium|BILAN-HE:CMA12
4821|Bilan Helium|BILAN-HE:CMB01
4821|Bilan Helium|BILAN-HE:CMB02
4821|Bilan Helium|BILAN-HE:CMB03
4821|Bilan Helium|BILAN-HE:CMB04
4821|Bilan Helium|BILAN-HE:CMB05
4821|Bilan Helium|BILAN-HE:CMB06
4821|Bilan Helium|BILAN-HE:CMB07
4821|Bilan Helium|BILAN-HE:DewarS3
4821|Bilan Helium|BILAN-HE:DewarSP2
4821|Bilan Helium|BILAN-HE:Gasbag
4821|Bilan Helium|BILAN-HE:Impur
4821|Bilan Helium|BILAN-HE:Pur
4821|Bilan Helium|BILAN-HE:Total
4821|Circuit Azote -ARCHI|SP2-RCPGAZ-LT800:LevelMes
4821|Circuit Azote -ARCHI|SP2-RCPGAZ-PT800:PMes
4821|Circuit Azote -ARCHI|SP2-RCPGAZ-PT850:PMes
4821|Circuit Azote -ARCHI|SP2-RCPGAZ-PT855:PMes
4821|Circuit Azote -ARCHI|SP2-RCPGAZ-PT955A:PMes
4821|Circuit Azote -ARCHI|SP2-RCPGAZ-PT955B:PMes
4821|Defect|SP2-RCPGAZ-ANALIN:AeroDefect
4821|Defect|SP2-RCPGAZ-ANALIN:CnHmDefect
4821|Defect|SP2-RCPGAZ-ANALIN:Defect
4821|Defect|SP2-RCPGAZ-ANALIN:H2ODefect
4821|Defect|SP2-RCPGAZ-ANALIN:N2Defect
4821|Defect|SP2-RCPGAZ-ANASTD:Defect
4821|Defect|SP2-RCPGAZ-ANASTD:H2ODefect
4821|Defect|SP2-RCPGAZ-ANASTD:O2Defect
4821|Defect|SP2-RCPGAZ-COMPR:Defect
4821|Defect|SP2-RCPGAZ-FV410:Defect
4821|Defect|SP2-RCPGAZ-FV411:Defect
4821|Defect|SP2-RCPGAZ-FV412:Defect
4821|Defect|SP2-RCPGAZ-FV413:Defect
4821|Defect|SP2-RCPGAZ-FV420:Defect
4821|Defect|SP2-RCPGAZ-FV421:Defect
4821|Defect|SP2-RCPGAZ-FV422:Defect
4821|Defect|SP2-RCPGAZ-FV423:Defect
4821|Defect|SP2-RCPGAZ-FV430:Defect
4821|Defect|SP2-RCPGAZ-FV431:Defect
4821|Defect|SP2-RCPGAZ-FV432:Defect
4821|Defect|SP2-RCPGAZ-FV433:Defect
4821|Defect|SP2-RCPGAZ-FV440:Defect
4821|Defect|SP2-RCPGAZ-FV441:Defect
4821|Defect|SP2-RCPGAZ-FV442:Defect
4821|Defect|SP2-RCPGAZ-FV560:Defect
4821|Defect|SP2-RCPGAZ-FV561:Defect
4821|Defect|SP2-RCPGAZ-FV562:Defect
4821|Defect|SP2-RCPGAZ-FV563:Defect
4821|Defect|SP2-RCPGAZ-FV564:Defect
4821|Defect|SP2-RCPGAZ-FV570:Defect
4821|Defect|SP2-RCPGAZ-FV571:Defect
4821|Defect|SP2-RCPGAZ-FV572:Defect
4821|Defect|SP2-RCPGAZ-FV573:Defect
4821|Defect|SP2-RCPGAZ-FV574:Defect
4821|Defect|SP2-RCPGAZ-FV575:Defect
4821|Defect|SP2-RCPGAZ-FV576:Defect
4821|Defect|SP2-RCPGAZ-FV800:Defect
4821|Defect|SP2-RCPGAZ-FV810:Defect
4821|Defect|SP2-RCPGAZ-FV820:Defect
4821|Defect|SP2-RCPGAZ-FV851:Defect
4821|Defect|SP2-RCPGAZ-FV855:Defect
4821|Defect|SP2-RCPGAZ-LT700:Defect
4821|Defect|SP2-RCPGAZ-LT800:Defect
4821|Defect|SP2-RCPGAZ-PT350:Defect
4821|Defect|SP2-RCPGAZ-PT351:Defect
4821|Defect|SP2-RCPGAZ-PT410:Defect
4821|Defect|SP2-RCPGAZ-PT411:Defect
4821|Defect|SP2-RCPGAZ-PT412:Defect
4821|Defect|SP2-RCPGAZ-PT413:Defect
4821|Defect|SP2-RCPGAZ-PT420:Defect
4821|Defect|SP2-RCPGAZ-PT421:Defect
4821|Defect|SP2-RCPGAZ-PT422:Defect
4821|Defect|SP2-RCPGAZ-PT580:Defect
4821|Defect|SP2-RCPGAZ-PT581:Defect
4821|Defect|SP2-RCPGAZ-PT582:Defect
4821|Defect|SP2-RCPGAZ-PT700:Defect
4821|Defect|SP2-RCPGAZ-PT800:Defect
4821|Defect|SP2-RCPGAZ-PT850:Defect
4821|Defect|SP2-RCPGAZ-PT855:Defect
4821|Defect|SP2-RCPGAZ-PT955A:Defect
4821|Defect|SP2-RCPGAZ-PT955B:Defect
4821|Defect|SP2-RCPGAZ-SURPR-C511:Defect
4821|Defect|SP2-RCPGAZ-SURPR:Defect
4821|Manifold Analyse|SP2-RCPGAZ-ANALIN:AeroMes
4821|Manifold Analyse|SP2-RCPGAZ-ANALIN:CnHmMes
4821|Manifold Analyse|SP2-RCPGAZ-ANALIN:H2OMes
4821|Manifold Analyse|SP2-RCPGAZ-ANALIN:N2Mes
4821|Manifold Analyse|SP2-RCPGAZ-ANASTD:H2OMes
4821|Manifold Analyse|SP2-RCPGAZ-ANASTD:O2Mes
4821|Manifold Analyse|SP2-RCPGAZ-PT580:PMes
4821|Manifold Analyse|SP2-RCPGAZ-PT581:PMes
4821|Manifold Analyse|SP2-RCPGAZ-PT582:PMes
4821|Manifold HP -ARCHI|SP2-RCPGAZ-LT700:LevelMes
4821|Manifold HP -ARCHI|SP2-RCPGAZ-PT350:PMes
4821|Manifold HP -ARCHI|SP2-RCPGAZ-PT351:PMes
4821|Manifold HP -ARCHI|SP2-RCPGAZ-PT410:PMes
4821|Manifold HP -ARCHI|SP2-RCPGAZ-PT411:PMes
4821|Manifold HP -ARCHI|SP2-RCPGAZ-PT412:PMes
4821|Manifold HP -ARCHI|SP2-RCPGAZ-PT413:PMes
4821|Manifold HP -ARCHI|SP2-RCPGAZ-PT420:PMes
4821|Manifold HP -ARCHI|SP2-RCPGAZ-PT421:PMes
4821|Manifold HP -ARCHI|SP2-RCPGAZ-PT422:PMes
4821|Manifold HP -ARCHI|SP2-RCPGAZ-PT700:PMes
4821|Opening CMD|SP2-RCPGAZ-FV410:OpeningCmd
4821|Opening CMD|SP2-RCPGAZ-FV411:OpeningCmd
4821|Opening CMD|SP2-RCPGAZ-FV412:OpeningCmd
4821|Opening CMD|SP2-RCPGAZ-FV413:OpeningCmd
4821|Opening CMD|SP2-RCPGAZ-FV420:OpeningCmd
4821|Opening CMD|SP2-RCPGAZ-FV421:OpeningCmd
4821|Opening CMD|SP2-RCPGAZ-FV422:OpeningCmd
4821|Opening CMD|SP2-RCPGAZ-FV423:OpeningCmd
4821|Opening CMD|SP2-RCPGAZ-FV430:OpeningCmd
4821|Opening CMD|SP2-RCPGAZ-FV431:OpeningCmd
4821|Opening CMD|SP2-RCPGAZ-FV432:OpeningCmd
4821|Opening CMD|SP2-RCPGAZ-FV433:OpeningCmd
4821|Opening CMD|SP2-RCPGAZ-FV440:OpeningCmd
4821|Opening CMD|SP2-RCPGAZ-FV441:OpeningCmd
4821|Opening CMD|SP2-RCPGAZ-FV442:OpeningCmd
4821|Opening CMD|SP2-RCPGAZ-FV550:OpeningCmd
4821|Opening CMD|SP2-RCPGAZ-FV560:OpeningCmd
4821|Opening CMD|SP2-RCPGAZ-FV561:OpeningCmd
4821|Opening CMD|SP2-RCPGAZ-FV562:OpeningCmd
4821|Opening CMD|SP2-RCPGAZ-FV563:OpeningCmd
4821|Opening CMD|SP2-RCPGAZ-FV564:OpeningCmd
4821|Opening CMD|SP2-RCPGAZ-FV570:OpeningCmd
4821|Opening CMD|SP2-RCPGAZ-FV571:OpeningCmd
4821|Opening CMD|SP2-RCPGAZ-FV572:OpeningCmd
4821|Opening CMD|SP2-RCPGAZ-FV573:OpeningCmd
4821|Opening CMD|SP2-RCPGAZ-FV574:OpeningCmd
4821|Opening CMD|SP2-RCPGAZ-FV575:OpeningCmd
4821|Opening CMD|SP2-RCPGAZ-FV576:OpeningCmd
4821|Opening CMD|SP2-RCPGAZ-FV800:OpeningCmd
4821|Opening CMD|SP2-RCPGAZ-FV810:OpeningCmd
4821|Opening CMD|SP2-RCPGAZ-FV820:OpeningCmd
4821|Opening CMD|SP2-RCPGAZ-FV851:OpeningCmd
4821|Opening CMD|SP2-RCPGAZ-FV855:OpeningCmd
4821|Opening CMD|SP2-RCPGAZ-FV856:OpeningCmd
4821|State|SP2-RCPGAZ-COMPR:State
4821|State|SP2-RCPGAZ-FV410:State
4821|State|SP2-RCPGAZ-FV411:State
4821|State|SP2-RCPGAZ-FV412:State
4821|State|SP2-RCPGAZ-FV413:State
4821|State|SP2-RCPGAZ-FV420:State
4821|State|SP2-RCPGAZ-FV421:State
4821|State|SP2-RCPGAZ-FV422:State
4821|State|SP2-RCPGAZ-FV423:State
4821|State|SP2-RCPGAZ-FV430:State
4821|State|SP2-RCPGAZ-FV431:State
4821|State|SP2-RCPGAZ-FV432:State
4821|State|SP2-RCPGAZ-FV433:State
4821|State|SP2-RCPGAZ-FV440:State
4821|State|SP2-RCPGAZ-FV441:State
4821|State|SP2-RCPGAZ-FV442:State
4821|State|SP2-RCPGAZ-FV550:State
4821|State|SP2-RCPGAZ-FV560:State
4821|State|SP2-RCPGAZ-FV561:State
4821|State|SP2-RCPGAZ-FV562:State
4821|State|SP2-RCPGAZ-FV563:State
4821|State|SP2-RCPGAZ-FV564:State
4821|State|SP2-RCPGAZ-FV570:State
4821|State|SP2-RCPGAZ-FV571:State
4821|State|SP2-RCPGAZ-FV572:State
4821|State|SP2-RCPGAZ-FV573:State
4821|State|SP2-RCPGAZ-FV574:State
4821|State|SP2-RCPGAZ-FV575:State
4821|State|SP2-RCPGAZ-FV576:State
4821|State|SP2-RCPGAZ-FV800:State
4821|State|SP2-RCPGAZ-FV810:State
4821|State|SP2-RCPGAZ-FV820:State
4821|State|SP2-RCPGAZ-FV851:State
4821|State|SP2-RCPGAZ-FV855:State
4821|State|SP2-RCPGAZ-FV856:State
4821|State|SP2-RCPGAZ-SURPR-C511:State
4821|State|SP2-RCPGAZ-SURPR:State
4821|Temperatures|SP2-RCPGAZ-TT120:TempMes
4821|Temperatures|SP2-RCPGAZ-TT251A:TempMes
4821|Temperatures|SP2-RCPGAZ-TT251B:TempMes
4821|Temperatures|SP2-RCPGAZ-TT251S:TempMes
4821|Temperatures|SP2-RCPGAZ-TT503:TempMes
4821|Temperatures|SP2-RCPGAZ-TT504:TempMes
4821|Temperatures|SP2-RCPGAZ-TT950:TempMes
4822|SP2-BF|TRIG-ARCH-CRYO-BF:LiqueEnable.RVAL
4822|SP2-BF|SP2-BF-1PT302:PMes
4822|SP2-BF|SP2-BF-1PT350:PMes
4822|SP2-BF|SP2-BF-1PT354:PMes
4822|SP2-BF|SP2-BF-1PT358:PMes
4822|SP2-BF|SP2-BF-1ST350:FreqMes
4822|SP2-BF|SP2-BF-1TT354:TempMes
4822|SP2-BF|SP2-BF-1TT355:TempMes
4822|SP2-BF|SP2-BF-1TT450:TempMes
4822|SP2-BF|SP2-BF-1TT459:TempMes
4822|SP2-BF|SP2-BF-2PT302:PMes
4822|SP2-BF|SP2-BF-2PT350:PMes
4822|SP2-BF|SP2-BF-2PT354:PMes
4822|SP2-BF|SP2-BF-2PT358:PMes
4822|SP2-BF|SP2-BF-2PT359:PMes
4822|SP2-BF|SP2-BF-2ST350:FreqMes
4822|SP2-BF|SP2-BF-2TT354:TempMes
4822|SP2-BF|SP2-BF-2TT355:TempMes
4822|SP2-BF|SP2-BF-2TT450A:TempMes
4822|SP2-BF|SP2-BF-2TT450B:TempMes
4822|SP2-BF|SP2-BF-2TT459A:TempMes
4822|SP2-BF|SP2-BF-2TT459B:TempMes
4822|SP2-BF|SP2-BF-3PT350:PMes
4822|SP2-BF|SP2-BF-3PT354:PMes
4822|SP2-BF|SP2-BF-3PT356:PMes
4822|SP2-BF|SP2-BF-3PT358:PMes
4822|SP2-BF|SP2-BF-3PT359:PMes
4822|SP2-BF|SP2-BF-3ST350:FreqMes
4822|SP2-BF|SP2-BF-3TT354:TempMes
4822|SP2-BF|SP2-BF-3TT355:TempMes
4822|SP2-BF|SP2-BF-3TT450A:TempMes
4822|SP2-BF|SP2-BF-3TT450B:TempMes
4822|SP2-BF|SP2-BF-3TT459A:TempMes
4822|SP2-BF|SP2-BF-3TT459B:TempMes
4822|SP2-BF|SP2-BF-EV450:State
4822|SP2-BF|SP2-BF-EV453:State
4822|SP2-BF|SP2-BF-FCV410:OpenAct
4822|SP2-BF|SP2-BF-FCV425:OpenAct
4822|SP2-BF|SP2-BF-FCV429:OpenAct
4822|SP2-BF|SP2-BF-FCV430:OpenAct
4822|SP2-BF|SP2-BF-FCV450:OpenAct
4822|SP2-BF|SP2-BF-FCV453:OpenAct
4822|SP2-BF|SP2-BF-FCV455:OpenAct
4822|SP2-BF|SP2-BF-FCV465:OpenAct
4822|SP2-BF|SP2-BF-FCV469:OpenAct
4822|SP2-BF|SP2-BF-FCV470:OpenAct
4822|SP2-BF|SP2-BF-FCV481:OpenAct
4822|SP2-BF|SP2-BF-FCV482:OpenAct
4822|SP2-BF|SP2-BF-FCV483:OpenAct
4822|SP2-BF|SP2-BF-FCV601:OpenAct
4822|SP2-BF|SP2-BF-FCV602:OpenAct
4822|SP2-BF|SP2-BF-FV270:State
4822|SP2-BF|SP2-BF-FV300:State
4822|SP2-BF|SP2-BF-FV301:State
4822|SP2-BF|SP2-BF-FV309:State
4822|SP2-BF|SP2-BF-FV321:State
4822|SP2-BF|SP2-BF-FV325:State
4822|SP2-BF|SP2-BF-FV327:State
4822|SP2-BF|SP2-BF-FV331:State
4822|SP2-BF|SP2-BF-FV361:State
4822|SP2-BF|SP2-BF-FV362:State
4822|SP2-BF|SP2-BF-FV373:State
4822|SP2-BF|SP2-BF-FV383:State
4822|SP2-BF|SP2-BF-FV385:State
4822|SP2-BF|SP2-BF-FV386:State
4822|SP2-BF|SP2-BF-FV387:State
4822|SP2-BF|SP2-BF-FV389:State
4822|SP2-BF|SP2-BF-FV399:State
4822|SP2-BF|SP2-BF-FV420:State
4822|SP2-BF|SP2-BF-FV435:State
4822|SP2-BF|SP2-BF-FV439:State
4822|SP2-BF|SP2-BF-FV459:State
4822|SP2-BF|SP2-BF-FV530:State
4822|SP2-BF|SP2-BF-FV532:State
4822|SP2-BF|SP2-BF-FV539:State
4822|SP2-BF|SP2-BF-FV705:State
4822|SP2-BF|SP2-BF-FV706:State
4822|SP2-BF|SP2-BF-PT275:PMes
4822|SP2-BF|SP2-BF-PT290A:PMes
4822|SP2-BF|SP2-BF-PT355:PMes
4822|SP2-BF|SP2-BF-PT371:PMes
4822|SP2-BF|SP2-BF-PT374:PMes
4822|SP2-BF|SP2-BF-PT384:PMes
4822|SP2-BF|SP2-BF-QT536:TempMes
4822|SP2-BF|SP2-BF-STEP:G10
4822|SP2-BF|SP2-BF-STEP:G100
4822|SP2-BF|SP2-BF-STEP:G150
4822|SP2-BF|SP2-BF-STEP:G200
4822|SP2-BF|SP2-BF-STEP:G300
4822|SP2-BF|SP2-BF-STEP:G310
4822|SP2-BF|SP2-BF-STEP:G320
4822|SP2-BF|SP2-BF-STEP:G400
4822|SP2-BF|SP2-BF-STEP:G40_A
4822|SP2-BF|SP2-BF-STEP:G40_B
4822|SP2-BF|SP2-BF-STEP:G50
4822|SP2-BF|SP2-BF-STEP:G500
4822|SP2-BF|SP2-BF-STEP:G550
4822|SP2-BF|SP2-BF-STEP:G600_1
4822|SP2-BF|SP2-BF-STEP:G600_2
4822|SP2-BF|SP2-BF-STEP:G650_1
4822|SP2-BF|SP2-BF-STEP:G650_2
4822|SP2-BF|SP2-BF-STEP:G70
4822|SP2-BF|SP2-BF-STEP:G700
4822|SP2-BF|SP2-BF-STEP:G720
4822|SP2-BF|SP2-BF-STEP:G730
4822|SP2-BF|SP2-BF-STEP:G750
4822|SP2-BF|SP2-BF-STEP:G770
4822|SP2-BF|SP2-BF-STEP:G780_1
4822|SP2-BF|SP2-BF-STEP:G780_2
4822|SP2-BF|SP2-BF-STEP:G900
4822|SP2-BF|SP2-BF-STEP:G950
4822|SP2-BF|SP2-BF-TT319:TempMes
4822|SP2-BF|SP2-BF-TT325:TempMes
4822|SP2-BF|SP2-BF-TT401:TempMes
4822|SP2-BF|SP2-BF-TT420:TempMes
4822|SP2-BF|SP2-BF-TT424:TempMes
4822|SP2-BF|SP2-BF-TT430:TempMes
4822|SP2-BF|SP2-BF-TT439:TempMes
4822|SP2-BF|SP2-BF-TT460A:TempMes
4822|SP2-BF|SP2-BF-TT460B:TempMes
4822|SP2-BF|SP2-BF-TT481A:TempMes
4822|SP2-BF|SP2-BF-TT481B:TempMes
4822|SP2-BF|SP2-BF-TT482:TempMes
4822|SP2-BF|SP2-BF-TT483:TempMes
4822|SP2-BF|SP2-BF-TT489:TempMes
4822|SP2-BF|TRIG-ARCH-CRYO-BF:LiqueEnable.RVAL
4822|SP2-BF-ARCHI|SP2-BF-3PT302:PMes
4822|SP2-BF-ARCHI|SP2-BF-FCV440:OpenAct
4822|SP2-BF-ARCHI|SP2-BF-PT286A:PMes
4822|SP2-BF-ARCHI|SP2-BF-PT300:PMes
4822|SP2-BF-ARCHI|SP2-BF-PT320:PMes
4822|SP2-BF-ARCHI|SP2-BF-PT330:PMes
4822|SP2-BF-ARCHI|SP2-BF-PT331:PMes
4822|SP2-BF-ARCHI|SP2-BF-PT360:PMes
4822|SP2-BF-ARCHI|SP2-BF-PT3836:PMes
4822|SP2-BF-ARCHI|SP2-BF-PT383:PMes
4822|SP2-BF-COMP|TRIG-ARCH-CRYO-BFCOMP:LiqueEnable.RVAL
4822|SP2-BF-COMP|SP2-BFCOMP-1PT350:PMes
4822|SP2-BF-COMP|SP2-BFCOMP-1PT358:PMes
4822|SP2-BF-COMP|SP2-BFCOMP-2PT354:PMes
4822|SP2-BF-COMP|SP2-BFCOMP-3PT350:PMes
4822|SP2-BF-COMP|SP2-BFCOMP-3PT358:PMes
4822|SP2-BF-COMP|SP2-BFCOMP-C1:SpeedMes
4822|SP2-BF-COMP|SP2-BFCOMP-C1:SpeedSpare
4822|SP2-BF-COMP|SP2-BFCOMP-FT200A:VolMes
4822|SP2-BF-COMP|SP2-BFCOMP-FT200B:VolMes
4822|SP2-BF-COMP|SP2-BFCOMP-PCV275:OpenAct
4822|SP2-BF-COMP|SP2-BFCOMP-PCV276:OpenAct
4822|SP2-BF-COMP|SP2-BFCOMP-PCV280:OpenAct
4822|SP2-BF-COMP|SP2-BFCOMP-PCV289:OpenAct
4822|SP2-BF-COMP|SP2-BFCOMP-TT200A:TempMes
4822|SP2-BF-COMP|SP2-BFCOMP-TT200B:TempMes
4822|SP2-BF-COMP|SP2-BFCOMP-TT220A:TempMes
4822|SP2-BF-COMP|SP2-BFCOMP-TT220B:TempMes
4822|SP2-BF-COMP|TRIG-ARCH-CRYO-BFCOMP:LiqueEnable.RVAL
4822|SP2-BF-COMP-ARCHI|SP2-BFCOMP-3PT302:PMes
4822|SP2-BF-DEFECT|SP2-BF-DEWAR:LSH
4822|SP2-BF-DEFECT|SP2-BF-DEWAR:LSL
4822|SP2-BF-DEFECT|SP2-BF-DEWAR:PSH
4822|SP2-BF-DEFECT|SP2-BF-QT536:Defect
4822|SP2-BF-DEFECT|SP2-BF-T1:BearingPSL
4822|SP2-BF-DEFECT|SP2-BF-T1:BearingTSL
4822|SP2-BF-DEFECT|SP2-BF-T1:BrakePSH
4822|SP2-BF-DEFECT|SP2-BF-T1:BrakePSL
4822|SP2-BF-DEFECT|SP2-BF-T1:BrakeTSH
4822|SP2-BF-DEFECT|SP2-BF-T1:MaxSpeed
4822|SP2-BF-DEFECT|SP2-BF-T1:NoSpeed
4822|SP2-BF-DEFECT|SP2-BF-T1:WheelPSH
4822|SP2-BF-DEFECT|SP2-BF-T2:BearingPSL
4822|SP2-BF-DEFECT|SP2-BF-T2:BearingTSL
4822|SP2-BF-DEFECT|SP2-BF-T2:BrakePSH
4822|SP2-BF-DEFECT|SP2-BF-T2:BrakePSL
4822|SP2-BF-DEFECT|SP2-BF-T2:BrakeTSH
4822|SP2-BF-DEFECT|SP2-BF-T2:MaxSpeed
4822|SP2-BF-DEFECT|SP2-BF-T2:NoSpeed
4822|SP2-BF-DEFECT|SP2-BF-T2:OutletPSH
4822|SP2-BF-DEFECT|SP2-BF-T2:WheelPSH
4822|SP2-BF-DEFECT|SP2-BF-T3:BearingPSL
4822|SP2-BF-DEFECT|SP2-BF-T3:BearingTSL
4822|SP2-BF-DEFECT|SP2-BF-T3:BrakePSH
4822|SP2-BF-DEFECT|SP2-BF-T3:BrakePSL
4822|SP2-BF-DEFECT|SP2-BF-T3:BrakeTSH
4822|SP2-BF-DEFECT|SP2-BF-T3:MaxSpeed
4822|SP2-BF-DEFECT|SP2-BF-T3:NoSpeed
4822|SP2-BF-DEFECT|SP2-BF-T3:OutletPSH
4822|SP2-BF-DEFECT|SP2-BF-T3:OutletPSL
4822|SP2-BF-DEFECT|SP2-BF-T3:WheelPSH
4822|SP2-BF-DEFECT|SP2-BF-T3:ZSH459Lost
4822|SP2-BF-DEFECT|SP2-BF:AdsTimeout
4822|SP2-BF-DEFECT|SP2-BF:AirPSL
4822|SP2-BF-DEFECT|SP2-BF:BufferPSL
4822|SP2-BF-DEFECT|SP2-BF:EH425
4822|SP2-BF-DEFECT|SP2-BF:EH602
4822|SP2-BF-DEFECT|SP2-BF:ESD
4822|SP2-BF-DEFECT|SP2-BF:PowerDown
4822|SP2-BF-DEFECT|SP2-BF:Pumping
4822|SP2-BF-DEFECT|SP2-BF:QT536
4822|SP2-BF-DEFECT|SP2-BF:QT536Alarm
4822|SP2-BF-DEFECT|SP2-BF:QT536Stab
4822|SP2-BF-DEFECT|SP2-BF:Step15Def
4822|SP2-BF-DEFECT|SP2-BF:Step161Def
4822|SP2-BF-DEFECT|SP2-BF:Step208Def
4822|SP2-BF-DEFECT|SP2-BF:Step76Def
4822|SP2-BF-DEFECT|SP2-BF:T1T2Fault
4822|SP2-BF-DEFECT|SP2-BF:T1T2Sensor
4822|SP2-BF-DEFECT|SP2-BF:T3Fault
4822|SP2-BF-DEFECT|SP2-BF:T3Sensor
4822|SP2-BF-DEFECT|SP2-BF:TSH425
4822|SP2-BF-DEFECT|SP2-BF:UtilFault
4822|SP2-BF-DEFECT|SP2-BF:Vacuum
4822|SP2-BF-DEFECT|SP2-BF:VacuumP373
4822|SP2-BF-DEFECT|SP2-BF:VacuumPri
4822|SP2-BF-DEFECT|SP2-BF:VacuumSec
4822|SP2-BF-DEFECT|SP2-BF:WaterFSL
4822|SP2-BF-DEFECT|SP2-BFCOMP-C1:2LH210Def
4822|SP2-BF-DEFECT|SP2-BFCOMP-C1:Defect
4822|SP2-BF-DEFECT|SP2-BFCOMP-C1:ESDDef
4822|SP2-BF-DEFECT|SP2-BFCOMP-C1:Fault
4822|SP2-BF-DEFECT|SP2-BFCOMP-C1:InPSHDef
4822|SP2-BF-DEFECT|SP2-BFCOMP-C1:InPSLDef
4822|SP2-BF-DEFECT|SP2-BFCOMP-C1:OutPSHDef
4822|SP2-BF-DEFECT|SP2-BFCOMP-C1:OutTSHDef
4822|SP2-BF-DEFECT|SP2-BFCOMP-C1:StaHiDef
4822|SP2-BF-DEFECT|SP2-BFCOMP-C1:Start
4822|SP2-BF-DEFECT|SP2-BFCOMP-C1:Step49Def
4822|SP2-BF-DEFECT|SP2-BFCOMP-C2:2LSH210Def
4822|SP2-BF-DEFECT|SP2-BFCOMP-C2:ESDDef
4822|SP2-BF-DEFECT|SP2-BFCOMP-C2:Fault
4822|SP2-BF-DEFECT|SP2-BFCOMP-C2:OutTSHDef
4822|SP2-BF-DEFECT|SP2-BFCOMP-C2:Start
4822|SP2-BF-DEFECT|SP2-BFCOMP-C2:Step49Def
4822|SP2-BF-DEFECT|SP2-DEWAR-EH602:Defect
4822|SP2-BF-DEWAR|TRIG-ARCH-CRYO-BFDEWAR:LiqueEnable.RVAL
4822|SP2-BF-DEWAR|SP2-DEWAR-EH602:PwrMes
4822|SP2-BF-DEWAR|SP2-DEWAR-EH602:ValMes
4822|SP2-BF-DEWAR|SP2-DEWAR-TT606:TempMes
4822|SP2-BF-DEWAR|TRIG-ARCH-CRYO-BFDEWAR:LiqueEnable.RVAL
4822|SP2-BF-DEWAR-ARCHI|SP2-DEWAR-LT607:LevelMes
4822|SP2-BF-DEWAR-ARCHI|SP2-DEWAR-PT612:PMes
